typeCode,freqCode,refPeriodId,refYear,refMonth,period,reporterCode,reporterISO,reporterDesc,flowCode,flowDesc,partnerCode,partnerISO,partnerDesc,partner2Code,partner2ISO,partner2Desc,classificationCode,classificationSearchCode,isOriginalClassification,cmdCode,cmdDesc,aggrLevel,isLeaf,customsCode,customsDesc,mosCode,motCode,motDesc,qtyUnitCode,qtyUnitAbbr,qty,isQtyEstimated,altQtyUnitCode,altQtyUnitAbbr,altQty,isAltQtyEstimated,netWgt,isNetWgtEstimated,grossWgt,isGrossWgtEstimated,cifvalue,fobvalue,primaryValue,legacyEstimationFlag,isReported,isAggregate
"C","A","19900101","1990","52","1990","36","AUS","Australia","X","Export","0","W00","World","0","W00","World","GG","GG","true","-2","ALL","0","false","C00","TOTAL CPC","0","0","TOTAL MOT","-1","n/a",,"false","-1","n/a",,"true","554735647876","false",,"false",,"154701955522","154701955522","0","false","false",
"C","A","19900101","1990","52","1990","50","BGD","Bangladesh","X","Export","0","W00","World","0","W00","World","GG","GG","true","-2","ALL","0","false","C00","TOTAL CPC","0","0","TOTAL MOT","-1","n/a",,"false","-1","n/a",,"true","2421268586","false",,"false",,"6225761624","6225761624","0","false","false",
"C","A","19900101","1990","52","1990","76","BRA","Brazil","X","Export","0","W00","World","0","W00","World","GG","GG","true","-2","ALL","0","false","C00","TOTAL CPC","0","0","TOTAL MOT","-1","n/a",,"false","-1","n/a",,"true","336171255438","false",,"false",,"125645029782","125645029782","0","false","false",
"C","A","19900101","1990","52","1990","124","CAN","Canada","X","Export","0","W00","World","0","W00","World","GG","GG","true","-2","ALL","0","false","C00","TOTAL CPC","0","0","TOTAL MOT","-1","n/a",,"false","-1","n/a",,"true","800591205444","false",,"false",,"507597559028","507597559028","0","false","false",
"C","A","19900101","1990","52","1990","144","LKA","Sri Lanka","X","Export","0","W00","World","0","W00","World","GG","GG","true","-2","ALL","0","false","C00","TOTAL CPC","0","0","TOTAL MOT","-1","n/a",,"false","-1","n/a",,"true","1524950346","false",,"false",,"7650400435","7650400435","0","false","false",
"C","A","19900101","1990","52","1990","152","CHL","Chile","X","Export","0","W00","World","0","W00","World","GG","GG","true","-2","ALL","0","false","C00","TOTAL CPC","0","0","TOTAL MOT","-1","n/a",,"false","-1","n/a",,"true",,"false",,"false",,"34088095060","34088095060","0","false","false",
"C","A","19900101","1990","52","1990","196","CYP","Cyprus","X","Export","0","W00","World","0","W00","World","GG","GG","true","-2","ALL","0","false","C00","TOTAL CPC","0","0","TOTAL MOT","-1","n/a",,"false","-1","n/a",,"true","2429935819","false",,"false",,"3796882381","3796882381","0","false","false",
"C","A","19900101","1990","52","1990","208","DNK","Denmark","X","Export","0","W00","World","0","W00","World","GG","GG","true","-2","ALL","0","false","C00","TOTAL CPC","0","0","TOTAL MOT","-1","n/a",,"false","-1","n/a",,"true","48334870033","false",,"false",,"139371189838","139371189838","0","false","false",
"C","A","19900101","1990","52","1990","246","FIN","Finland","X","Export","0","W00","World","0","W00","World","GG","GG","true","-2","ALL","0","false","C00","TOTAL CPC","0","0","TOTAL MOT","-1","n/a",,"false","-1","n/a",,"true","37335827027","false",,"false",,"106599958119","106599958119","0","false","false",
"C","A","19900101","1990","52","1990","280","DEU","Fed. Rep. of Germany (...1990)","X","Export","0","W00","World","0","W00","World","GG","GG","true","-2","ALL","0","false","C00","TOTAL CPC","0","0","TOTAL MOT","-1","n/a",,"false","-1","n/a",,"true","394677185875","false",,"false",,"1587990498384","1587990498384","0","false","false",
"C","A","19900101","1990","52","1990","300","GRC","Greece","X","Export","0","W00","World","0","W00","World","GG","GG","true","-2","ALL","0","false","C00","TOTAL CPC","0","0","TOTAL MOT","-1","n/a",,"false","-1","n/a",,"true","45238304565","false",,"false",,"32238600811","32238600811","0","false","false",
"C","A","19900101","1990","52","1990","332","HTI","Haiti","X","Export","0","W00","World","0","W00","World","GG","GG","true","-2","ALL","0","false","C00","TOTAL CPC","0","0","TOTAL MOT","-1","n/a",,"false","-1","n/a",,"true","106131760","false",,"false",,"684435574","684435574","0","false","false",
"C","A","19900101","1990","52","1990","352","ISL","Iceland","X","Export","0","W00","World","0","W00","World","GG","GG","true","-2","ALL","0","false","C00","TOTAL CPC","0","0","TOTAL MOT","-1","n/a",,"false","-1","n/a",,"false","1732210971","false",,"false",,"6345553839","6345553839","0","true","false",
"C","A","19900101","1990","52","1990","360","IDN","Indonesia","X","Export","0","W00","World","0","W00","World","GG","GG","true","-2","ALL","0","false","C00","TOTAL CPC","0","0","TOTAL MOT","-1","n/a",,"false","-1","n/a",,"false","215127440312","false",,"false",,"102701291881","102701291881","0","true","false",
"C","A","19900101","1990","52","1990","392","JPN","Japan","X","Export","0","W00","World","0","W00","World","GG","GG","true","-2","ALL","0","false","C00","TOTAL CPC","0","0","TOTAL MOT","-1","n/a",,"false","-1","n/a",,"false","135560327900","false",,"false",,"1147789795200","1147789795200","0","true","false",
"C","A","19900101","1990","52","1990","410","KOR","Rep. of Korea","X","Export","0","W00","World","0","W00","World","GG","GG","true","-2","ALL","0","false","C00","TOTAL CPC","0","0","TOTAL MOT","-1","n/a",,"false","-1","n/a",,"false","82743391727","false",,"false",,"260062719255","260062719255","0","true","false",
"C","A","19900101","1990","52","1990","450","MDG","Madagascar","X","Export","0","W00","World","0","W00","World","GG","GG","true","-2","ALL","0","false","C00","TOTAL CPC","0","0","TOTAL MOT","-1","n/a",,"false","-1","n/a",,"false","671949960","false",,"false",,"1169683981","1169683981","0","true","false",
"C","A","19900101","1990","52","1990","454","MWI","Malawi","X","Export","0","W00","World","0","W00","World","GG","GG","true","-2","ALL","0","false","C00","TOTAL CPC","0","0","TOTAL MOT","-1","n/a",,"false","-1","n/a",,"false","507293513","false",,"false",,"1646244438","1646244438","0","true","false",
"C","A","19900101","1990","52","1990","458","MYS","Malaysia","X","Export","0","W00","World","0","W00","World","GG","GG","true","-2","ALL","0","false","C00","TOTAL CPC","0","0","TOTAL MOT","-1","n/a",,"false","-1","n/a",,"false","136490685887","false",,"false",,"117812834788","117812834788","0","true","false",
"C","A","19900101","1990","52","1990","484","MEX","Mexico","X","Export","0","W00","World","0","W00","World","GG","GG","true","-2","ALL","0","false","C00","TOTAL CPC","0","0","TOTAL MOT","-1","n/a",,"false","-1","n/a",,"false","200554998817","false",,"false",,"105378662479","105378662479","0","true","false",
"C","A","19900101","1990","52","1990","512","OMN","Oman","X","Export","0","W00","World","0","W00","World","GG","GG","true","-2","ALL","0","false","C00","TOTAL CPC","0","0","TOTAL MOT","-1","n/a",,"false","-1","n/a",,"false","885930218","false",,"false",,"22017675571","22017675571","0","true","false",
"C","A","19900101","1990","52","1990","554","NZL","New Zealand","X","Export","0","W00","World","0","W00","World","GG","GG","true","-2","ALL","0","false","C00","TOTAL CPC","0","0","TOTAL MOT","-1","n/a",,"false","-1","n/a",,"false","21169979123","false",,"false",,"37879428752","37879428752","0","true","false",
"C","A","19900101","1990","52","1990","600","PRY","Paraguay","X","Export","0","W00","World","0","W00","World","GG","GG","true","-2","ALL","0","false","C00","TOTAL CPC","0","0","TOTAL MOT","-1","n/a",,"false","-1","n/a",,"false","5523386259","false",,"false",,"3834722076","3834722076","0","true","false",
"C","A","19900101","1990","52","1990","620","PRT","Portugal","X","Export","0","W00","World","0","W00","World","GG","GG","true","-2","ALL","0","false","C00","TOTAL CPC","0","0","TOTAL MOT","-1","n/a",,"false","-1","n/a",,"false","24921546474","false",,"false",,"65703529476","65703529476","0","true","false",
"C","A","19900101","1990","52","1990","642","ROU","Romania","X","Export","0","W00","World","0","W00","World","GG","GG","true","-2","ALL","0","false","C00","TOTAL CPC","0","0","TOTAL MOT","-1","n/a",,"false","-1","n/a",,"false","24936380131","false",,"false",,"23389560264","23389560264","0","true","false",
"C","A","19900101","1990","52","1990","699","IND","India","X","Export","0","W00","World","0","W00","World","GG","GG","true","-2","ALL","0","false","C00","TOTAL CPC","0","0","TOTAL MOT","-1","n/a",,"false","-1","n/a",,"false","88409305761","false",,"false",,"71760731696","71760731696","0","true","false",
"C","A","19900101","1990","52","1990","702","SGP","Singapore","X","Export","0","W00","World","0","W00","World","GG","GG","true","-2","ALL","0","false","C00","TOTAL CPC","0","0","TOTAL MOT","-1","n/a",,"false","-1","n/a",,"false","114389369224","false",,"false",,"210863572398","210863572398","0","true","false",
"C","A","19900101","1990","52","1990","724","ESP","Spain","X","Export","0","W00","World","0","W00","World","GG","GG","true","-2","ALL","0","false","C00","TOTAL CPC","0","0","TOTAL MOT","-1","n/a",,"false","-1","n/a",,"false","121484580165","false",,"false",,"222528916932","222528916932","0","true","false",
"C","A","19900101","1990","52","1990","757","CHE","Switzerland","X","Export","0","W00","World","0","W00","World","GG","GG","true","-2","ALL","0","false","C00","TOTAL CPC","0","0","TOTAL MOT","-1","n/a",,"false","-1","n/a",,"false","15347854465","false",,"false",,"255175227829","255175227829","0","true","false",
"C","A","19900101","1990","52","1990","764","THA","Thailand","X","Export","0","W00","World","0","W00","World","GG","GG","true","-2","ALL","0","false","C00","TOTAL CPC","0","0","TOTAL MOT","-1","n/a",,"false","-1","n/a",,"false","72498910819","false",,"false",,"92274874852","92274874852","0","true","false",
"C","A","19900101","1990","52","1990","792","TUR","Türkiye","X","Export","0","W00","World","0","W00","World","GG","GG","true","-2","ALL","0","false","C00","TOTAL CPC","0","0","TOTAL MOT","-1","n/a",,"false","-1","n/a",,"false","35970097486","false",,"false",,"51837527180","51837527180","0","true","false",
"C","A","19910101","1991","52","1991","36","AUS","Australia","X","Export","0","W00","World","0","W00","World","GG","GG","true","-2","ALL","0","false","C00","TOTAL CPC","0","0","TOTAL MOT","-1","n/a",,"false","-1","n/a",,"false","618059595792","false",,"false",,"162370121238","162370121238","0","true","false",
"C","A","19910101","1991","52","1991","50","BGD","Bangladesh","X","Export","0","W00","World","0","W00","World","GG","GG","true","-2","ALL","0","false","C00","TOTAL CPC","0","0","TOTAL MOT","-1","n/a",,"false","-1","n/a",,"false","1971248480","false",,"false",,"6760827568","6760827568","0","true","false",
"C","A","19910101","1991","52","1991","76","BRA","Brazil","X","Export","0","W00","World","0","W00","World","GG","GG","true","-2","ALL","0","false","C00","TOTAL CPC","0","0","TOTAL MOT","-1","n/a",,"false","-1","n/a",,"false","333830461343","false",,"false",,"126484478038","126484478038","0","true","false",
"C","A","19910101","1991","52","1991","124","CAN","Canada","X","Export","0","W00","World","0","W00","World","GG","GG","true","-2","ALL","0","false","C00","TOTAL CPC","0","0","TOTAL MOT","-1","n/a",,"false","-1","n/a",,"false","676665394095","false",,"false",,"507135426276","507135426276","0","true","false",
"C","A","19910101","1991","52","1991","144","LKA","Sri Lanka","X","Export","0","W00","World","0","W00","World","GG","GG","true","-2","ALL","0","false","C00","TOTAL CPC","0","0","TOTAL MOT","-1","n/a",,"false","-1","n/a",,"false","1423545730","false",,"false",,"7948901140","7948901140","0","true","false",
"C","A","19910101","1991","52","1991","152","CHL","Chile","X","Export","0","W00","World","0","W00","World","GG","GG","true","-2","ALL","0","false","C00","TOTAL CPC","0","0","TOTAL MOT","-1","n/a",,"false","-1","n/a",,"false","42336018326","false",,"false",,"35840249138","35840249138","0","true","false",
"C","A","19910101","1991","52","1991","170","COL","Colombia","X","Export","0","W00","World","0","W00","World","GG","GG","true","-2","ALL","0","false","C00","TOTAL CPC","0","0","TOTAL MOT","-1","n/a",,"false","-1","n/a",,"false","69617935543","false",,"false",,"29008288429","29008288429","0","true","false",
"C","A","19910101","1991","52","1991","196","CYP","Cyprus","X","Export","0","W00","World","0","W00","World","GG","GG","true","-2","ALL","0","false","C00","TOTAL CPC","0","0","TOTAL MOT","-1","n/a",,"false","-1","n/a",,"false","2346906971","false",,"false",,"3807218225","3807218225","0","true","false",
"C","A","19910101","1991","52","1991","208","DNK","Denmark","X","Export","0","W00","World","0","W00","World","GG","GG","true","-2","ALL","0","false","C00","TOTAL CPC","0","0","TOTAL MOT","-1","n/a",,"false","-1","n/a",,"false","53650490186","false",,"false",,"142852223413","142852223413","0","true","false",
"C","A","19910101","1991","52","1991","218","ECU","Ecuador","X","Export","0","W00","World","0","W00","World","GG","GG","true","-2","ALL","0","false","C00","TOTAL CPC","0","0","TOTAL MOT","-1","n/a",,"false","-1","n/a",,"false","6465642041","false",,"false",,"11405596778","11405596778","0","true","false",
"C","A","19910101","1991","52","1991","246","FIN","Finland","X","Export","0","W00","World","0","W00","World","GG","GG","true","-2","ALL","0","false","C00","TOTAL CPC","0","0","TOTAL MOT","-1","n/a",,"false","-1","n/a",,"false","40595449477","false",,"false",,"92068781654","92068781654","0","true","false",
"C","A","19910101","1991","52","1991","276","DEU","Germany","X","Export","0","W00","World","0","W00","World","GG","GG","true","-2","ALL","0","false","C00","TOTAL CPC","0","0","TOTAL MOT","-1","n/a",,"false","-1","n/a",,"false","418766787229","false",,"false",,"1604034582000","1604034582000","0","true","false",
"C","A","19910101","1991","52","1991","332","HTI","Haiti","X","Export","0","W00","World","0","W00","World","GG","GG","true","-2","ALL","0","false","C00","TOTAL CPC","0","0","TOTAL MOT","-1","n/a",,"false","-1","n/a",,"false","156950152","false",,"false",,"750550124","750550124","0","true","false",
"C","A","19910101","1991","52","1991","352","ISL","Iceland","X","Export","0","W00","World","0","W00","World","GG","GG","true","-2","ALL","0","false","C00","TOTAL CPC","0","0","TOTAL MOT","-1","n/a",,"false","-1","n/a",,"false","1430913519","false",,"false",,"6285801081","6285801081","0","true","false",
"C","A","19910101","1991","52","1991","360","IDN","Indonesia","X","Export","0","W00","World","0","W00","World","GG","GG","true","-2","ALL","0","false","C00","TOTAL CPC","0","0","TOTAL MOT","-1","n/a",,"false","-1","n/a",,"false","230937421902","false",,"false",,"116569439671","116569439671","0","true","false",
"C","A","19910101","1991","52","1991","388","JAM","Jamaica","X","Export","0","W00","World","0","W00","World","GG","GG","true","-2","ALL","0","false","C00","TOTAL CPC","0","0","TOTAL MOT","-1","n/a",,"false","-1","n/a",,"false","10276016552","false",,"false",,"4602904937","4602904937","0","true","false",
"C","A","19910101","1991","52","1991","392","JPN","Japan","X","Export","0","W00","World","0","W00","World","GG","GG","true","-2","ALL","0","false","C00","TOTAL CPC","0","0","TOTAL MOT","-1","n/a",,"false","-1","n/a",,"false","144702648344","false",,"false",,"1258101566468","1258101566468","0","true","false",
"C","A","19910101","1991","52","1991","410","KOR","Rep. of Korea","X","Export","0","W00","World","0","W00","World","GG","GG","true","-2","ALL","0","false","C00","TOTAL CPC","0","0","TOTAL MOT","-1","n/a",,"false","-1","n/a",,"false","94094930858","false",,"false",,"287479853112","287479853112","0","true","false",
"C","A","19910101","1991","52","1991","446","MAC","China, Macao SAR","X","Export","0","W00","World","0","W00","World","GG","GG","true","-2","ALL","0","false","C00","TOTAL CPC","0","0","TOTAL MOT","-1","n/a",,"false","-1","n/a",,"false","1228770223","false",,"false",,"6755808137","6755808137","0","true","false",
"C","A","19910101","1991","52","1991","450","MDG","Madagascar","X","Export","0","W00","World","0","W00","World","GG","GG","true","-2","ALL","0","false","C00","TOTAL CPC","0","0","TOTAL MOT","-1","n/a",,"false","-1","n/a",,"false","749150937","false",,"false",,"1181511190","1181511190","0","true","false",
"C","A","19910101","1991","52","1991","454","MWI","Malawi","X","Export","0","W00","World","0","W00","World","GG","GG","true","-2","ALL","0","false","C00","TOTAL CPC","0","0","TOTAL MOT","-1","n/a",,"false","-1","n/a",,"false","507530995","false",,"false",,"1931943177","1931943177","0","true","false",
"C","A","19910101","1991","52","1991","458","MYS","Malaysia","X","Export","0","W00","World","0","W00","World","GG","GG","true","-2","ALL","0","false","C00","TOTAL CPC","0","0","TOTAL MOT","-1","n/a",,"false","-1","n/a",,"false","136493153847","false",,"false",,"137391021720","137391021720","0","true","false",
"C","A","19910101","1991","52","1991","484","MEX","Mexico","X","Export","0","W00","World","0","W00","World","GG","GG","true","-2","ALL","0","false","C00","TOTAL CPC","0","0","TOTAL MOT","-1","n/a",,"false","-1","n/a",,"false","228329417873","false",,"false",,"107826822294","107826822294","0","true","false",
"C","A","19910101","1991","52","1991","512","OMN","Oman","X","Export","0","W00","World","0","W00","World","GG","GG","true","-2","ALL","0","false","C00","TOTAL CPC","0","0","TOTAL MOT","-1","n/a",,"false","-1","n/a",,"false","1109764895","false",,"false",,"19494029993","19494029993","0","true","false",
"C","A","19910101","1991","52","1991","554","NZL","New Zealand","X","Export","0","W00","World","0","W00","World","GG","GG","true","-2","ALL","0","false","C00","TOTAL CPC","0","0","TOTAL MOT","-1","n/a",,"false","-1","n/a",,"false","23931656576","false",,"false",,"38982107280","38982107280","0","true","false",
"C","A","19910101","1991","52","1991","600","PRY","Paraguay","X","Export","0","W00","World","0","W00","World","GG","GG","true","-2","ALL","0","false","C00","TOTAL CPC","0","0","TOTAL MOT","-1","n/a",,"false","-1","n/a",,"false","4219388154","false",,"false",,"2948162273","2948162273","0","true","false",
"C","A","19910101","1991","52","1991","620","PRT","Portugal","X","Export","0","W00","World","0","W00","World","GG","GG","true","-2","ALL","0","false","C00","TOTAL CPC","0","0","TOTAL MOT","-1","n/a",,"false","-1","n/a",,"false","23791208851","false",,"false",,"65385856425","65385856425","0","true","false",
"C","A","19910101","1991","52","1991","642","ROU","Romania","X","Export","0","W00","World","0","W00","World","GG","GG","true","-2","ALL","0","false","C00","TOTAL CPC","0","0","TOTAL MOT","-1","n/a",,"false","-1","n/a",,"false","17958490375","false",,"false",,"16993424342","16993424342","0","true","false",
"C","A","19910101","1991","52","1991","682","SAU","Saudi Arabia","X","Export","0","W00","World","0","W00","World","GG","GG","true","-2","ALL","0","false","C00","TOTAL CPC","0","0","TOTAL MOT","-1","n/a",,"false","-1","n/a",,"false","740817448132","false",,"false",,"190053067239","190053067239","0","true","false",
"C","A","19910101","1991","52","1991","699","IND","India","X","Export","0","W00","World","0","W00","World","GG","GG","true","-2","ALL","0","false","C00","TOTAL CPC","0","0","TOTAL MOT","-1","n/a",,"false","-1","n/a",,"false","84914451043","false",,"false",,"71599549384","71599549384","0","true","false",
"C","A","19910101","1991","52","1991","702","SGP","Singapore","X","Export","0","W00","World","0","W00","World","GG","GG","true","-2","ALL","0","false","C00","TOTAL CPC","0","0","TOTAL MOT","-1","n/a",,"false","-1","n/a",,"false","117042299599","false",,"false",,"235813263425","235813263425","0","true","false",
"C","A","19910101","1991","52","1991","724","ESP","Spain","X","Export","0","W00","World","0","W00","World","GG","GG","true","-2","ALL","0","false","C00","TOTAL CPC","0","0","TOTAL MOT","-1","n/a",,"false","-1","n/a",,"false","122157408375","false",,"false",,"240739667787","240739667787","0","true","false",
"C","A","19910101","1991","52","1991","757","CHE","Switzerland","X","Export","0","W00","World","0","W00","World","GG","GG","true","-2","ALL","0","false","C00","TOTAL CPC","0","0","TOTAL MOT","-1","n/a",,"false","-1","n/a",,"false","16963006896","false",,"false",,"246126907378","246126907378","0","true","false",
"C","A","19910101","1991","52","1991","764","THA","Thailand","X","Export","0","W00","World","0","W00","World","GG","GG","true","-2","ALL","0","false","C00","TOTAL CPC","0","0","TOTAL MOT","-1","n/a",,"false","-1","n/a",,"false","73104868788","false",,"false",,"113683470120","113683470120","0","true","false",
"C","A","19910101","1991","52","1991","780","TTO","Trinidad and Tobago","X","Export","0","W00","World","0","W00","World","GG","GG","true","-2","ALL","0","false","C00","TOTAL CPC","0","0","TOTAL MOT","-1","n/a",,"false","-1","n/a",,"false","25925281493","false",,"false",,"7934038020","7934038020","0","true","false",
"C","A","19910101","1991","52","1991","784","ARE","United Arab Emirates","X","Export","0","W00","World","0","W00","World","GG","GG","true","-2","ALL","0","false","C00","TOTAL CPC","0","0","TOTAL MOT","-1","n/a",,"false","-1","n/a",,"false","857751082","false",,"false",,"1942359501","1942359501","0","true","false",
"C","A","19910101","1991","52","1991","788","TUN","Tunisia","X","Export","0","W00","World","0","W00","World","GG","GG","true","-2","ALL","0","false","C00","TOTAL CPC","0","0","TOTAL MOT","-1","n/a",,"false","-1","n/a",,"false","17834199296","false",,"false",,"14797995266","14797995266","0","true","false",
"C","A","19910101","1991","52","1991","792","TUR","Türkiye","X","Export","0","W00","World","0","W00","World","GG","GG","true","-2","ALL","0","false","C00","TOTAL CPC","0","0","TOTAL MOT","-1","n/a",,"false","-1","n/a",,"false","45990180506","false",,"false",,"54373784436","54373784436","0","true","false",
"C","A","19910101","1991","52","1991","842","USA","USA","X","Export","0","W00","World","0","W00","World","GG","GG","true","-2","ALL","0","false","C00","TOTAL CPC","0","0","TOTAL MOT","-1","n/a",,"false","-1","n/a",,"false","790502905679","false",,"false",,"1686221664032","1686221664032","0","true","false",
"C","A","19920101","1992","52","1992","12","DZA","Algeria","X","Export","0","W00","World","0","W00","World","GG","GG","true","-2","ALL","0","false","C00","TOTAL CPC","0","0","TOTAL MOT","-1","n/a",,"false","-1","n/a",,"false","139253615038","false",,"false",,"44547208308","44547208308","0","true","false",
"C","A","19920101","1992","52","1992","36","AUS","Australia","X","Export","0","W00","World","0","W00","World","GG","GG","true","-2","ALL","0","false","C00","TOTAL CPC","0","0","TOTAL MOT","-1","n/a",,"false","-1","n/a",,"false","614430233700","false",,"false",,"167646504082","167646504082","0","true","false",
"C","A","19920101","1992","52","1992","50","BGD","Bangladesh","X","Export","0","W00","World","0","W00","World","GG","GG","true","-2","ALL","0","false","C00","TOTAL CPC","0","0","TOTAL MOT","-1","n/a",,"false","-1","n/a",,"false","2076349125","false",,"false",,"7766428766","7766428766","0","true","false",
"C","A","19920101","1992","52","1992","68","BOL","Bolivia (Plurinational State of)","X","Export","0","W00","World","0","W00","World","GG","GG","true","-2","ALL","0","false","C00","TOTAL CPC","0","0","TOTAL MOT","-1","n/a",,"false","-1","n/a",,"false","7485773970","false",,"false",,"3061255231","3061255231","0","true","false",
"C","A","19920101","1992","52","1992","76","BRA","Brazil","X","Export","0","W00","World","0","W00","World","GG","GG","true","-2","ALL","0","false","C00","TOTAL CPC","0","0","TOTAL MOT","-1","n/a",,"false","-1","n/a",,"false","334647221722","false",,"false",,"143901261538","143901261538","0","true","false",
"C","A","19920101","1992","52","1992","84","BLZ","Belize","X","Export","0","W00","World","0","W00","World","GG","GG","true","-2","ALL","0","false","C00","TOTAL CPC","0","0","TOTAL MOT","-1","n/a",,"false","-1","n/a",,"false","365184827","false",,"false",,"543754293","543754293","0","true","false",
"C","A","19920101","1992","52","1992","96","BRN","Brunei Darussalam","X","Export","0","W00","World","0","W00","World","GG","GG","true","-2","ALL","0","false","C00","TOTAL CPC","0","0","TOTAL MOT","-1","n/a",,"false","-1","n/a",,"false","28105545253","false",,"false",,"9204872961","9204872961","0","true","false",
"C","A","19920101","1992","52","1992","104","MMR","Myanmar","X","Export","0","W00","World","0","W00","World","GG","GG","true","-2","ALL","0","false","C00","TOTAL CPC","0","0","TOTAL MOT","-1","n/a",,"false","-1","n/a",,"false","2208677935","false",,"false",,"1797534756","1797534756","0","true","false",
"C","A","19920101","1992","52","1992","124","CAN","Canada","X","Export","0","W00","World","0","W00","World","GG","GG","true","-2","ALL","0","false","C00","TOTAL CPC","0","0","TOTAL MOT","-1","n/a",,"false","-1","n/a",,"false","671077520069","false",,"false",,"537848541821","537848541821","0","true","false",
"C","A","19920101","1992","52","1992","144","LKA","Sri Lanka","X","Export","0","W00","World","0","W00","World","GG","GG","true","-2","ALL","0","false","C00","TOTAL CPC","0","0","TOTAL MOT","-1","n/a",,"false","-1","n/a",,"false","1455643438","false",,"false",,"9815940100","9815940100","0","true","false",
"C","A","19920101","1992","52","1992","152","CHL","Chile","X","Export","0","W00","World","0","W00","World","GG","GG","true","-2","ALL","0","false","C00","TOTAL CPC","0","0","TOTAL MOT","-1","n/a",,"false","-1","n/a",,"false","41501565433","false",,"false",,"39653154632","39653154632","0","true","false",
"C","A","19920101","1992","52","1992","156","CHN","China","X","Export","0","W00","World","0","W00","World","GG","GG","true","-2","ALL","0","false","C00","TOTAL CPC","0","0","TOTAL MOT","-1","n/a",,"false","-1","n/a",,"false","1677564718675","false",,"false",,"339760060656","339760060656","0","true","false",
"C","A","19920101","1992","52","1992","170","COL","Colombia","X","Export","0","W00","World","0","W00","World","GG","GG","true","-2","ALL","0","false","C00","TOTAL CPC","0","0","TOTAL MOT","-1","n/a",,"false","-1","n/a",,"false","65783805876","false",,"false",,"27604753263","27604753263","0","true","false",
"C","A","19920101","1992","52","1992","191","HRV","Croatia","X","Export","0","W00","World","0","W00","World","GG","GG","true","-2","ALL","0","false","C00","TOTAL CPC","0","0","TOTAL MOT","-1","n/a",,"false","-1","n/a",,"false","16452680978","false",,"false",,"18388163707","18388163707","0","true","false",
"C","A","19920101","1992","52","1992","196","CYP","Cyprus","X","Export","0","W00","World","0","W00","World","GG","GG","true","-2","ALL","0","false","C00","TOTAL CPC","0","0","TOTAL MOT","-1","n/a",,"false","-1","n/a",,"false","2658605440","false",,"false",,"4020669150","4020669150","0","true","false",
"C","A","19920101","1992","52","1992","208","DNK","Denmark","X","Export","0","W00","World","0","W00","World","GG","GG","true","-2","ALL","0","false","C00","TOTAL CPC","0","0","TOTAL MOT","-1","n/a",,"false","-1","n/a",,"false","57050413516","false",,"false",,"158212434645","158212434645","0","true","false",
"C","A","19920101","1992","52","1992","218","ECU","Ecuador","X","Export","0","W00","World","0","W00","World","GG","GG","true","-2","ALL","0","false","C00","TOTAL CPC","0","0","TOTAL MOT","-1","n/a",,"false","-1","n/a",,"false","25719521996","false",,"false",,"12169147796","12169147796","0","true","false",
"C","A","19920101","1992","52","1992","246","FIN","Finland","X","Export","0","W00","World","0","W00","World","GG","GG","true","-2","ALL","0","false","C00","TOTAL CPC","0","0","TOTAL MOT","-1","n/a",,"false","-1","n/a",,"false","43149277819","false",,"false",,"95808633531","95808633531","0","true","false",
"C","A","19920101","1992","52","1992","276","DEU","Germany","X","Export","0","W00","World","0","W00","World","GG","GG","true","-2","ALL","0","false","C00","TOTAL CPC","0","0","TOTAL MOT","-1","n/a",,"false","-1","n/a",,"false","427305022624","false",,"false",,"1713950869672","1713950869672","0","true","false",
"C","A","19920101","1992","52","1992","300","GRC","Greece","X","Export","0","W00","World","0","W00","World","GG","GG","true","-2","ALL","0","false","C00","TOTAL CPC","0","0","TOTAL MOT","-1","n/a",,"false","-1","n/a",,"false","41543882138","false",,"false",,"39353040856","39353040856","0","true","false",
"C","A","19920101","1992","52","1992","332","HTI","Haiti","X","Export","0","W00","World","0","W00","World","GG","GG","true","-2","ALL","0","false","C00","TOTAL CPC","0","0","TOTAL MOT","-1","n/a",,"false","-1","n/a",,"false","57304842","false",,"false",,"165311251","165311251","0","true","false",
"C","A","19920101","1992","52","1992","348","HUN","Hungary","X","Export","0","W00","World","0","W00","World","GG","GG","true","-2","ALL","0","false","C00","TOTAL CPC","0","0","TOTAL MOT","-1","n/a",,"false","-1","n/a",,"false","31364848732","false",,"false",,"40219903408","40219903408","0","true","false",
"C","A","19920101","1992","52","1992","352","ISL","Iceland","X","Export","0","W00","World","0","W00","World","GG","GG","true","-2","ALL","0","false","C00","TOTAL CPC","0","0","TOTAL MOT","-1","n/a",,"false","-1","n/a",,"false","1665815904","false",,"false",,"6108300935","6108300935","0","true","false",
"C","A","19920101","1992","52","1992","360","IDN","Indonesia","X","Export","0","W00","World","0","W00","World","GG","GG","true","-2","ALL","0","false","C00","TOTAL CPC","0","0","TOTAL MOT","-1","n/a",,"false","-1","n/a",,"false","303126065890","false",,"false",,"135867926332","135867926332","0","true","false",
"C","A","19920101","1992","52","1992","372","IRL","Ireland","X","Export","0","W00","World","0","W00","World","GG","GG","true","-2","ALL","0","false","C00","TOTAL CPC","0","0","TOTAL MOT","-1","n/a",,"false","-1","n/a",,"false","20690230254","false",,"false",,"113338124239","113338124239","0","true","false",
"C","A","19920101","1992","52","1992","388","JAM","Jamaica","X","Export","0","W00","World","0","W00","World","GG","GG","true","-2","ALL","0","false","C00","TOTAL CPC","0","0","TOTAL MOT","-1","n/a",,"false","-1","n/a",,"false","7465053267","false",,"false",,"4201503788","4201503788","0","true","false",
"C","A","19920101","1992","52","1992","392","JPN","Japan","X","Export","0","W00","World","0","W00","World","GG","GG","true","-2","ALL","0","false","C00","TOTAL CPC","0","0","TOTAL MOT","-1","n/a",,"true","-1","n/a",,"false","152402389383","true",,"false",,"1358603126621","1358603126621","0","true","false",
"C","A","19920101","1992","52","1992","404","KEN","Kenya","X","Export","0","W00","World","0","W00","World","GG","GG","true","-2","ALL","0","false","C00","TOTAL CPC","0","0","TOTAL MOT","-1","n/a",,"false","-1","n/a",,"false","3706476243","false",,"false",,"5446795872","5446795872","0","true","false",
"C","A","19920101","1992","52","1992","410","KOR","Rep. of Korea","X","Export","0","W00","World","0","W00","World","GG","GG","true","-2","ALL","0","false","C00","TOTAL CPC","0","0","TOTAL MOT","-1","n/a",,"false","-1","n/a",,"false","111915395604","false",,"false",,"306525263814","306525263814","0","true","false",
"C","A","19920101","1992","52","1992","446","MAC","China, Macao SAR","X","Export","0","W00","World","0","W00","World","GG","GG","true","-2","ALL","0","false","C00","TOTAL CPC","0","0","TOTAL MOT","-1","n/a",,"false","-1","n/a",,"false","1381185809","false",,"false",,"7144353642","7144353642","0","true","false",
"C","A","19920101","1992","52","1992","450","MDG","Madagascar","X","Export","0","W00","World","0","W00","World","GG","GG","true","-2","ALL","0","false","C00","TOTAL CPC","0","0","TOTAL MOT","-1","n/a",,"false","-1","n/a",,"false","820415313","false",,"false",,"1075551013","1075551013","0","true","false",
"C","A","19920101","1992","52","1992","458","MYS","Malaysia","X","Export","0","W00","World","0","W00","World","GG","GG","true","-2","ALL","0","false","C00","TOTAL CPC","0","0","TOTAL MOT","-1","n/a",,"false","-1","n/a",,"false","136187113513","false",,"false",,"163073977296","163073977296","0","true","false",
"C","A","19920101","1992","52","1992","484","MEX","Mexico","X","Export","0","W00","World","0","W00","World","GG","GG","true","-2","ALL","0","false","C00","TOTAL CPC","0","0","TOTAL MOT","-1","n/a",,"false","-1","n/a",,"false","218577447986","false",,"false",,"184779539480","184779539480","0","true","false",
"C","A","19920101","1992","52","1992","512","OMN","Oman","X","Export","0","W00","World","0","W00","World","GG","GG","true","-2","ALL","0","false","C00","TOTAL CPC","0","0","TOTAL MOT","-1","n/a",,"false","-1","n/a",,"false","69954265243","false",,"false",,"21804638931","21804638931","0","true","false",
"C","A","19920101","1992","52","1992","528","NLD","Netherlands","X","Export","0","W00","World","0","W00","World","GG","GG","true","-2","ALL","0","false","C00","TOTAL CPC","0","0","TOTAL MOT","-1","n/a",,"false","-1","n/a",,"false","354526765194","false",,"false",,"559737087232","559737087232","0","true","false",
"C","A","19920101","1992","52","1992","554","NZL","New Zealand","X","Export","0","W00","World","0","W00","World","GG","GG","true","-2","ALL","0","false","C00","TOTAL CPC","0","0","TOTAL MOT","-1","n/a",,"false","-1","n/a",,"false","24799522465","false",,"false",,"39319883612","39319883612","0","true","false",
"C","A","19920101","1992","52","1992","600","PRY","Paraguay","X","Export","0","W00","World","0","W00","World","GG","GG","true","-2","ALL","0","false","C00","TOTAL CPC","0","0","TOTAL MOT","-1","n/a",,"false","-1","n/a",,"false","4215770907","false",,"false",,"2626217314","2626217314","0","true","false",
"C","A","19920101","1992","52","1992","604","PER","Peru","X","Export","0","W00","World","0","W00","World","GG","GG","true","-2","ALL","0","false","C00","TOTAL CPC","0","0","TOTAL MOT","-1","n/a",,"false","-1","n/a",,"false","14612326294","false",,"false",,"13437485884","13437485884","0","true","false",
"C","A","19920101","1992","52","1992","620","PRT","Portugal","X","Export","0","W00","World","0","W00","World","GG","GG","true","-2","ALL","0","false","C00","TOTAL CPC","0","0","TOTAL MOT","-1","n/a",,"false","-1","n/a",,"false","27350271886","false",,"false",,"74258235563","74258235563","0","true","false",
"C","A","19920101","1992","52","1992","642","ROU","Romania","X","Export","0","W00","World","0","W00","World","GG","GG","true","-2","ALL","0","false","C00","TOTAL CPC","0","0","TOTAL MOT","-1","n/a",,"false","-1","n/a",,"false","23987528971","false",,"false",,"17426636415","17426636415","0","true","false",
"C","A","19920101","1992","52","1992","662","LCA","Saint Lucia","X","Export","0","W00","World","0","W00","World","GG","GG","true","-2","ALL","0","false","C00","TOTAL CPC","0","0","TOTAL MOT","-1","n/a",,"false","-1","n/a",,"false","366981609","false",,"false",,"495782367","495782367","0","true","false",
"C","A","19920101","1992","52","1992","682","SAU","Saudi Arabia","X","Export","0","W00","World","0","W00","World","GG","GG","true","-2","ALL","0","false","C00","TOTAL CPC","0","0","TOTAL MOT","-1","n/a",,"false","-1","n/a",,"false","799316666215","false",,"false",,"213945791853","213945791853","0","true","false",
"C","A","19920101","1992","52","1992","699","IND","India","X","Export","0","W00","World","0","W00","World","GG","GG","true","-2","ALL","0","false","C00","TOTAL CPC","0","0","TOTAL MOT","-1","n/a",,"false","-1","n/a",,"false","73008823554","false",,"false",,"82845164056","82845164056","0","true","false",
"C","A","19920101","1992","52","1992","702","SGP","Singapore","X","Export","0","W00","World","0","W00","World","GG","GG","true","-2","ALL","0","false","C00","TOTAL CPC","0","0","TOTAL MOT","-1","n/a",,"false","-1","n/a",,"false","117956514410","false",,"false",,"253852435768","253852435768","0","true","false",
"C","A","19920101","1992","52","1992","711","ZA1","Southern African Customs Union (...1999)","X","Export","0","W00","World","0","W00","World","GG","GG","true","-2","ALL","0","false","C00","TOTAL CPC","0","0","TOTAL MOT","-1","n/a",,"false","-1","n/a",,"false",,"false",,"false",,"84458427127","84458427127","0","true","false",
"C","A","19920101","1992","52","1992","724","ESP","Spain","X","Export","0","W00","World","0","W00","World","GG","GG","true","-2","ALL","0","false","C00","TOTAL CPC","0","0","TOTAL MOT","-1","n/a",,"false","-1","n/a",,"false","113070968639","false",,"false",,"257270020495","257270020495","0","true","false",
"C","A","19920101","1992","52","1992","752","SWE","Sweden","X","Export","0","W00","World","0","W00","World","GG","GG","true","-2","ALL","0","false","C00","TOTAL CPC","0","0","TOTAL MOT","-1","n/a",,"false","-1","n/a",,"false","108523239967","false",,"false",,"223084595957","223084595957","0","true","false",
"C","A","19920101","1992","52","1992","757","CHE","Switzerland","X","Export","0","W00","World","0","W00","World","GG","GG","true","-2","ALL","0","false","C00","TOTAL CPC","0","0","TOTAL MOT","-1","n/a",,"false","-1","n/a",,"false","17316822758","false",,"false",,"262699772375","262699772375","0","true","false",
"C","A","19920101","1992","52","1992","764","THA","Thailand","X","Export","0","W00","World","0","W00","World","GG","GG","true","-2","ALL","0","false","C00","TOTAL CPC","0","0","TOTAL MOT","-1","n/a",,"false","-1","n/a",,"false","92895169274","false",,"false",,"129897604760","129897604760","0","true","false",
"C","A","19920101","1992","52","1992","780","TTO","Trinidad and Tobago","X","Export","0","W00","World","0","W00","World","GG","GG","true","-2","ALL","0","false","C00","TOTAL CPC","0","0","TOTAL MOT","-1","n/a",,"false","-1","n/a",,"false","25538861862","false",,"false",,"7460167982","7460167982","0","true","false",
"C","A","19920101","1992","52","1992","784","ARE","United Arab Emirates","X","Export","0","W00","World","0","W00","World","GG","GG","true","-2","ALL","0","false","C00","TOTAL CPC","0","0","TOTAL MOT","-1","n/a",,"false","-1","n/a",,"false","971464152","false",,"false",,"2017891298","2017891298","0","true","false",
"C","A","19920101","1992","52","1992","788","TUN","Tunisia","X","Export","0","W00","World","0","W00","World","GG","GG","true","-2","ALL","0","false","C00","TOTAL CPC","0","0","TOTAL MOT","-1","n/a",,"false","-1","n/a",,"false","20831572900","false",,"false",,"16159594378","16159594378","0","true","false",
"C","A","19920101","1992","52","1992","792","TUR","Türkiye","X","Export","0","W00","World","0","W00","World","GG","GG","true","-2","ALL","0","false","C00","TOTAL CPC","0","0","TOTAL MOT","-1","n/a",,"false","-1","n/a",,"false","50281801860","false",,"false",,"58858432500","58858432500","0","true","false",
"C","A","19920101","1992","52","1992","842","USA","USA","X","Export","0","W00","World","0","W00","World","GG","GG","true","-2","ALL","0","false","C00","TOTAL CPC","0","0","TOTAL MOT","-1","n/a",,"false","-1","n/a",,"false","787966162227","false",,"false",,"1789320345672","1789320345672","0","true","false",
"C","A","19920101","1992","52","1992","891","SCG","Serbia and Montenegro (...2005)","X","Export","0","W00","World","0","W00","World","GG","GG","true","-2","ALL","0","false","C00","TOTAL CPC","0","0","TOTAL MOT","-1","n/a",,"false","-1","n/a",,"false","8032811968","false",,"false",,"10153975952","10153975952","0","true","false",
"C","A","19930101","1993","52","1993","12","DZA","Algeria","X","Export","0","W00","World","0","W00","World","GG","GG","true","-2","ALL","0","false","C00","TOTAL CPC","0","0","TOTAL MOT","-1","n/a",,"false","-1","n/a",,"false","155684476641","false",,"false",,"40390661624","40390661624","0","true","false",
"C","A","19930101","1993","52","1993","32","ARG","Argentina","X","Export","0","W00","World","0","W00","World","GG","GG","true","-2","ALL","0","false","C00","TOTAL CPC","0","0","TOTAL MOT","-1","n/a",,"false","-1","n/a",,"false","81586653709","false",,"false",,"52470981071","52470981071","0","true","false",
"C","A","19930101","1993","52","1993","36","AUS","Australia","X","Export","0","W00","World","0","W00","World","GG","GG","true","-2","ALL","0","false","C00","TOTAL CPC","0","0","TOTAL MOT","-1","n/a",,"false","-1","n/a",,"false","652480604120","false",,"false",,"166876658802","166876658802","0","true","false",
"C","A","19930101","1993","52","1993","50","BGD","Bangladesh","X","Export","0","W00","World","0","W00","World","GG","GG","true","-2","ALL","0","false","C00","TOTAL CPC","0","0","TOTAL MOT","-1","n/a",,"false","-1","n/a",,"false","12767309260","false",,"false",,"9012374832","9012374832","0","true","false",
"C","A","19930101","1993","52","1993","64","BTN","Bhutan","X","Export","0","W00","World","0","W00","World","GG","GG","true","-2","ALL","0","false","C00","TOTAL CPC","0","0","TOTAL MOT","-1","n/a",,"false","-1","n/a",,"false","29595653065","false",,"false",,"263281036","263281036","0","true","false",
"C","A","19930101","1993","52","1993","68","BOL","Bolivia (Plurinational State of)","X","Export","0","W00","World","0","W00","World","GG","GG","true","-2","ALL","0","false","C00","TOTAL CPC","0","0","TOTAL MOT","-1","n/a",,"false","-1","n/a",,"false","7442712042","false",,"false",,"3235750397","3235750397","0","true","false",
"C","A","19930101","1993","52","1993","76","BRA","Brazil","X","Export","0","W00","World","0","W00","World","GG","GG","true","-2","ALL","0","false","C00","TOTAL CPC","0","0","TOTAL MOT","-1","n/a",,"false","-1","n/a",,"false","364369222658","false",,"false",,"154803355161","154803355161","0","true","false",
"C","A","19930101","1993","52","1993","84","BLZ","Belize","X","Export","0","W00","World","0","W00","World","GG","GG","true","-2","ALL","0","false","C00","TOTAL CPC","0","0","TOTAL MOT","-1","n/a",,"false","-1","n/a",,"false","551806382","false",,"false",,"506418852","506418852","0","true","false",
"C","A","19930101","1993","52","1993","96","BRN","Brunei Darussalam","X","Export","0","W00","World","0","W00","World","GG","GG","true","-2","ALL","0","false","C00","TOTAL CPC","0","0","TOTAL MOT","-1","n/a",,"false","-1","n/a",,"false","28041575167","false",,"false",,"8375789518","8375789518","0","true","false",
"C","A","19930101","1993","52","1993","108","BDI","Burundi","X","Export","0","W00","World","0","W00","World","GG","GG","true","-2","ALL","0","false","C00","TOTAL CPC","0","0","TOTAL MOT","-1","n/a",,"false","-1","n/a",,"false","85326964","false",,"false",,"633051569","633051569","0","true","false",
"C","A","19930101","1993","52","1993","124","CAN","Canada","X","Export","0","W00","World","0","W00","World","GG","GG","true","-2","ALL","0","false","C00","TOTAL CPC","0","0","TOTAL MOT","-1","n/a",,"false","-1","n/a",,"false","695020424169","false",,"false",,"578526599084","578526599084","0","true","false",
"C","A","19930101","1993","52","1993","140","CAF","Central African Rep.","X","Export","0","W00","World","0","W00","World","GG","GG","true","-2","ALL","0","false","C00","TOTAL CPC","0","0","TOTAL MOT","-1","n/a",,"false","-1","n/a",,"false","96278350","false",,"false",,"366756677","366756677","0","true","false",
"C","A","19930101","1993","52","1993","144","LKA","Sri Lanka","X","Export","0","W00","World","0","W00","World","GG","GG","true","-2","ALL","0","false","C00","TOTAL CPC","0","0","TOTAL MOT","-1","n/a",,"false","-1","n/a",,"false","1646781572","false",,"false",,"11387766492","11387766492","0","true","false",
"C","A","19930101","1993","52","1993","152","CHL","Chile","X","Export","0","W00","World","0","W00","World","GG","GG","true","-2","ALL","0","false","C00","TOTAL CPC","0","0","TOTAL MOT","-1","n/a",,"false","-1","n/a",,"false","39484218743","false",,"false",,"37233025694","37233025694","0","true","false",
"C","A","19930101","1993","52","1993","156","CHN","China","X","Export","0","W00","World","0","W00","World","GG","GG","true","-2","ALL","0","false","C00","TOTAL CPC","0","0","TOTAL MOT","-1","n/a",,"false","-1","n/a",,"false","269720891105","false",,"false",,"366975793384","366975793384","0","true","false",
"C","A","19930101","1993","52","1993","170","COL","Colombia","X","Export","0","W00","World","0","W00","World","GG","GG","true","-2","ALL","0","false","C00","TOTAL CPC","0","0","TOTAL MOT","-1","n/a",,"false","-1","n/a",,"false","72447894690","false",,"false",,"28493754037","28493754037","0","true","false",
"C","A","19930101","1993","52","1993","178","COG","Congo","X","Export","0","W00","World","0","W00","World","GG","GG","true","-2","ALL","0","false","C00","TOTAL CPC","0","0","TOTAL MOT","-1","n/a",,"false","-1","n/a",,"false","18907099798","false",,"false",,"3861355279","3861355279","0","true","false",
"C","A","19930101","1993","52","1993","191","HRV","Croatia","X","Export","0","W00","World","0","W00","World","GG","GG","true","-2","ALL","0","false","C00","TOTAL CPC","0","0","TOTAL MOT","-1","n/a",,"false","-1","n/a",,"false","16515471450","false",,"false",,"15613930295","15613930295","0","true","false",
"C","A","19930101","1993","52","1993","196","CYP","Cyprus","X","Export","0","W00","World","0","W00","World","GG","GG","true","-2","ALL","0","false","C00","TOTAL CPC","0","0","TOTAL MOT","-1","n/a",,"false","-1","n/a",,"false","1881569363","false",,"false",,"3469184540","3469184540","0","true","false",
"C","A","19930101","1993","52","1993","203","CZE","Czechia","X","Export","0","W00","World","0","W00","World","GG","GG","true","-2","ALL","0","false","C00","TOTAL CPC","0","0","TOTAL MOT","-1","n/a",,"false","-1","n/a",,"false","67762668621","false",,"false",,"51568796413","51568796413","0","true","false",
"C","A","19930101","1993","52","1993","208","DNK","Denmark","X","Export","0","W00","World","0","W00","World","GG","GG","true","-2","ALL","0","false","C00","TOTAL CPC","0","0","TOTAL MOT","-1","n/a",,"false","-1","n/a",,"false","49787315467","false",,"false",,"148683968682","148683968682","0","true","false",
"C","A","19930101","1993","52","1993","212","DMA","Dominica","X","Export","0","W00","World","0","W00","World","GG","GG","true","-2","ALL","0","false","C00","TOTAL CPC","0","0","TOTAL MOT","-1","n/a",,"false","-1","n/a",,"false","177975648","false",,"false",,"192041690","192041690","0","true","false",
"C","A","19930101","1993","52","1993","218","ECU","Ecuador","X","Export","0","W00","World","0","W00","World","GG","GG","true","-2","ALL","0","false","C00","TOTAL CPC","0","0","TOTAL MOT","-1","n/a",,"false","-1","n/a",,"false","6612098246","false",,"false",,"12079997047","12079997047","0","true","false",
"C","A","19930101","1993","52","1993","246","FIN","Finland","X","Export","0","W00","World","0","W00","World","GG","GG","true","-2","ALL","0","false","C00","TOTAL CPC","0","0","TOTAL MOT","-1","n/a",,"false","-1","n/a",,"false","49618652583","false",,"false",,"93893591499","93893591499","0","true","false",
"C","A","19930101","1993","52","1993","266","GAB","Gabon","X","Export","0","W00","World","0","W00","World","GG","GG","true","-2","ALL","0","false","C00","TOTAL CPC","0","0","TOTAL MOT","-1","n/a",,"false","-1","n/a",,"false","35340390220","false",,"false",,"10548076297","10548076297","0","true","false",
"C","A","19930101","1993","52","1993","276","DEU","Germany","X","Export","0","W00","World","0","W00","World","GG","GG","true","-2","ALL","0","false","C00","TOTAL CPC","0","0","TOTAL MOT","-1","n/a",,"false","-1","n/a",,"false","399222743709","false",,"false",,"1513434730880","1513434730880","0","true","false",
"C","A","19930101","1993","52","1993","300","GRC","Greece","X","Export","0","W00","World","0","W00","World","GG","GG","true","-2","ALL","0","false","C00","TOTAL CPC","0","0","TOTAL MOT","-1","n/a",,"false","-1","n/a",,"false","40825235238","false",,"false",,"35134823761","35134823761","0","true","false",
"C","A","19930101","1993","52","1993","308","GRD","Grenada","X","Export","0","W00","World","0","W00","World","GG","GG","true","-2","ALL","0","false","C00","TOTAL CPC","0","0","TOTAL MOT","-1","n/a",,"false","-1","n/a",,"false","35607058","false",,"false",,"89664941","89664941","0","true","false",
"C","A","19930101","1993","52","1993","320","GTM","Guatemala","X","Export","0","W00","World","0","W00","World","GG","GG","true","-2","ALL","0","false","C00","TOTAL CPC","0","0","TOTAL MOT","-1","n/a",,"false","-1","n/a",,"false","5190816196","false",,"false",,"5352866692","5352866692","0","true","false",
"C","A","19930101","1993","52","1993","332","HTI","Haiti","X","Export","0","W00","World","0","W00","World","GG","GG","true","-2","ALL","0","false","C00","TOTAL CPC","0","0","TOTAL MOT","-1","n/a",,"false","-1","n/a",,"false","83176490","false",,"false",,"183025536","183025536","0","true","false",
"C","A","19930101","1993","52","1993","344","HKG","China, Hong Kong SAR","X","Export","0","W00","World","0","W00","World","GG","GG","true","-2","ALL","0","false","C00","TOTAL CPC","0","0","TOTAL MOT","-1","n/a",,"false","-1","n/a",,"false","44830114130","false",,"false",,"541538273032","541538273032","0","true","false",
"C","A","19930101","1993","52","1993","348","HUN","Hungary","X","Export","0","W00","World","0","W00","World","GG","GG","true","-2","ALL","0","false","C00","TOTAL CPC","0","0","TOTAL MOT","-1","n/a",,"false","-1","n/a",,"false","21381830385","false",,"false",,"32960235928","32960235928","0","true","false",
"C","A","19930101","1993","52","1993","352","ISL","Iceland","X","Export","0","W00","World","0","W00","World","GG","GG","true","-2","ALL","0","false","C00","TOTAL CPC","0","0","TOTAL MOT","-1","n/a",,"false","-1","n/a",,"false","1853450100","false",,"false",,"5597291413","5597291413","0","true","false",
"C","A","19930101","1993","52","1993","360","IDN","Indonesia","X","Export","0","W00","World","0","W00","World","GG","GG","true","-2","ALL","0","false","C00","TOTAL CPC","0","0","TOTAL MOT","-1","n/a",,"false","-1","n/a",,"false","354941245472","false",,"false",,"147291015438","147291015438","0","true","false",
"C","A","19930101","1993","52","1993","372","IRL","Ireland","X","Export","0","W00","World","0","W00","World","GG","GG","true","-2","ALL","0","false","C00","TOTAL CPC","0","0","TOTAL MOT","-1","n/a",,"false","-1","n/a",,"false","19982071083","false",,"false",,"115426034798","115426034798","0","true","false",
"C","A","19930101","1993","52","1993","388","JAM","Jamaica","X","Export","0","W00","World","0","W00","World","GG","GG","true","-2","ALL","0","false","C00","TOTAL CPC","0","0","TOTAL MOT","-1","n/a",,"false","-1","n/a",,"false","9103501100","false",,"false",,"4301489572","4301489572","0","true","false",
"C","A","19930101","1993","52","1993","392","JPN","Japan","X","Export","0","W00","World","0","W00","World","GG","GG","true","-2","ALL","0","false","C00","TOTAL CPC","0","0","TOTAL MOT","-1","n/a",,"false","-1","n/a",,"false","181333067049","false",,"false",,"1443644303336","1443644303336","0","true","false",
"C","A","19930101","1993","52","1993","410","KOR","Rep. of Korea","X","Export","0","W00","World","0","W00","World","GG","GG","true","-2","ALL","0","false","C00","TOTAL CPC","0","0","TOTAL MOT","-1","n/a",,"false","-1","n/a",,"false","127052795533","false",,"false",,"328928463191","328928463191","0","true","false",
"C","A","19930101","1993","52","1993","446","MAC","China, Macao SAR","X","Export","0","W00","World","0","W00","World","GG","GG","true","-2","ALL","0","false","C00","TOTAL CPC","0","0","TOTAL MOT","-1","n/a",,"false","-1","n/a",,"false","1264981396","false",,"false",,"7187007559","7187007559","0","true","false",
"C","A","19930101","1993","52","1993","450","MDG","Madagascar","X","Export","0","W00","World","0","W00","World","GG","GG","true","-2","ALL","0","false","C00","TOTAL CPC","0","0","TOTAL MOT","-1","n/a",,"false","-1","n/a",,"false","918588190","false",,"false",,"1046908460","1046908460","0","true","false",
"C","A","19930101","1993","52","1993","458","MYS","Malaysia","X","Export","0","W00","World","0","W00","World","GG","GG","true","-2","ALL","0","false","C00","TOTAL CPC","0","0","TOTAL MOT","-1","n/a",,"false","-1","n/a",,"false","131992437491","false",,"false",,"188508703864","188508703864","0","true","false",
"C","A","19930101","1993","52","1993","480","MUS","Mauritius","X","Export","0","W00","World","0","W00","World","GG","GG","true","-2","ALL","0","false","C00","TOTAL CPC","0","0","TOTAL MOT","-1","n/a",,"false","-1","n/a",,"false","1529280629","false",,"false",,"5868352116","5868352116","0","true","false",
"C","A","19930101","1993","52","1993","484","MEX","Mexico","X","Export","0","W00","World","0","W00","World","GG","GG","true","-2","ALL","0","false","C00","TOTAL CPC","0","0","TOTAL MOT","-1","n/a",,"false","-1","n/a",,"false","214089234086","false",,"false",,"207545660288","207545660288","0","true","false",
"C","A","19930101","1993","52","1993","504","MAR","Morocco","X","Export","0","W00","World","0","W00","World","GG","GG","true","-2","ALL","0","false","C00","TOTAL CPC","0","0","TOTAL MOT","-1","n/a",,"false","-1","n/a",,"false","59196197154","false",,"false",,"14783779538","14783779538","0","true","false",
"C","A","19930101","1993","52","1993","512","OMN","Oman","X","Export","0","W00","World","0","W00","World","GG","GG","true","-2","ALL","0","false","C00","TOTAL CPC","0","0","TOTAL MOT","-1","n/a",,"false","-1","n/a",,"false","74302148314","false",,"false",,"21198041340","21198041340","0","true","false",
"C","A","19930101","1993","52","1993","528","NLD","Netherlands","X","Export","0","W00","World","0","W00","World","GG","GG","true","-2","ALL","0","false","C00","TOTAL CPC","0","0","TOTAL MOT","-1","n/a",,"false","-1","n/a",,"false","393863314027","false",,"false",,"524573027787","524573027787","0","true","false",
"C","A","19930101","1993","52","1993","548","VUT","Vanuatu","X","Export","0","W00","World","0","W00","World","GG","GG","true","-2","ALL","0","false","C00","TOTAL CPC","0","0","TOTAL MOT","-1","n/a",,"false","-1","n/a",,"false","182058","false",,"false",,"4090575","4090575","0","true","false",
"C","A","19930101","1993","52","1993","554","NZL","New Zealand","X","Export","0","W00","World","0","W00","World","GG","GG","true","-2","ALL","0","false","C00","TOTAL CPC","0","0","TOTAL MOT","-1","n/a",,"false","-1","n/a",,"false","25302923215","false",,"false",,"42232641280","42232641280","0","true","false",
"C","A","19930101","1993","52","1993","558","NIC","Nicaragua","X","Export","0","W00","World","0","W00","World","GG","GG","true","-2","ALL","0","false","C00","TOTAL CPC","0","0","TOTAL MOT","-1","n/a",,"false","-1","n/a",,"false","714250043","false",,"false",,"1069968308","1069968308","0","true","false",
"C","A","19930101","1993","52","1993","579","NOR","Norway","X","Export","0","W00","World","0","W00","World","GG","GG","true","-2","ALL","0","false","C00","TOTAL CPC","0","0","TOTAL MOT","-1","n/a",,"false","-1","n/a",,"false","305383327371","false",,"false",,"127615433541","127615433541","0","true","false",
"C","A","19930101","1993","52","1993","600","PRY","Paraguay","X","Export","0","W00","World","0","W00","World","GG","GG","true","-2","ALL","0","false","C00","TOTAL CPC","0","0","TOTAL MOT","-1","n/a",,"false","-1","n/a",,"false","5348457737","false",,"false",,"2900871209","2900871209","0","true","false",
"C","A","19930101","1993","52","1993","620","PRT","Portugal","X","Export","0","W00","World","0","W00","World","GG","GG","true","-2","ALL","0","false","C00","TOTAL CPC","0","0","TOTAL MOT","-1","n/a",,"false","-1","n/a",,"false","26664107552","false",,"false",,"61669446666","61669446666","0","true","false",
"C","A","19930101","1993","52","1993","642","ROU","Romania","X","Export","0","W00","World","0","W00","World","GG","GG","true","-2","ALL","0","false","C00","TOTAL CPC","0","0","TOTAL MOT","-1","n/a",,"false","-1","n/a",,"false","25934016486","false",,"false",,"19568628162","19568628162","0","true","false",
"C","A","19930101","1993","52","1993","659","KNA","Saint Kitts and Nevis","X","Export","0","W00","World","0","W00","World","GG","GG","true","-2","ALL","0","false","C00","TOTAL CPC","0","0","TOTAL MOT","-1","n/a",,"false","-1","n/a",,"false","66095373","false",,"false",,"107670515","107670515","0","true","false",
"C","A","19930101","1993","52","1993","662","LCA","Saint Lucia","X","Export","0","W00","World","0","W00","World","GG","GG","true","-2","ALL","0","false","C00","TOTAL CPC","0","0","TOTAL MOT","-1","n/a",,"false","-1","n/a",,"false","308940585","false",,"false",,"478422372","478422372","0","true","false",
"C","A","19930101","1993","52","1993","670","VCT","Saint Vincent and the Grenadines","X","Export","0","W00","World","0","W00","World","GG","GG","true","-2","ALL","0","false","C00","TOTAL CPC","0","0","TOTAL MOT","-1","n/a",,"false","-1","n/a",,"false","241976418","false",,"false",,"231105540","231105540","0","true","false",
"C","A","19930101","1993","52","1993","682","SAU","Saudi Arabia","X","Export","0","W00","World","0","W00","World","GG","GG","true","-2","ALL","0","false","C00","TOTAL CPC","0","0","TOTAL MOT","-1","n/a",,"false","-1","n/a",,"false","744991712436","false",,"false",,"169583145284","169583145284","0","true","false",
"C","A","19930101","1993","52","1993","699","IND","India","X","Export","0","W00","World","0","W00","World","GG","GG","true","-2","ALL","0","false","C00","TOTAL CPC","0","0","TOTAL MOT","-1","n/a",,"false","-1","n/a",,"false","92123149834","false",,"false",,"88947674044","88947674044","0","true","false",
"C","A","19930101","1993","52","1993","702","SGP","Singapore","X","Export","0","W00","World","0","W00","World","GG","GG","true","-2","ALL","0","false","C00","TOTAL CPC","0","0","TOTAL MOT","-1","n/a",,"false","-1","n/a",,"false","132143156572","false",,"false",,"296021888134","296021888134","0","true","false",
"C","A","19930101","1993","52","1993","711","ZA1","Southern African Customs Union (...1999)","X","Export","0","W00","World","0","W00","World","GG","GG","true","-2","ALL","0","false","C00","TOTAL CPC","0","0","TOTAL MOT","-1","n/a",,"false","-1","n/a",,"false",,"false",,"false",,"97062814879","97062814879","0","true","false",
"C","A","19930101","1993","52","1993","724","ESP","Spain","X","Export","0","W00","World","0","W00","World","GG","GG","true","-2","ALL","0","false","C00","TOTAL CPC","0","0","TOTAL MOT","-1","n/a",,"false","-1","n/a",,"false","122751213820","false",,"false",,"243873905624","243873905624","0","true","false",
"C","A","19930101","1993","52","1993","752","SWE","Sweden","X","Export","0","W00","World","0","W00","World","GG","GG","true","-2","ALL","0","false","C00","TOTAL CPC","0","0","TOTAL MOT","-1","n/a",,"false","-1","n/a",,"false","115527669998","false",,"false",,"198709906456","198709906456","0","true","false",
"C","A","19930101","1993","52","1993","757","CHE","Switzerland","X","Export","0","W00","World","0","W00","World","GG","GG","true","-2","ALL","0","false","C00","TOTAL CPC","0","0","TOTAL MOT","-1","n/a",,"false","-1","n/a",,"false","18257123646","false",,"false",,"252738224812","252738224812","0","true","false",
"C","A","19930101","1993","52","1993","764","THA","Thailand","X","Export","0","W00","World","0","W00","World","GG","GG","true","-2","ALL","0","false","C00","TOTAL CPC","0","0","TOTAL MOT","-1","n/a",,"false","-1","n/a",,"false","70472355721","false",,"false",,"148667334008","148667334008","0","true","false",
"C","A","19930101","1993","52","1993","780","TTO","Trinidad and Tobago","X","Export","0","W00","World","0","W00","World","GG","GG","true","-2","ALL","0","false","C00","TOTAL CPC","0","0","TOTAL MOT","-1","n/a",,"false","-1","n/a",,"false","22710009649","false",,"false",,"6648410199","6648410199","0","true","false",
"C","A","19930101","1993","52","1993","784","ARE","United Arab Emirates","X","Export","0","W00","World","0","W00","World","GG","GG","true","-2","ALL","0","false","C00","TOTAL CPC","0","0","TOTAL MOT","-1","n/a",,"false","-1","n/a",,"false","1032251611","false",,"false",,"7919375444","7919375444","0","true","false",
"C","A","19930101","1993","52","1993","788","TUN","Tunisia","X","Export","0","W00","World","0","W00","World","GG","GG","true","-2","ALL","0","false","C00","TOTAL CPC","0","0","TOTAL MOT","-1","n/a",,"false","-1","n/a",,"false","18087165653","false",,"false",,"15217978165","15217978165","0","true","false",
"C","A","19930101","1993","52","1993","792","TUR","Türkiye","X","Export","0","W00","World","0","W00","World","GG","GG","true","-2","ALL","0","false","C00","TOTAL CPC","0","0","TOTAL MOT","-1","n/a",,"false","-1","n/a",,"false","40994989474","false",,"false",,"61395650816","61395650816","0","true","false",
"C","A","19930101","1993","52","1993","826","GBR","United Kingdom","X","Export","0","W00","World","0","W00","World","GG","GG","true","-2","ALL","0","false","C00","TOTAL CPC","0","0","TOTAL MOT","-1","n/a",,"false","-1","n/a",,"false","292360325873","false",,"false",,"669646933037","669646933037","0","true","false",
"C","A","19930101","1993","52","1993","842","USA","USA","X","Export","0","W00","World","0","W00","World","GG","GG","true","-2","ALL","0","false","C00","TOTAL CPC","0","0","TOTAL MOT","-1","n/a",,"false","-1","n/a",,"false","733838890963","false",,"false",,"1859028654864","1859028654864","0","true","false",
"C","A","19940101","1994","52","1994","12","DZA","Algeria","X","Export","0","W00","World","0","W00","World","GG","GG","true","-2","ALL","0","false","C00","TOTAL CPC","0","0","TOTAL MOT","-1","n/a",,"false","-1","n/a",,"false","137668574588","false",,"false",,"34375224658","34375224658","0","true","false",
"C","A","19940101","1994","52","1994","32","ARG","Argentina","X","Export","0","W00","World","0","W00","World","GG","GG","true","-2","ALL","0","false","C00","TOTAL CPC","0","0","TOTAL MOT","-1","n/a",,"false","-1","n/a",,"false","93344243785","false",,"false",,"63354606438","63354606438","0","true","false",
"C","A","19940101","1994","52","1994","36","AUS","Australia","X","Export","0","W00","World","0","W00","World","GG","GG","true","-2","ALL","0","false","C00","TOTAL CPC","0","0","TOTAL MOT","-1","n/a",,"false","-1","n/a",,"false","698691015566","false",,"false",,"189015240172","189015240172","0","true","false",
"C","A","19940101","1994","52","1994","40","AUT","Austria","X","Export","0","W00","World","0","W00","World","GG","GG","true","-2","ALL","0","false","C00","TOTAL CPC","0","0","TOTAL MOT","-1","n/a",,"false","-1","n/a",,"false","50555489305","false",,"false",,"180288737377","180288737377","0","true","false",
"C","A","19940101","1994","52","1994","50","BGD","Bangladesh","X","Export","0","W00","World","0","W00","World","GG","GG","true","-2","ALL","0","false","C00","TOTAL CPC","0","0","TOTAL MOT","-1","n/a",,"false","-1","n/a",,"false","2172508455","false",,"false",,"9933307737","9933307737","0","true","false",
"C","A","19940101","1994","52","1994","60","BMU","Bermuda","X","Export","0","W00","World","0","W00","World","GG","GG","true","-2","ALL","0","false","C00","TOTAL CPC","0","0","TOTAL MOT","-1","n/a",,"false","-1","n/a",,"false","229120","false",,"false",,"262140218","262140218","0","true","false",
"C","A","19940101","1994","52","1994","64","BTN","Bhutan","X","Export","0","W00","World","0","W00","World","GG","GG","true","-2","ALL","0","false","C00","TOTAL CPC","0","0","TOTAL MOT","-1","n/a",,"false","-1","n/a",,"false","25052859047","false",,"false",,"265531600","265531600","0","true","false",
"C","A","19940101","1994","52","1994","68","BOL","Bolivia (Plurinational State of)","X","Export","0","W00","World","0","W00","World","GG","GG","true","-2","ALL","0","false","C00","TOTAL CPC","0","0","TOTAL MOT","-1","n/a",,"false","-1","n/a",,"false","8174776310","false",,"false",,"4496922221","4496922221","0","true","false",
"C","A","19940101","1994","52","1994","76","BRA","Brazil","X","Export","0","W00","World","0","W00","World","GG","GG","true","-2","ALL","0","false","C00","TOTAL CPC","0","0","TOTAL MOT","-1","n/a",,"false","-1","n/a",,"false","389911818058","false",,"false",,"174231302034","174231302034","0","true","false",
"C","A","19940101","1994","52","1994","84","BLZ","Belize","X","Export","0","W00","World","0","W00","World","GG","GG","true","-2","ALL","0","false","C00","TOTAL CPC","0","0","TOTAL MOT","-1","n/a",,"false","-1","n/a",,"false","390625685","false",,"false",,"571721517","571721517","0","true","false",
"C","A","19940101","1994","52","1994","96","BRN","Brunei Darussalam","X","Export","0","W00","World","0","W00","World","GG","GG","true","-2","ALL","0","false","C00","TOTAL CPC","0","0","TOTAL MOT","-1","n/a",,"false","-1","n/a",,"false","28876257668","false",,"false",,"8441238136","8441238136","0","true","false",
"C","A","19940101","1994","52","1994","108","BDI","Burundi","X","Export","0","W00","World","0","W00","World","GG","GG","true","-2","ALL","0","false","C00","TOTAL CPC","0","0","TOTAL MOT","-1","n/a",,"false","-1","n/a",,"false","75945308","false",,"false",,"686386836","686386836","0","true","false",
"C","A","19940101","1994","52","1994","124","CAN","Canada","X","Export","0","W00","World","0","W00","World","GG","GG","true","-2","ALL","0","false","C00","TOTAL CPC","0","0","TOTAL MOT","-1","n/a",,"false","-1","n/a",,"false","760934855295","false",,"false",,"665018139320","665018139320","0","true","false",
"C","A","19940101","1994","52","1994","140","CAF","Central African Rep.","X","Export","0","W00","World","0","W00","World","GG","GG","true","-2","ALL","0","false","C00","TOTAL CPC","0","0","TOTAL MOT","-1","n/a",,"false","-1","n/a",,"false","89836999","false",,"false",,"325804522","325804522","0","true","false",
"C","A","19940101","1994","52","1994","144","LKA","Sri Lanka","X","Export","0","W00","World","0","W00","World","GG","GG","true","-2","ALL","0","false","C00","TOTAL CPC","0","0","TOTAL MOT","-1","n/a",,"false","-1","n/a",,"false","2675079778","false",,"false",,"12838649426","12838649426","0","true","false",
"C","A","19940101","1994","52","1994","152","CHL","Chile","X","Export","0","W00","World","0","W00","World","GG","GG","true","-2","ALL","0","false","C00","TOTAL CPC","0","0","TOTAL MOT","-1","n/a",,"false","-1","n/a",,"false","49505020437","false",,"false",,"45474713333","45474713333","0","true","false",
"C","A","19940101","1994","52","1994","156","CHN","China","X","Export","0","W00","World","0","W00","World","GG","GG","true","-2","ALL","0","false","C00","TOTAL CPC","0","0","TOTAL MOT","-1","n/a",,"false","-1","n/a",,"false","1779971891119","false",,"false",,"484025037732","484025037732","0","true","false",
"C","A","19940101","1994","52","1994","170","COL","Colombia","X","Export","0","W00","World","0","W00","World","GG","GG","true","-2","ALL","0","false","C00","TOTAL CPC","0","0","TOTAL MOT","-1","n/a",,"false","-1","n/a",,"false","75217595554","false",,"false",,"34150066147","34150066147","0","true","false",
"C","A","19940101","1994","52","1994","178","COG","Congo","X","Export","0","W00","World","0","W00","World","GG","GG","true","-2","ALL","0","false","C00","TOTAL CPC","0","0","TOTAL MOT","-1","n/a",,"false","-1","n/a",,"false","18814722682","false",,"false",,"3671215600","3671215600","0","true","false",
"C","A","19940101","1994","52","1994","188","CRI","Costa Rica","X","Export","0","W00","World","0","W00","World","GG","GG","true","-2","ALL","0","false","C00","TOTAL CPC","0","0","TOTAL MOT","-1","n/a",,"false","-1","n/a",,"false","6768876173","false",,"false",,"8881749268","8881749268","0","true","false",
"C","A","19940101","1994","52","1994","191","HRV","Croatia","X","Export","0","W00","World","0","W00","World","GG","GG","true","-2","ALL","0","false","C00","TOTAL CPC","0","0","TOTAL MOT","-1","n/a",,"false","-1","n/a",,"false","16053077741","false",,"false",,"17038791928","17038791928","0","true","false",
"C","A","19940101","1994","52","1994","196","CYP","Cyprus","X","Export","0","W00","World","0","W00","World","GG","GG","true","-2","ALL","0","false","C00","TOTAL CPC","0","0","TOTAL MOT","-1","n/a",,"false","-1","n/a",,"false","3330472770","false",,"false",,"3844876306","3844876306","0","true","false",
"C","A","19940101","1994","52","1994","203","CZE","Czechia","X","Export","0","W00","World","0","W00","World","GG","GG","true","-2","ALL","0","false","C00","TOTAL CPC","0","0","TOTAL MOT","-1","n/a",,"false","-1","n/a",,"false","85126727384","false",,"false",,"56325777018","56325777018","0","true","false",
"C","A","19940101","1994","52","1994","208","DNK","Denmark","X","Export","0","W00","World","0","W00","World","GG","GG","true","-2","ALL","0","false","C00","TOTAL CPC","0","0","TOTAL MOT","-1","n/a",,"false","-1","n/a",,"false","50989701565","false",,"false",,"166409471486","166409471486","0","true","false",
"C","A","19940101","1994","52","1994","212","DMA","Dominica","X","Export","0","W00","World","0","W00","World","GG","GG","true","-2","ALL","0","false","C00","TOTAL CPC","0","0","TOTAL MOT","-1","n/a",,"false","-1","n/a",,"false","225245013","false",,"false",,"180915981","180915981","0","true","false",
"C","A","19940101","1994","52","1994","218","ECU","Ecuador","X","Export","0","W00","World","0","W00","World","GG","GG","true","-2","ALL","0","false","C00","TOTAL CPC","0","0","TOTAL MOT","-1","n/a",,"false","-1","n/a",,"false","8068672574","false",,"false",,"15373400299","15373400299","0","true","false",
"C","A","19940101","1994","52","1994","222","SLV","El Salvador","X","Export","0","W00","World","0","W00","World","GG","GG","true","-2","ALL","0","false","C00","TOTAL CPC","0","0","TOTAL MOT","-1","n/a",,"false","-1","n/a",,"false","1228583234","false",,"false",,"3287188028","3287188028","0","true","false",
"C","A","19940101","1994","52","1994","246","FIN","Finland","X","Export","0","W00","World","0","W00","World","GG","GG","true","-2","ALL","0","false","C00","TOTAL CPC","0","0","TOTAL MOT","-1","n/a",,"false","-1","n/a",,"false","56066887092","false",,"false",,"119044519338","119044519338","0","true","false",
"C","A","19940101","1994","52","1994","251","FRA","France","X","Export","0","W00","World","0","W00","World","GG","GG","true","-2","ALL","0","false","C00","TOTAL CPC","0","0","TOTAL MOT","-1","n/a",,"false","-1","n/a",,"false","311171353884","false",,"false",,"921162961095","921162961095","0","true","false",
"C","A","19940101","1994","52","1994","254","GUF","French Guiana (Overseas France)","X","Export","0","W00","World","0","W00","World","GG","GG","true","-2","ALL","0","false","C00","TOTAL CPC","0","0","TOTAL MOT","-1","n/a",,"false","-1","n/a",,"false","53339340","false",,"false",,"595440774","595440774","0","true","false",
"C","A","19940101","1994","52","1994","266","GAB","Gabon","X","Export","0","W00","World","0","W00","World","GG","GG","true","-2","ALL","0","false","C00","TOTAL CPC","0","0","TOTAL MOT","-1","n/a",,"false","-1","n/a",,"false","39511960808","false",,"false",,"9564151765","9564151765","0","true","false",
"C","A","19940101","1994","52","1994","276","DEU","Germany","X","Export","0","W00","World","0","W00","World","GG","GG","true","-2","ALL","0","false","C00","TOTAL CPC","0","0","TOTAL MOT","-1","n/a",,"false","-1","n/a",,"false","442387038656","false",,"false",,"1699572548936","1699572548936","0","true","false",
"C","A","19940101","1994","52","1994","300","GRC","Greece","X","Export","0","W00","World","0","W00","World","GG","GG","true","-2","ALL","0","false","C00","TOTAL CPC","0","0","TOTAL MOT","-1","n/a",,"false","-1","n/a",,"false","50142661224","false",,"false",,"37595892379","37595892379","0","true","false",
"C","A","19940101","1994","52","1994","304","GRL","Greenland","X","Export","0","W00","World","0","W00","World","GG","GG","true","-2","ALL","0","false","C00","TOTAL CPC","0","0","TOTAL MOT","-1","n/a",,"false","-1","n/a",,"false","132808350","false",,"false",,"1226965729","1226965729","0","true","false",
"C","A","19940101","1994","52","1994","308","GRD","Grenada","X","Export","0","W00","World","0","W00","World","GG","GG","true","-2","ALL","0","false","C00","TOTAL CPC","0","0","TOTAL MOT","-1","n/a",,"false","-1","n/a",,"false","32870388","false",,"false",,"93385240","93385240","0","true","false",
"C","A","19940101","1994","52","1994","312","GLP","Guadeloupe (Overseas France)","X","Export","0","W00","World","0","W00","World","GG","GG","true","-2","ALL","0","false","C00","TOTAL CPC","0","0","TOTAL MOT","-1","n/a",,"false","-1","n/a",,"false","439082011","false",,"false",,"609034326","609034326","0","true","false",
"C","A","19940101","1994","52","1994","320","GTM","Guatemala","X","Export","0","W00","World","0","W00","World","GG","GG","true","-2","ALL","0","false","C00","TOTAL CPC","0","0","TOTAL MOT","-1","n/a",,"false","-1","n/a",,"false","5586356997","false",,"false",,"6009780072","6009780072","0","true","false",
"C","A","19940101","1994","52","1994","332","HTI","Haiti","X","Export","0","W00","World","0","W00","World","GG","GG","true","-2","ALL","0","false","C00","TOTAL CPC","0","0","TOTAL MOT","-1","n/a",,"false","-1","n/a",,"false","38171198","false",,"false",,"57188860","57188860","0","true","false",
"C","A","19940101","1994","52","1994","340","HND","Honduras","X","Export","0","W00","World","0","W00","World","GG","GG","true","-2","ALL","0","false","C00","TOTAL CPC","0","0","TOTAL MOT","-1","n/a",,"false","-1","n/a",,"false","2328268215","false",,"false",,"2456190200","2456190200","0","true","false",
"C","A","19940101","1994","52","1994","344","HKG","China, Hong Kong SAR","X","Export","0","W00","World","0","W00","World","GG","GG","true","-2","ALL","0","false","C00","TOTAL CPC","0","0","TOTAL MOT","-1","n/a",,"false","-1","n/a",,"false","53778465886","false",,"false",,"605860443303","605860443303","0","true","false",
"C","A","19940101","1994","52","1994","348","HUN","Hungary","X","Export","0","W00","World","0","W00","World","GG","GG","true","-2","ALL","0","false","C00","TOTAL CPC","0","0","TOTAL MOT","-1","n/a",,"false","-1","n/a",,"false","24677089982","false",,"false",,"42799372008","42799372008","0","true","false",
"C","A","19940101","1994","52","1994","352","ISL","Iceland","X","Export","0","W00","World","0","W00","World","GG","GG","true","-2","ALL","0","false","C00","TOTAL CPC","0","0","TOTAL MOT","-1","n/a",,"false","-1","n/a",,"false","2351139723","false",,"false",,"6506669216","6506669216","0","true","false",
"C","A","19940101","1994","52","1994","360","IDN","Indonesia","X","Export","0","W00","World","0","W00","World","GG","GG","true","-2","ALL","0","false","C00","TOTAL CPC","0","0","TOTAL MOT","-1","n/a",,"false","-1","n/a",,"false","450677062563","false",,"false",,"160213663216","160213663216","0","true","false",
"C","A","19940101","1994","52","1994","372","IRL","Ireland","X","Export","0","W00","World","0","W00","World","GG","GG","true","-2","ALL","0","false","C00","TOTAL CPC","0","0","TOTAL MOT","-1","n/a",,"false","-1","n/a",,"false","20073755298","false",,"false",,"137580493257","137580493257","0","true","false",
"C","A","19940101","1994","52","1994","380","ITA","Italy","X","Export","0","W00","World","0","W00","World","GG","GG","true","-2","ALL","0","false","C00","TOTAL CPC","0","0","TOTAL MOT","-1","n/a",,"false","-1","n/a",,"true","181041667255","false",,"false",,"760018180500","760018180500","0","false","false",
"C","A","19940101","1994","52","1994","392","JPN","Japan","X","Export","0","W00","World","0","W00","World","GG","GG","true","-2","ALL","0","false","C00","TOTAL CPC","0","0","TOTAL MOT","-1","n/a",,"false","-1","n/a",,"false","192099144887","false",,"false",,"1582399674740","1582399674740","0","true","false",
"C","A","19940101","1994","52","1994","400","JOR","Jordan","X","Export","0","W00","World","0","W00","World","GG","GG","true","-2","ALL","0","false","C00","TOTAL CPC","0","0","TOTAL MOT","-1","n/a",,"false","-1","n/a",,"false","3795327789","false",,"false",,"5697307801","5697307801","0","true","false",
"C","A","19940101","1994","52","1994","410","KOR","Rep. of Korea","X","Export","0","W00","World","0","W00","World","GG","GG","true","-2","ALL","0","false","C00","TOTAL CPC","0","0","TOTAL MOT","-1","n/a",,"false","-1","n/a",,"false","126380167551","false",,"false",,"384030675386","384030675386","0","true","false",
"C","A","19940101","1994","52","1994","428","LVA","Latvia","X","Export","0","W00","World","0","W00","World","GG","GG","true","-2","ALL","0","false","C00","TOTAL CPC","0","0","TOTAL MOT","-1","n/a",,"false","-1","n/a",,"false","8538931402","false",,"false",,"3958758718","3958758718","0","true","false",
"C","A","19940101","1994","52","1994","440","LTU","Lithuania","X","Export","0","W00","World","0","W00","World","GG","GG","true","-2","ALL","0","false","C00","TOTAL CPC","0","0","TOTAL MOT","-1","n/a",,"false","-1","n/a",,"false","28934213072","false",,"false",,"8115981292","8115981292","0","true","false",
"C","A","19940101","1994","52","1994","446","MAC","China, Macao SAR","X","Export","0","W00","World","0","W00","World","GG","GG","true","-2","ALL","0","false","C00","TOTAL CPC","0","0","TOTAL MOT","-1","n/a",,"false","-1","n/a",,"false","1092474768","false",,"false",,"7488720838","7488720838","0","true","false",
"C","A","19940101","1994","52","1994","450","MDG","Madagascar","X","Export","0","W00","World","0","W00","World","GG","GG","true","-2","ALL","0","false","C00","TOTAL CPC","0","0","TOTAL MOT","-1","n/a",,"false","-1","n/a",,"false","616273278","false",,"false",,"1306451999","1306451999","0","true","false",
"C","A","19940101","1994","52","1994","454","MWI","Malawi","X","Export","0","W00","World","0","W00","World","GG","GG","true","-2","ALL","0","false","C00","TOTAL CPC","0","0","TOTAL MOT","-1","n/a",,"false","-1","n/a",,"false","492416476","false",,"false",,"1348346385","1348346385","0","true","false",
"C","A","19940101","1994","52","1994","458","MYS","Malaysia","X","Export","0","W00","World","0","W00","World","GG","GG","true","-2","ALL","0","false","C00","TOTAL CPC","0","0","TOTAL MOT","-1","n/a",,"false","-1","n/a",,"false","129644467585","false",,"false",,"235370574156","235370574156","0","true","false",
"C","A","19940101","1994","52","1994","470","MLT","Malta","X","Export","0","W00","World","0","W00","World","GG","GG","true","-2","ALL","0","false","C00","TOTAL CPC","0","0","TOTAL MOT","-1","n/a",,"false","-1","n/a",,"false","31116925","false",,"false",,"6230623857","6230623857","0","true","false",
"C","A","19940101","1994","52","1994","474","MTQ","Martinique (Overseas France)","X","Export","0","W00","World","0","W00","World","GG","GG","true","-2","ALL","0","false","C00","TOTAL CPC","0","0","TOTAL MOT","-1","n/a",,"false","-1","n/a",,"false","1420371559","false",,"false",,"874416946","874416946","0","true","false",
"C","A","19940101","1994","52","1994","480","MUS","Mauritius","X","Export","0","W00","World","0","W00","World","GG","GG","true","-2","ALL","0","false","C00","TOTAL CPC","0","0","TOTAL MOT","-1","n/a",,"false","-1","n/a",,"false","1471900248","false",,"false",,"5392037867","5392037867","0","true","false",
"C","A","19940101","1994","52","1994","484","MEX","Mexico","X","Export","0","W00","World","0","W00","World","GG","GG","true","-2","ALL","0","false","C00","TOTAL CPC","0","0","TOTAL MOT","-1","n/a",,"false","-1","n/a",,"false","235584643239","false",,"false",,"242474249720","242474249720","0","true","false",
"C","A","19940101","1994","52","1994","498","MDA","Rep. of Moldova","X","Export","0","W00","World","0","W00","World","GG","GG","true","-2","ALL","0","false","C00","TOTAL CPC","0","0","TOTAL MOT","-1","n/a",,"false","-1","n/a",,"false","2662928373","false",,"false",,"2263993504","2263993504","0","true","false",
"C","A","19940101","1994","52","1994","504","MAR","Morocco","X","Export","0","W00","World","0","W00","World","GG","GG","true","-2","ALL","0","false","C00","TOTAL CPC","0","0","TOTAL MOT","-1","n/a",,"false","-1","n/a",,"false","36842855537","false",,"false",,"16138349196","16138349196","0","true","false",
"C","A","19940101","1994","52","1994","508","MOZ","Mozambique","X","Export","0","W00","World","0","W00","World","GG","GG","true","-2","ALL","0","false","C00","TOTAL CPC","0","0","TOTAL MOT","-1","n/a",,"false","-1","n/a",,"false",,"false",,"false",,"491931000","491931000","0","true","false",
"C","A","19940101","1994","52","1994","512","OMN","Oman","X","Export","0","W00","World","0","W00","World","GG","GG","true","-2","ALL","0","false","C00","TOTAL CPC","0","0","TOTAL MOT","-1","n/a",,"false","-1","n/a",,"false","69799551787","false",,"false",,"21673189765","21673189765","0","true","false",
"C","A","19940101","1994","52","1994","524","NPL","Nepal","X","Export","0","W00","World","0","W00","World","GG","GG","true","-2","ALL","0","false","C00","TOTAL CPC","0","0","TOTAL MOT","-1","n/a",,"false","-1","n/a",,"false",,"false",,"false",,"1539355297","1539355297","0","true","false",
"C","A","19940101","1994","52","1994","528","NLD","Netherlands","X","Export","0","W00","World","0","W00","World","GG","GG","true","-2","ALL","0","false","C00","TOTAL CPC","0","0","TOTAL MOT","-1","n/a",,"false","-1","n/a",,"false","392547707055","false",,"false",,"583300805212","583300805212","0","true","false",
"C","A","19940101","1994","52","1994","548","VUT","Vanuatu","X","Export","0","W00","World","0","W00","World","GG","GG","true","-2","ALL","0","false","C00","TOTAL CPC","0","0","TOTAL MOT","-1","n/a",,"false","-1","n/a",,"false","77820176","false",,"false",,"82936612","82936612","0","true","false",
"C","A","19940101","1994","52","1994","554","NZL","New Zealand","X","Export","0","W00","World","0","W00","World","GG","GG","true","-2","ALL","0","false","C00","TOTAL CPC","0","0","TOTAL MOT","-1","n/a",,"false","-1","n/a",,"false","27339441306","false",,"false",,"48741903184","48741903184","0","true","false",
"C","A","19940101","1994","52","1994","558","NIC","Nicaragua","X","Export","0","W00","World","0","W00","World","GG","GG","true","-2","ALL","0","false","C00","TOTAL CPC","0","0","TOTAL MOT","-1","n/a",,"false","-1","n/a",,"false","928076842","false",,"false",,"1404429074","1404429074","0","true","false",
"C","A","19940101","1994","52","1994","579","NOR","Norway","X","Export","0","W00","World","0","W00","World","GG","GG","true","-2","ALL","0","false","C00","TOTAL CPC","0","0","TOTAL MOT","-1","n/a",,"false","-1","n/a",,"false","335700684471","false",,"false",,"138974116707","138974116707","0","true","false",
"C","A","19940101","1994","52","1994","600","PRY","Paraguay","X","Export","0","W00","World","0","W00","World","GG","GG","true","-2","ALL","0","false","C00","TOTAL CPC","0","0","TOTAL MOT","-1","n/a",,"false","-1","n/a",,"false","5236247860","false",,"false",,"3267329863","3267329863","0","true","false",
"C","A","19940101","1994","52","1994","604","PER","Peru","X","Export","0","W00","World","0","W00","World","GG","GG","true","-2","ALL","0","false","C00","TOTAL CPC","0","0","TOTAL MOT","-1","n/a",,"false","-1","n/a",,"false","25020037726","false",,"false",,"17555582318","17555582318","0","true","false",
"C","A","19940101","1994","52","1994","616","POL","Poland","X","Export","0","W00","World","0","W00","World","GG","GG","true","-2","ALL","0","false","C00","TOTAL CPC","0","0","TOTAL MOT","-1","n/a",,"false","-1","n/a",,"false","138607168456","false",,"false",,"68777475928","68777475928","0","true","false",
"C","A","19940101","1994","52","1994","620","PRT","Portugal","X","Export","0","W00","World","0","W00","World","GG","GG","true","-2","ALL","0","false","C00","TOTAL CPC","0","0","TOTAL MOT","-1","n/a",,"false","-1","n/a",,"false","31758450713","false",,"false",,"71922930923","71922930923","0","true","false",
"C","A","19940101","1994","52","1994","638","REU","Réunion (Overseas France)","X","Export","0","W00","World","0","W00","World","GG","GG","true","-2","ALL","0","false","C00","TOTAL CPC","0","0","TOTAL MOT","-1","n/a",,"false","-1","n/a",,"true","432235326","false",,"false",,"683914962","683914962","0","false","false",
"C","A","19940101","1994","52","1994","642","ROU","Romania","X","Export","0","W00","World","0","W00","World","GG","GG","true","-2","ALL","0","false","C00","TOTAL CPC","0","0","TOTAL MOT","-1","n/a",,"false","-1","n/a",,"false","32146143469","false",,"false",,"24604979784","24604979784","0","true","false",
"C","A","19940101","1994","52","1994","659","KNA","Saint Kitts and Nevis","X","Export","0","W00","World","0","W00","World","GG","GG","true","-2","ALL","0","false","C00","TOTAL CPC","0","0","TOTAL MOT","-1","n/a",,"false","-1","n/a",,"false","64859610","false",,"false",,"89087936","89087936","0","true","false",
"C","A","19940101","1994","52","1994","662","LCA","Saint Lucia","X","Export","0","W00","World","0","W00","World","GG","GG","true","-2","ALL","0","false","C00","TOTAL CPC","0","0","TOTAL MOT","-1","n/a",,"false","-1","n/a",,"false","222285087","false",,"false",,"378601383","378601383","0","true","false",
"C","A","19940101","1994","52","1994","670","VCT","Saint Vincent and the Grenadines","X","Export","0","W00","World","0","W00","World","GG","GG","true","-2","ALL","0","false","C00","TOTAL CPC","0","0","TOTAL MOT","-1","n/a",,"false","-1","n/a",,"false","186685644","false",,"false",,"201401455","201401455","0","true","false",
"C","A","19940101","1994","52","1994","682","SAU","Saudi Arabia","X","Export","0","W00","World","0","W00","World","GG","GG","true","-2","ALL","0","false","C00","TOTAL CPC","0","0","TOTAL MOT","-1","n/a",,"false","-1","n/a",,"false","648883793554","false",,"false",,"171496753633","171496753633","0","true","false",
"C","A","19940101","1994","52","1994","690","SYC","Seychelles","X","Export","0","W00","World","0","W00","World","GG","GG","true","-2","ALL","0","false","C00","TOTAL CPC","0","0","TOTAL MOT","-1","n/a",,"false","-1","n/a",,"false","253809566","false",,"false",,"207086333","207086333","0","true","false",
"C","A","19940101","1994","52","1994","699","IND","India","X","Export","0","W00","World","0","W00","World","GG","GG","true","-2","ALL","0","false","C00","TOTAL CPC","0","0","TOTAL MOT","-1","n/a",,"false","-1","n/a",,"false","90443882449","false",,"false",,"105320020749","105320020749","0","true","false",
"C","A","19940101","1994","52","1994","702","SGP","Singapore","X","Export","0","W00","World","0","W00","World","GG","GG","true","-2","ALL","0","false","C00","TOTAL CPC","0","0","TOTAL MOT","-1","n/a",,"false","-1","n/a",,"false","144606049490","false",,"false",,"387298201909","387298201909","0","true","false",
"C","A","19940101","1994","52","1994","703","SVK","Slovakia","X","Export","0","W00","World","0","W00","World","GG","GG","true","-2","ALL","0","false","C00","TOTAL CPC","0","0","TOTAL MOT","-1","n/a",,"false","-1","n/a",,"false","123141681604","false",,"false",,"26760908957","26760908957","0","true","false",
"C","A","19940101","1994","52","1994","705","SVN","Slovenia","X","Export","0","W00","World","0","W00","World","GG","GG","true","-2","ALL","0","false","C00","TOTAL CPC","0","0","TOTAL MOT","-1","n/a",,"false","-1","n/a",,"false","13671390275","false",,"false",,"20456125862","20456125862","0","true","false",
"C","A","19940101","1994","52","1994","711","ZA1","Southern African Customs Union (...1999)","X","Export","0","W00","World","0","W00","World","GG","GG","true","-2","ALL","0","false","C00","TOTAL CPC","0","0","TOTAL MOT","-1","n/a",,"false","-1","n/a",,"false","236329596652","false",,"false",,"102486002548","102486002548","0","true","false",
"C","A","19940101","1994","52","1994","724","ESP","Spain","X","Export","0","W00","World","0","W00","World","GG","GG","true","-2","ALL","0","false","C00","TOTAL CPC","0","0","TOTAL MOT","-1","n/a",,"false","-1","n/a",,"false","135801351274","false",,"false",,"292751500393","292751500393","0","true","false",
"C","A","19940101","1994","52","1994","740","SUR","Suriname","X","Export","0","W00","World","0","W00","World","GG","GG","true","-2","ALL","0","false","C00","TOTAL CPC","0","0","TOTAL MOT","-1","n/a",,"false","-1","n/a",,"false","3460202175","false",,"false",,"2147042068","2147042068","0","true","false",
"C","A","19940101","1994","52","1994","752","SWE","Sweden","X","Export","0","W00","World","0","W00","World","GG","GG","true","-2","ALL","0","false","C00","TOTAL CPC","0","0","TOTAL MOT","-1","n/a",,"false","-1","n/a",,"false","120227814087","false",,"false",,"244308448383","244308448383","0","true","false",
"C","A","19940101","1994","52","1994","757","CHE","Switzerland","X","Export","0","W00","World","0","W00","World","GG","GG","true","-2","ALL","0","false","C00","TOTAL CPC","0","0","TOTAL MOT","-1","n/a",,"false","-1","n/a",,"false","19094972458","false",,"false",,"281440082491","281440082491","0","true","false",
"C","A","19940101","1994","52","1994","764","THA","Thailand","X","Export","0","W00","World","0","W00","World","GG","GG","true","-2","ALL","0","false","C00","TOTAL CPC","0","0","TOTAL MOT","-1","n/a",,"false","-1","n/a",,"false","70674443896","false",,"false",,"180941972324","180941972324","0","true","false",
"C","A","19940101","1994","52","1994","768","TGO","Togo","X","Export","0","W00","World","0","W00","World","GG","GG","true","-2","ALL","0","false","C00","TOTAL CPC","0","0","TOTAL MOT","-1","n/a",,"false","-1","n/a",,"false","4765920764","false",,"false",,"646938305","646938305","0","true","false",
"C","A","19940101","1994","52","1994","780","TTO","Trinidad and Tobago","X","Export","0","W00","World","0","W00","World","GG","GG","true","-2","ALL","0","false","C00","TOTAL CPC","0","0","TOTAL MOT","-1","n/a",,"false","-1","n/a",,"false","21688811093","false",,"false",,"7067606826","7067606826","0","true","false",
"C","A","19940101","1994","52","1994","788","TUN","Tunisia","X","Export","0","W00","World","0","W00","World","GG","GG","true","-2","ALL","0","false","C00","TOTAL CPC","0","0","TOTAL MOT","-1","n/a",,"false","-1","n/a",,"false","20924675238","false",,"false",,"18337791566","18337791566","0","true","false",
"C","A","19940101","1994","52","1994","792","TUR","Türkiye","X","Export","0","W00","World","0","W00","World","GG","GG","true","-2","ALL","0","false","C00","TOTAL CPC","0","0","TOTAL MOT","-1","n/a",,"false","-1","n/a",,"false","57515964597","false",,"false",,"72424119888","72424119888","0","true","false",
"C","A","19940101","1994","52","1994","800","UGA","Uganda","X","Export","0","W00","World","0","W00","World","GG","GG","true","-2","ALL","0","false","C00","TOTAL CPC","0","0","TOTAL MOT","-1","n/a",,"false","-1","n/a",,"false","787810638","false",,"false",,"1796429921","1796429921","0","true","false",
"C","A","19940101","1994","52","1994","807","MKD","North Macedonia","X","Export","0","W00","World","0","W00","World","GG","GG","true","-2","ALL","0","false","C00","TOTAL CPC","0","0","TOTAL MOT","-1","n/a",,"false","-1","n/a",,"false","2036242081","false",,"false",,"4344682165","4344682165","0","true","false",
"C","A","19940101","1994","52","1994","818","EGY","Egypt","X","Export","0","W00","World","0","W00","World","GG","GG","true","-2","ALL","0","false","C00","TOTAL CPC","0","0","TOTAL MOT","-1","n/a",,"false","-1","n/a",,"false","35978089752","false",,"false",,"13890166938","13890166938","0","true","false",
"C","A","19940101","1994","52","1994","826","GBR","United Kingdom","X","Export","0","W00","World","0","W00","World","GG","GG","true","-2","ALL","0","false","C00","TOTAL CPC","0","0","TOTAL MOT","-1","n/a",,"false","-1","n/a",,"false","347228800088","false",,"false",,"795189362979","795189362979","0","true","false",
"C","A","19940101","1994","52","1994","842","USA","USA","X","Export","0","W00","World","0","W00","World","GG","GG","true","-2","ALL","0","false","C00","TOTAL CPC","0","0","TOTAL MOT","-1","n/a",,"false","-1","n/a",,"false","898236181442","false",,"false",,"2049347419840","2049347419840","0","true","false",
"C","A","19940101","1994","52","1994","858","URY","Uruguay","X","Export","0","W00","World","0","W00","World","GG","GG","true","-2","ALL","0","false","C00","TOTAL CPC","0","0","TOTAL MOT","-1","n/a",,"false","-1","n/a",,"false","4148415284","false",,"false",,"7657902661","7657902661","0","true","false",
"C","A","19940101","1994","52","1994","862","VEN","Venezuela","X","Export","0","W00","World","0","W00","World","GG","GG","true","-2","ALL","0","false","C00","TOTAL CPC","0","0","TOTAL MOT","-1","n/a",,"false","-1","n/a",,"false","24044156873","false",,"false",,"66448123880","66448123880","0","true","false",
"C","A","19950101","1995","52","1995","12","DZA","Algeria","X","Export","0","W00","World","0","W00","World","GG","GG","true","-2","ALL","0","false","C00","TOTAL CPC","0","0","TOTAL MOT","-1","n/a",,"false","-1","n/a",,"false","132603380885","false",,"false",,"37426720927","37426720927","0","true","false",
"C","A","19950101","1995","52","1995","20","AND","Andorra","X","Export","0","W00","World","0","W00","World","GG","GG","true","-2","ALL","0","false","C00","TOTAL CPC","0","0","TOTAL MOT","-1","n/a",,"false","-1","n/a",,"false","687149861","false",,"false",,"191212557","191212557","0","true","false",
"C","A","19950101","1995","52","1995","32","ARG","Argentina","X","Export","0","W00","World","0","W00","World","GG","GG","true","-2","ALL","0","false","C00","TOTAL CPC","0","0","TOTAL MOT","-1","n/a",,"false","-1","n/a",,"false","115428481149","false",,"false",,"83850298729","83850298729","0","true","false",
"C","A","19950101","1995","52","1995","36","AUS","Australia","X","Export","0","W00","World","0","W00","World","GG","GG","true","-2","ALL","0","false","C00","TOTAL CPC","0","0","TOTAL MOT","-1","n/a",,"false","-1","n/a",,"false","690362632714","false",,"false",,"211258013590","211258013590","0","true","false",
"C","A","19950101","1995","52","1995","40","AUT","Austria","X","Export","0","W00","World","0","W00","World","GG","GG","true","-2","ALL","0","false","C00","TOTAL CPC","0","0","TOTAL MOT","-1","n/a",,"false","-1","n/a",,"false","51159930464","false",,"false",,"221732592704","221732592704","0","true","false",
"C","A","19950101","1995","52","1995","50","BGD","Bangladesh","X","Export","0","W00","World","0","W00","World","GG","GG","true","-2","ALL","0","false","C00","TOTAL CPC","0","0","TOTAL MOT","-1","n/a",,"false","-1","n/a",,"false","3067644331","false",,"false",,"13628964652","13628964652","0","true","false",
"C","A","19950101","1995","52","1995","58","BEL","Belgium-Luxembourg (...1998)","X","Export","0","W00","World","0","W00","World","GG","GG","true","-2","ALL","0","false","C00","TOTAL CPC","0","0","TOTAL MOT","-1","n/a",,"false","-1","n/a",,"false","276785864174","false",,"false",,"672614433936","672614433936","0","true","false",
"C","A","19950101","1995","52","1995","60","BMU","Bermuda","X","Export","0","W00","World","0","W00","World","GG","GG","true","-2","ALL","0","false","C00","TOTAL CPC","0","0","TOTAL MOT","-1","n/a",,"false","-1","n/a",,"false","686160","false",,"false",,"251716899","251716899","0","true","false",
"C","A","19950101","1995","52","1995","68","BOL","Bolivia (Plurinational State of)","X","Export","0","W00","World","0","W00","World","GG","GG","true","-2","ALL","0","false","C00","TOTAL CPC","0","0","TOTAL MOT","-1","n/a",,"false","-1","n/a",,"false","8643892521","false",,"false",,"4724848293","4724848293","0","true","false",
"C","A","19950101","1995","52","1995","76","BRA","Brazil","X","Export","0","W00","World","0","W00","World","GG","GG","true","-2","ALL","0","false","C00","TOTAL CPC","0","0","TOTAL MOT","-1","n/a",,"false","-1","n/a",,"false","401603573296","false",,"false",,"186019727658","186019727658","0","true","false",
"C","A","19950101","1995","52","1995","84","BLZ","Belize","X","Export","0","W00","World","0","W00","World","GG","GG","true","-2","ALL","0","false","C00","TOTAL CPC","0","0","TOTAL MOT","-1","n/a",,"false","-1","n/a",,"false","384953266","false",,"false",,"646720616","646720616","0","true","false",
"C","A","19950101","1995","52","1995","108","BDI","Burundi","X","Export","0","W00","World","0","W00","World","GG","GG","true","-2","ALL","0","false","C00","TOTAL CPC","0","0","TOTAL MOT","-1","n/a",,"false","-1","n/a",,"false","104779538","false",,"false",,"715757518","715757518","0","true","false",
"C","A","19950101","1995","52","1995","120","CMR","Cameroon","X","Export","0","W00","World","0","W00","World","GG","GG","true","-2","ALL","0","false","C00","TOTAL CPC","0","0","TOTAL MOT","-1","n/a",,"false","-1","n/a",,"false","11111987309","false",,"false",,"6154873039","6154873039","0","true","false",
"C","A","19950101","1995","52","1995","124","CAN","Canada","X","Export","0","W00","World","0","W00","World","GG","GG","true","-2","ALL","0","false","C00","TOTAL CPC","0","0","TOTAL MOT","-1","n/a",,"false","-1","n/a",,"false","571780997751","false",,"false",,"764470976604","764470976604","0","true","false",
"C","A","19950101","1995","52","1995","140","CAF","Central African Rep.","X","Export","0","W00","World","0","W00","World","GG","GG","true","-2","ALL","0","false","C00","TOTAL CPC","0","0","TOTAL MOT","-1","n/a",,"false","-1","n/a",,"false","116801468","false",,"false",,"478085765","478085765","0","true","false",
"C","A","19950101","1995","52","1995","152","CHL","Chile","X","Export","0","W00","World","0","W00","World","GG","GG","true","-2","ALL","0","false","C00","TOTAL CPC","0","0","TOTAL MOT","-1","n/a",,"false","-1","n/a",,"false","49010307795","false",,"false",,"63604546792","63604546792","0","true","false",
"C","A","19950101","1995","52","1995","156","CHN","China","X","Export","0","W00","World","0","W00","World","GG","GG","true","-2","ALL","0","false","C00","TOTAL CPC","0","0","TOTAL MOT","-1","n/a",,"false","-1","n/a",,"false","1792251355547","false",,"false",,"594790425098","594790425098","0","true","false",
"C","A","19950101","1995","52","1995","170","COL","Colombia","X","Export","0","W00","World","0","W00","World","GG","GG","true","-2","ALL","0","false","C00","TOTAL CPC","0","0","TOTAL MOT","-1","n/a",,"false","-1","n/a",,"false","86328614428","false",,"false",,"40804193895","40804193895","0","true","false",
"C","A","19950101","1995","52","1995","174","COM","Comoros","X","Export","0","W00","World","0","W00","World","GG","GG","true","-2","ALL","0","false","C00","TOTAL CPC","0","0","TOTAL MOT","-1","n/a",,"false","-1","n/a",,"false","1865114","false",,"false",,"44097424","44097424","0","true","false",
"C","A","19950101","1995","52","1995","178","COG","Congo","X","Export","0","W00","World","0","W00","World","GG","GG","true","-2","ALL","0","false","C00","TOTAL CPC","0","0","TOTAL MOT","-1","n/a",,"false","-1","n/a",,"false","17237166623","false",,"false",,"4359170528","4359170528","0","true","false",
"C","A","19950101","1995","52","1995","188","CRI","Costa Rica","X","Export","0","W00","World","0","W00","World","GG","GG","true","-2","ALL","0","false","C00","TOTAL CPC","0","0","TOTAL MOT","-1","n/a",,"false","-1","n/a",,"false","7541315960","false",,"false",,"10807018866","10807018866","0","true","false",
"C","A","19950101","1995","52","1995","191","HRV","Croatia","X","Export","0","W00","World","0","W00","World","GG","GG","true","-2","ALL","0","false","C00","TOTAL CPC","0","0","TOTAL MOT","-1","n/a",,"false","-1","n/a",,"false","15268198287","false",,"false",,"18530623627","18530623627","0","true","false",
"C","A","19950101","1995","52","1995","196","CYP","Cyprus","X","Export","0","W00","World","0","W00","World","GG","GG","true","-2","ALL","0","false","C00","TOTAL CPC","0","0","TOTAL MOT","-1","n/a",,"false","-1","n/a",,"false","2930720490","false",,"false",,"4922177021","4922177021","0","true","false",
"C","A","19950101","1995","52","1995","203","CZE","Czechia","X","Export","0","W00","World","0","W00","World","GG","GG","true","-2","ALL","0","false","C00","TOTAL CPC","0","0","TOTAL MOT","-1","n/a",,"false","-1","n/a",,"false","86818015044","false",,"false",,"86742262575","86742262575","0","true","false",
"C","A","19950101","1995","52","1995","208","DNK","Denmark","X","Export","0","W00","World","0","W00","World","GG","GG","true","-2","ALL","0","false","C00","TOTAL CPC","0","0","TOTAL MOT","-1","n/a",,"false","-1","n/a",,"false","55998358622","false",,"false",,"195156511546","195156511546","0","true","false",
"C","A","19950101","1995","52","1995","212","DMA","Dominica","X","Export","0","W00","World","0","W00","World","GG","GG","true","-2","ALL","0","false","C00","TOTAL CPC","0","0","TOTAL MOT","-1","n/a",,"false","-1","n/a",,"false","312208801","false",,"false",,"180973098","180973098","0","true","false",
"C","A","19950101","1995","52","1995","218","ECU","Ecuador","X","Export","0","W00","World","0","W00","World","GG","GG","true","-2","ALL","0","false","C00","TOTAL CPC","0","0","TOTAL MOT","-1","n/a",,"false","-1","n/a",,"false","35973351747","false",,"false",,"17445987653","17445987653","0","true","false",
"C","A","19950101","1995","52","1995","222","SLV","El Salvador","X","Export","0","W00","World","0","W00","World","GG","GG","true","-2","ALL","0","false","C00","TOTAL CPC","0","0","TOTAL MOT","-1","n/a",,"false","-1","n/a",,"false","1112920303","false",,"false",,"3940797440","3940797440","0","true","false",
"C","A","19950101","1995","52","1995","231","ETH","Ethiopia","X","Export","0","W00","World","0","W00","World","GG","GG","true","-2","ALL","0","false","C00","TOTAL CPC","0","0","TOTAL MOT","-1","n/a",,"false","-1","n/a",,"false","552210798","false",,"false",,"1687740318","1687740318","0","true","false",
"C","A","19950101","1995","52","1995","233","EST","Estonia","X","Export","0","W00","World","0","W00","World","GG","GG","true","-2","ALL","0","false","C00","TOTAL CPC","0","0","TOTAL MOT","-1","n/a",,"false","-1","n/a",,"false","10467016663","false",,"false",,"7361513110","7361513110","0","true","false",
"C","A","19950101","1995","52","1995","246","FIN","Finland","X","Export","0","W00","World","0","W00","World","GG","GG","true","-2","ALL","0","false","C00","TOTAL CPC","0","0","TOTAL MOT","-1","n/a",,"false","-1","n/a",,"false","53551789738","false",,"false",,"161634092718","161634092718","0","true","false",
"C","A","19950101","1995","52","1995","251","FRA","France","X","Export","0","W00","World","0","W00","World","GG","GG","true","-2","ALL","0","false","C00","TOTAL CPC","0","0","TOTAL MOT","-1","n/a",,"false","-1","n/a",,"false","314703014535","false",,"false",,"1121024209741","1121024209741","0","true","false",
"C","A","19950101","1995","52","1995","254","GUF","French Guiana (Overseas France)","X","Export","0","W00","World","0","W00","World","GG","GG","true","-2","ALL","0","false","C00","TOTAL CPC","0","0","TOTAL MOT","-1","n/a",,"false","-1","n/a",,"false","103049934","false",,"false",,"632672111","632672111","0","true","false",
"C","A","19950101","1995","52","1995","270","GMB","Gambia","X","Export","0","W00","World","0","W00","World","GG","GG","true","-2","ALL","0","false","C00","TOTAL CPC","0","0","TOTAL MOT","-1","n/a",,"false","-1","n/a",,"false","21709114","false",,"false",,"74948173","74948173","0","true","false",
"C","A","19950101","1995","52","1995","276","DEU","Germany","X","Export","0","W00","World","0","W00","World","GG","GG","true","-2","ALL","0","false","C00","TOTAL CPC","0","0","TOTAL MOT","-1","n/a",,"false","-1","n/a",,"false","445555123092","false",,"false",,"2083838362312","2083838362312","0","true","false",
"C","A","19950101","1995","52","1995","296","KIR","Kiribati","X","Export","0","W00","World","0","W00","World","GG","GG","true","-2","ALL","0","false","C00","TOTAL CPC","0","0","TOTAL MOT","-1","n/a",,"false","-1","n/a",,"false","27162878","false",,"false",,"28764932","28764932","0","true","false",
"C","A","19950101","1995","52","1995","300","GRC","Greece","X","Export","0","W00","World","0","W00","World","GG","GG","true","-2","ALL","0","false","C00","TOTAL CPC","0","0","TOTAL MOT","-1","n/a",,"false","-1","n/a",,"false","42637744553","false",,"false",,"43700760881","43700760881","0","true","false",
"C","A","19950101","1995","52","1995","304","GRL","Greenland","X","Export","0","W00","World","0","W00","World","GG","GG","true","-2","ALL","0","false","C00","TOTAL CPC","0","0","TOTAL MOT","-1","n/a",,"false","-1","n/a",,"false","139248441","false",,"false",,"1454570520","1454570520","0","true","false",
"C","A","19950101","1995","52","1995","308","GRD","Grenada","X","Export","0","W00","World","0","W00","World","GG","GG","true","-2","ALL","0","false","C00","TOTAL CPC","0","0","TOTAL MOT","-1","n/a",,"false","-1","n/a",,"false","35517182","false",,"false",,"86953048","86953048","0","true","false",
"C","A","19950101","1995","52","1995","312","GLP","Guadeloupe (Overseas France)","X","Export","0","W00","World","0","W00","World","GG","GG","true","-2","ALL","0","false","C00","TOTAL CPC","0","0","TOTAL MOT","-1","n/a",,"false","-1","n/a",,"false","286418106","false",,"false",,"647895099","647895099","0","true","false",
"C","A","19950101","1995","52","1995","320","GTM","Guatemala","X","Export","0","W00","World","0","W00","World","GG","GG","true","-2","ALL","0","false","C00","TOTAL CPC","0","0","TOTAL MOT","-1","n/a",,"false","-1","n/a",,"false","6494225163","false",,"false",,"7742045722","7742045722","0","true","false",
"C","A","19950101","1995","52","1995","324","GIN","Guinea","X","Export","0","W00","World","0","W00","World","GG","GG","true","-2","ALL","0","false","C00","TOTAL CPC","0","0","TOTAL MOT","-1","n/a",,"false","-1","n/a",,"false","26133703250","false",,"false",,"2807443142","2807443142","0","true","false",
"C","A","19950101","1995","52","1995","332","HTI","Haiti","X","Export","0","W00","World","0","W00","World","GG","GG","true","-2","ALL","0","false","C00","TOTAL CPC","0","0","TOTAL MOT","-1","n/a",,"false","-1","n/a",,"false","84900822","false",,"false",,"140107459","140107459","0","true","false",
"C","A","19950101","1995","52","1995","340","HND","Honduras","X","Export","0","W00","World","0","W00","World","GG","GG","true","-2","ALL","0","false","C00","TOTAL CPC","0","0","TOTAL MOT","-1","n/a",,"false","-1","n/a",,"false","2294426889","false",,"false",,"2624042508","2624042508","0","true","false",
"C","A","19950101","1995","52","1995","344","HKG","China, Hong Kong SAR","X","Export","0","W00","World","0","W00","World","GG","GG","true","-2","ALL","0","false","C00","TOTAL CPC","0","0","TOTAL MOT","-1","n/a",,"false","-1","n/a",,"false","62097576380","false",,"false",,"695483050280","695483050280","0","true","false",
"C","A","19950101","1995","52","1995","348","HUN","Hungary","X","Export","0","W00","World","0","W00","World","GG","GG","true","-2","ALL","0","false","C00","TOTAL CPC","0","0","TOTAL MOT","-1","n/a",,"false","-1","n/a",,"false","32032927174","false",,"false",,"49808092376","49808092376","0","true","false",
"C","A","19950101","1995","52","1995","352","ISL","Iceland","X","Export","0","W00","World","0","W00","World","GG","GG","true","-2","ALL","0","false","C00","TOTAL CPC","0","0","TOTAL MOT","-1","n/a",,"false","-1","n/a",,"false","2397969079","false",,"false",,"7210022020","7210022020","0","true","false",
"C","A","19950101","1995","52","1995","360","IDN","Indonesia","X","Export","0","W00","World","0","W00","World","GG","GG","true","-2","ALL","0","false","C00","TOTAL CPC","0","0","TOTAL MOT","-1","n/a",,"false","-1","n/a",,"false","492223163536","false",,"false",,"181671850667","181671850667","0","true","false",
"C","A","19950101","1995","52","1995","372","IRL","Ireland","X","Export","0","W00","World","0","W00","World","GG","GG","true","-2","ALL","0","false","C00","TOTAL CPC","0","0","TOTAL MOT","-1","n/a",,"false","-1","n/a",,"false","21627514089","false",,"false",,"175157368944","175157368944","0","true","false",
"C","A","19950101","1995","52","1995","376","ISR","Israel","X","Export","0","W00","World","0","W00","World","GG","GG","true","-2","ALL","0","false","C00","TOTAL CPC","0","0","TOTAL MOT","-1","n/a",,"false","-1","n/a",,"false",,"false",,"false",,"76185243192","76185243192","0","true","false",
"C","A","19950101","1995","52","1995","380","ITA","Italy","X","Export","0","W00","World","0","W00","World","GG","GG","true","-2","ALL","0","false","C00","TOTAL CPC","0","0","TOTAL MOT","-1","n/a",,"false","-1","n/a",,"true","180448966158","false",,"false",,"921765923147","921765923147","0","false","false",
"C","A","19950101","1995","52","1995","384","CIV","Côte d'Ivoire","X","Export","0","W00","World","0","W00","World","GG","GG","true","-2","ALL","0","false","C00","TOTAL CPC","0","0","TOTAL MOT","-1","n/a",,"false","-1","n/a",,"false","11608819177","false",,"false",,"14944602316","14944602316","0","true","false",
"C","A","19950101","1995","52","1995","392","JPN","Japan","X","Export","0","W00","World","0","W00","World","GG","GG","true","-2","ALL","0","false","C00","TOTAL CPC","0","0","TOTAL MOT","-1","n/a",,"false","-1","n/a",,"false","198646515142","false",,"false",,"1771749438740","1771749438740","0","true","false",
"C","A","19950101","1995","52","1995","398","KAZ","Kazakhstan","X","Export","0","W00","World","0","W00","World","GG","GG","true","-2","ALL","0","false","C00","TOTAL CPC","0","0","TOTAL MOT","-1","n/a",,"false","-1","n/a",,"false","180982634304","false",,"false",,"15680165610","15680165610","0","true","false",
"C","A","19950101","1995","52","1995","400","JOR","Jordan","X","Export","0","W00","World","0","W00","World","GG","GG","true","-2","ALL","0","false","C00","TOTAL CPC","0","0","TOTAL MOT","-1","n/a",,"false","-1","n/a",,"false","3969620788","false",,"false",,"7075398562","7075398562","0","true","false",
"C","A","19950101","1995","52","1995","410","KOR","Rep. of Korea","X","Export","0","W00","World","0","W00","World","GG","GG","true","-2","ALL","0","false","C00","TOTAL CPC","0","0","TOTAL MOT","-1","n/a",,"false","-1","n/a",,"false","140691688170","false",,"false",,"500225801631","500225801631","0","true","false",
"C","A","19950101","1995","52","1995","417","KGZ","Kyrgyzstan","X","Export","0","W00","World","0","W00","World","GG","GG","true","-2","ALL","0","false","C00","TOTAL CPC","0","0","TOTAL MOT","-1","n/a",,"false","-1","n/a",,"false","1467065128","false",,"false",,"1648165162","1648165162","0","true","false",
"C","A","19950101","1995","52","1995","428","LVA","Latvia","X","Export","0","W00","World","0","W00","World","GG","GG","true","-2","ALL","0","false","C00","TOTAL CPC","0","0","TOTAL MOT","-1","n/a",,"false","-1","n/a",,"false","11910577095","false",,"false",,"5220026508","5220026508","0","true","false",
"C","A","19950101","1995","52","1995","440","LTU","Lithuania","X","Export","0","W00","World","0","W00","World","GG","GG","true","-2","ALL","0","false","C00","TOTAL CPC","0","0","TOTAL MOT","-1","n/a",,"false","-1","n/a",,"false","14985093309","false",,"false",,"10822648764","10822648764","0","true","false",
"C","A","19950101","1995","52","1995","446","MAC","China, Macao SAR","X","Export","0","W00","World","0","W00","World","GG","GG","true","-2","ALL","0","false","C00","TOTAL CPC","0","0","TOTAL MOT","-1","n/a",,"false","-1","n/a",,"false","1131045247","false",,"false",,"8098724511","8098724511","0","true","false",
"C","A","19950101","1995","52","1995","450","MDG","Madagascar","X","Export","0","W00","World","0","W00","World","GG","GG","true","-2","ALL","0","false","C00","TOTAL CPC","0","0","TOTAL MOT","-1","n/a",,"false","-1","n/a",,"false","940983898","false",,"false",,"1439490043","1439490043","0","true","false",
"C","A","19950101","1995","52","1995","454","MWI","Malawi","X","Export","0","W00","World","0","W00","World","GG","GG","true","-2","ALL","0","false","C00","TOTAL CPC","0","0","TOTAL MOT","-1","n/a",,"false","-1","n/a",,"false","831964411","false",,"false",,"1733374279","1733374279","0","true","false",
"C","A","19950101","1995","52","1995","458","MYS","Malaysia","X","Export","0","W00","World","0","W00","World","GG","GG","true","-2","ALL","0","false","C00","TOTAL CPC","0","0","TOTAL MOT","-1","n/a",,"false","-1","n/a",,"false","133720117564","false",,"false",,"295112595588","295112595588","0","true","false",
"C","A","19950101","1995","52","1995","462","MDV","Maldives","X","Export","0","W00","World","0","W00","World","GG","GG","true","-2","ALL","0","false","C00","TOTAL CPC","0","0","TOTAL MOT","-1","n/a",,"false","-1","n/a",,"false","31259526","false",,"false",,"199217517","199217517","0","true","false",
"C","A","19950101","1995","52","1995","470","MLT","Malta","X","Export","0","W00","World","0","W00","World","GG","GG","true","-2","ALL","0","false","C00","TOTAL CPC","0","0","TOTAL MOT","-1","n/a",,"false","-1","n/a",,"false","336542469","false",,"false",,"7652872015","7652872015","0","true","false",
"C","A","19950101","1995","52","1995","474","MTQ","Martinique (Overseas France)","X","Export","0","W00","World","0","W00","World","GG","GG","true","-2","ALL","0","false","C00","TOTAL CPC","0","0","TOTAL MOT","-1","n/a",,"false","-1","n/a",,"false","1302901209","false",,"false",,"967661971","967661971","0","true","false",
"C","A","19950101","1995","52","1995","480","MUS","Mauritius","X","Export","0","W00","World","0","W00","World","GG","GG","true","-2","ALL","0","false","C00","TOTAL CPC","0","0","TOTAL MOT","-1","n/a",,"false","-1","n/a",,"false","1539036162","false",,"false",,"6153138708","6153138708","0","true","false",
"C","A","19950101","1995","52","1995","484","MEX","Mexico","X","Export","0","W00","World","0","W00","World","GG","GG","true","-2","ALL","0","false","C00","TOTAL CPC","0","0","TOTAL MOT","-1","n/a",,"false","-1","n/a",,"false","243544450908","false",,"false",,"318162623824","318162623824","0","true","false",
"C","A","19950101","1995","52","1995","498","MDA","Rep. of Moldova","X","Export","0","W00","World","0","W00","World","GG","GG","true","-2","ALL","0","false","C00","TOTAL CPC","0","0","TOTAL MOT","-1","n/a",,"false","-1","n/a",,"false","2892995912","false",,"false",,"2982108709","2982108709","0","true","false",
"C","A","19950101","1995","52","1995","504","MAR","Morocco","X","Export","0","W00","World","0","W00","World","GG","GG","true","-2","ALL","0","false","C00","TOTAL CPC","0","0","TOTAL MOT","-1","n/a",,"false","-1","n/a",,"false","35338693098","false",,"false",,"18875508416","18875508416","0","true","false",
"C","A","19950101","1995","52","1995","508","MOZ","Mozambique","X","Export","0","W00","World","0","W00","World","GG","GG","true","-2","ALL","0","false","C00","TOTAL CPC","0","0","TOTAL MOT","-1","n/a",,"false","-1","n/a",,"false",,"false",,"false",,"522885000","522885000","0","true","false",
"C","A","19950101","1995","52","1995","512","OMN","Oman","X","Export","0","W00","World","0","W00","World","GG","GG","true","-2","ALL","0","false","C00","TOTAL CPC","0","0","TOTAL MOT","-1","n/a",,"false","-1","n/a",,"false","73677323374","false",,"false",,"23669554132","23669554132","0","true","false",
"C","A","19950101","1995","52","1995","528","NLD","Netherlands","X","Export","0","W00","World","0","W00","World","GG","GG","true","-2","ALL","0","false","C00","TOTAL CPC","0","0","TOTAL MOT","-1","n/a",,"false","-1","n/a",,"false","391940597363","false",,"false",,"710504929821","710504929821","0","true","false",
"C","A","19950101","1995","52","1995","554","NZL","New Zealand","X","Export","0","W00","World","0","W00","World","GG","GG","true","-2","ALL","0","false","C00","TOTAL CPC","0","0","TOTAL MOT","-1","n/a",,"false","-1","n/a",,"false","27919767032","false",,"false",,"54981659440","54981659440","0","true","false",
"C","A","19950101","1995","52","1995","558","NIC","Nicaragua","X","Export","0","W00","World","0","W00","World","GG","GG","true","-2","ALL","0","false","C00","TOTAL CPC","0","0","TOTAL MOT","-1","n/a",,"false","-1","n/a",,"false","1075926848","false",,"false",,"2036843025","2036843025","0","true","false",
"C","A","19950101","1995","52","1995","562","NER","Niger","X","Export","0","W00","World","0","W00","World","GG","GG","true","-2","ALL","0","false","C00","TOTAL CPC","0","0","TOTAL MOT","-1","n/a",,"false","-1","n/a",,"false","316555469","false",,"false",,"1093668751","1093668751","0","true","false",
"C","A","19950101","1995","52","1995","579","NOR","Norway","X","Export","0","W00","World","0","W00","World","GG","GG","true","-2","ALL","0","false","C00","TOTAL CPC","0","0","TOTAL MOT","-1","n/a",,"false","-1","n/a",,"false","361436222446","false",,"false",,"166961285305","166961285305","0","true","false",
"C","A","19950101","1995","52","1995","591","PAN","Panama","X","Export","0","W00","World","0","W00","World","GG","GG","true","-2","ALL","0","false","C00","TOTAL CPC","0","0","TOTAL MOT","-1","n/a",,"false","-1","n/a",,"false","2213821815","false",,"false",,"2308832981","2308832981","0","true","false",
"C","A","19950101","1995","52","1995","600","PRY","Paraguay","X","Export","0","W00","World","0","W00","World","GG","GG","true","-2","ALL","0","false","C00","TOTAL CPC","0","0","TOTAL MOT","-1","n/a",,"false","-1","n/a",,"false","5535935905","false",,"false",,"3677322544","3677322544","0","true","false",
"C","A","19950101","1995","52","1995","604","PER","Peru","X","Export","0","W00","World","0","W00","World","GG","GG","true","-2","ALL","0","false","C00","TOTAL CPC","0","0","TOTAL MOT","-1","n/a",,"false","-1","n/a",,"false","27829549155","false",,"false",,"21758778106","21758778106","0","true","false",
"C","A","19950101","1995","52","1995","616","POL","Poland","X","Export","0","W00","World","0","W00","World","GG","GG","true","-2","ALL","0","false","C00","TOTAL CPC","0","0","TOTAL MOT","-1","n/a",,"false","-1","n/a",,"false","144323223977","false",,"false",,"91448520312","91448520312","0","true","false",
"C","A","19950101","1995","52","1995","620","PRT","Portugal","X","Export","0","W00","World","0","W00","World","GG","GG","true","-2","ALL","0","false","C00","TOTAL CPC","0","0","TOTAL MOT","-1","n/a",,"false","-1","n/a",,"false","30650384806","false",,"false",,"93479974899","93479974899","0","true","false",
"C","A","19950101","1995","52","1995","638","REU","Réunion (Overseas France)","X","Export","0","W00","World","0","W00","World","GG","GG","true","-2","ALL","0","false","C00","TOTAL CPC","0","0","TOTAL MOT","-1","n/a",,"false","-1","n/a",,"true","452331770","false",,"false",,"834759732","834759732","0","false","false",
"C","A","19950101","1995","52","1995","642","ROU","Romania","X","Export","0","W00","World","0","W00","World","GG","GG","true","-2","ALL","0","false","C00","TOTAL CPC","0","0","TOTAL MOT","-1","n/a",,"false","-1","n/a",,"false","37743225026","false",,"false",,"31640196764","31640196764","0","true","false",
"C","A","19950101","1995","52","1995","659","KNA","Saint Kitts and Nevis","X","Export","0","W00","World","0","W00","World","GG","GG","true","-2","ALL","0","false","C00","TOTAL CPC","0","0","TOTAL MOT","-1","n/a",,"false","-1","n/a",,"false","80739692","false",,"false",,"75138637","75138637","0","true","false",
"C","A","19950101","1995","52","1995","662","LCA","Saint Lucia","X","Export","0","W00","World","0","W00","World","GG","GG","true","-2","ALL","0","false","C00","TOTAL CPC","0","0","TOTAL MOT","-1","n/a",,"false","-1","n/a",,"false","266705842","false",,"false",,"435476005","435476005","0","true","false",
"C","A","19950101","1995","52","1995","670","VCT","Saint Vincent and the Grenadines","X","Export","0","W00","World","0","W00","World","GG","GG","true","-2","ALL","0","false","C00","TOTAL CPC","0","0","TOTAL MOT","-1","n/a",,"false","-1","n/a",,"false","220811304","false",,"false",,"237490276","237490276","0","true","false",
"C","A","19950101","1995","52","1995","682","SAU","Saudi Arabia","X","Export","0","W00","World","0","W00","World","GG","GG","true","-2","ALL","0","false","C00","TOTAL CPC","0","0","TOTAL MOT","-1","n/a",,"false","-1","n/a",,"false","658567362380","false",,"false",,"196118316559","196118316559","0","true","false",
"C","A","19950101","1995","52","1995","690","SYC","Seychelles","X","Export","0","W00","World","0","W00","World","GG","GG","true","-2","ALL","0","false","C00","TOTAL CPC","0","0","TOTAL MOT","-1","n/a",,"false","-1","n/a",,"false","229818349","false",,"false",,"212510549","212510549","0","true","false",
"C","A","19950101","1995","52","1995","699","IND","India","X","Export","0","W00","World","0","W00","World","GG","GG","true","-2","ALL","0","false","C00","TOTAL CPC","0","0","TOTAL MOT","-1","n/a",,"false","-1","n/a",,"false","114860861705","false",,"false",,"126794268935","126794268935","0","true","false",
"C","A","19950101","1995","52","1995","702","SGP","Singapore","X","Export","0","W00","World","0","W00","World","GG","GG","true","-2","ALL","0","false","C00","TOTAL CPC","0","0","TOTAL MOT","-1","n/a",,"false","-1","n/a",,"false","113517367009","false",,"false",,"473052417919","473052417919","0","true","false",
"C","A","19950101","1995","52","1995","703","SVK","Slovakia","X","Export","0","W00","World","0","W00","World","GG","GG","true","-2","ALL","0","false","C00","TOTAL CPC","0","0","TOTAL MOT","-1","n/a",,"false","-1","n/a",,"false","36984751835","false",,"false",,"33497090361","33497090361","0","true","false",
"C","A","19950101","1995","52","1995","705","SVN","Slovenia","X","Export","0","W00","World","0","W00","World","GG","GG","true","-2","ALL","0","false","C00","TOTAL CPC","0","0","TOTAL MOT","-1","n/a",,"false","-1","n/a",,"false","13570716724","false",,"false",,"33263196768","33263196768","0","true","false",
"C","A","19950101","1995","52","1995","711","ZA1","Southern African Customs Union (...1999)","X","Export","0","W00","World","0","W00","World","GG","GG","true","-2","ALL","0","false","C00","TOTAL CPC","0","0","TOTAL MOT","-1","n/a",,"false","-1","n/a",,"false","15979042414","false",,"false",,"112879286856","112879286856","0","true","false",
"C","A","19950101","1995","52","1995","716","ZWE","Zimbabwe","X","Export","0","W00","World","0","W00","World","GG","GG","true","-2","ALL","0","false","C00","TOTAL CPC","0","0","TOTAL MOT","-1","n/a",,"false","-1","n/a",,"false","8992389864","false",,"false",,"7383623269","7383623269","0","true","false",
"C","A","19950101","1995","52","1995","724","ESP","Spain","X","Export","0","W00","World","0","W00","World","GG","GG","true","-2","ALL","0","false","C00","TOTAL CPC","0","0","TOTAL MOT","-1","n/a",,"false","-1","n/a",,"false","134018786338","false",,"false",,"358464221068","358464221068","0","true","false",
"C","A","19950101","1995","52","1995","736","SDN","Sudan (...2011)","X","Export","0","W00","World","0","W00","World","GG","GG","true","-2","ALL","0","false","C00","TOTAL CPC","0","0","TOTAL MOT","-1","n/a",,"false","-1","n/a",,"false","2294978175","false",,"false",,"2740772773","2740772773","0","true","false",
"C","A","19950101","1995","52","1995","740","SUR","Suriname","X","Export","0","W00","World","0","W00","World","GG","GG","true","-2","ALL","0","false","C00","TOTAL CPC","0","0","TOTAL MOT","-1","n/a",,"false","-1","n/a",,"false","3564136425","false",,"false",,"1930710521","1930710521","0","true","false",
"C","A","19950101","1995","52","1995","752","SWE","Sweden","X","Export","0","W00","World","0","W00","World","GG","GG","true","-2","ALL","0","false","C00","TOTAL CPC","0","0","TOTAL MOT","-1","n/a",,"false","-1","n/a",,"false","127385750129","false",,"false",,"309745291196","309745291196","0","true","false",
"C","A","19950101","1995","52","1995","757","CHE","Switzerland","X","Export","0","W00","World","0","W00","World","GG","GG","true","-2","ALL","0","false","C00","TOTAL CPC","0","0","TOTAL MOT","-1","n/a",,"false","-1","n/a",,"false","18507690130","false",,"false",,"326564439364","326564439364","0","true","false",
"C","A","19950101","1995","52","1995","764","THA","Thailand","X","Export","0","W00","World","0","W00","World","GG","GG","true","-2","ALL","0","false","C00","TOTAL CPC","0","0","TOTAL MOT","-1","n/a",,"false","-1","n/a",,"false","78156953243","false",,"false",,"225757361130","225757361130","0","true","false",
"C","A","19950101","1995","52","1995","768","TGO","Togo","X","Export","0","W00","World","0","W00","World","GG","GG","true","-2","ALL","0","false","C00","TOTAL CPC","0","0","TOTAL MOT","-1","n/a",,"false","-1","n/a",,"false","4881061632","false",,"false",,"1531016682","1531016682","0","true","false",
"C","A","19950101","1995","52","1995","780","TTO","Trinidad and Tobago","X","Export","0","W00","World","0","W00","World","GG","GG","true","-2","ALL","0","false","C00","TOTAL CPC","0","0","TOTAL MOT","-1","n/a",,"false","-1","n/a",,"false","22923394152","false",,"false",,"8924762890","8924762890","0","true","false",
"C","A","19950101","1995","52","1995","788","TUN","Tunisia","X","Export","0","W00","World","0","W00","World","GG","GG","true","-2","ALL","0","false","C00","TOTAL CPC","0","0","TOTAL MOT","-1","n/a",,"false","-1","n/a",,"false","22306381915","false",,"false",,"21898491152","21898491152","0","true","false",
"C","A","19950101","1995","52","1995","792","TUR","Türkiye","X","Export","0","W00","World","0","W00","World","GG","GG","true","-2","ALL","0","false","C00","TOTAL CPC","0","0","TOTAL MOT","-1","n/a",,"false","-1","n/a",,"false","54265651475","false",,"false",,"86394504326","86394504326","0","true","false",
"C","A","19950101","1995","52","1995","800","UGA","Uganda","X","Export","0","W00","World","0","W00","World","GG","GG","true","-2","ALL","0","false","C00","TOTAL CPC","0","0","TOTAL MOT","-1","n/a",,"false","-1","n/a",,"false","812804349","false",,"false",,"2301109696","2301109696","0","true","false",
"C","A","19950101","1995","52","1995","807","MKD","North Macedonia","X","Export","0","W00","World","0","W00","World","GG","GG","true","-2","ALL","0","false","C00","TOTAL CPC","0","0","TOTAL MOT","-1","n/a",,"false","-1","n/a",,"false","2012108250","false",,"false",,"4816107996","4816107996","0","true","false",
"C","A","19950101","1995","52","1995","818","EGY","Egypt","X","Export","0","W00","World","0","W00","World","GG","GG","true","-2","ALL","0","false","C00","TOTAL CPC","0","0","TOTAL MOT","-1","n/a",,"false","-1","n/a",,"false","34578521057","false",,"false",,"13776541708","13776541708","0","true","false",
"C","A","19950101","1995","52","1995","826","GBR","United Kingdom","X","Export","0","W00","World","0","W00","World","GG","GG","true","-2","ALL","0","false","C00","TOTAL CPC","0","0","TOTAL MOT","-1","n/a",,"false","-1","n/a",,"false","345572512376","false",,"false",,"937488807950","937488807950","0","true","false",
"C","A","19950101","1995","52","1995","842","USA","USA","X","Export","0","W00","World","0","W00","World","GG","GG","true","-2","ALL","0","false","C00","TOTAL CPC","0","0","TOTAL MOT","-1","n/a",,"false","-1","n/a",,"false","726059183918","false",,"false",,"2331858777333","2331858777333","0","true","false",
"C","A","19950101","1995","52","1995","854","BFA","Burkina Faso","X","Export","0","W00","World","0","W00","World","GG","GG","true","-2","ALL","0","false","C00","TOTAL CPC","0","0","TOTAL MOT","-1","n/a",,"false","-1","n/a",,"false","387974114","false",,"false",,"683781904","683781904","0","true","false",
"C","A","19950101","1995","52","1995","858","URY","Uruguay","X","Export","0","W00","World","0","W00","World","GG","GG","true","-2","ALL","0","false","C00","TOTAL CPC","0","0","TOTAL MOT","-1","n/a",,"false","-1","n/a",,"false","5112081938","false",,"false",,"8424696404","8424696404","0","true","false",
"C","A","19950101","1995","52","1995","862","VEN","Venezuela","X","Export","0","W00","World","0","W00","World","GG","GG","true","-2","ALL","0","false","C00","TOTAL CPC","0","0","TOTAL MOT","-1","n/a",,"false","-1","n/a",,"false","28473686845","false",,"false",,"76366254455","76366254455","0","true","false",
"C","A","19950101","1995","52","1995","894","ZMB","Zambia","X","Export","0","W00","World","0","W00","World","GG","GG","true","-2","ALL","0","false","C00","TOTAL CPC","0","0","TOTAL MOT","-1","n/a",,"false","-1","n/a",,"false","8222239802","false",,"false",,"4220022409","4220022409","0","true","false",
"C","A","19960101","1996","52","1996","8","ALB","Albania","X","Export","0","W00","World","0","W00","World","GG","GG","true","-2","ALL","0","false","C00","TOTAL CPC","0","0","TOTAL MOT","-1","n/a",,"false","-1","n/a",,"false","591091771","false",,"false",,"844561596","844561596","0","false","false",
"C","A","19960101","1996","52","1996","12","DZA","Algeria","X","Export","0","W00","World","0","W00","World","GG","GG","true","-2","ALL","0","false","C00","TOTAL CPC","0","0","TOTAL MOT","-1","n/a",,"false","-1","n/a",,"false","161889011815","false",,"false",,"44396887897","44396887897","0","false","false",
"C","A","19960101","1996","52","1996","20","AND","Andorra","X","Export","0","W00","World","0","W00","World","GG","GG","true","-2","ALL","0","false","C00","TOTAL CPC","0","0","TOTAL MOT","-1","n/a",,"false","-1","n/a",,"false","1071535606","false",,"false",,"184971933","184971933","0","false","false",
"C","A","19960101","1996","52","1996","31","AZE","Azerbaijan","X","Export","0","W00","World","0","W00","World","GG","GG","true","-2","ALL","0","false","C00","TOTAL CPC","0","0","TOTAL MOT","-1","n/a",,"false","-1","n/a",,"false","6191714747","false",,"false",,"2523818718","2523818718","0","true","false",
"C","A","19960101","1996","52","1996","32","ARG","Argentina","X","Export","0","W00","World","0","W00","World","GG","GG","true","-2","ALL","0","false","C00","TOTAL CPC","0","0","TOTAL MOT","-1","n/a",,"false","-1","n/a",,"false","124862901229","false",,"false",,"95238511169","95238511169","0","false","false",
"C","A","19960101","1996","52","1996","36","AUS","Australia","X","Export","0","W00","World","0","W00","World","GG","GG","true","-2","ALL","0","false","C00","TOTAL CPC","0","0","TOTAL MOT","-1","n/a",,"false","-1","n/a",,"false","707734075533","false",,"false",,"239954273920","239954273920","0","false","false",
"C","A","19960101","1996","52","1996","40","AUT","Austria","X","Export","0","W00","World","0","W00","World","GG","GG","true","-2","ALL","0","false","C00","TOTAL CPC","0","0","TOTAL MOT","-1","n/a",,"false","-1","n/a",,"false","52077646319","false",,"false",,"223039223526","223039223526","0","false","false",
"C","A","19960101","1996","52","1996","50","BGD","Bangladesh","X","Export","0","W00","World","0","W00","World","GG","GG","true","-2","ALL","0","false","C00","TOTAL CPC","0","0","TOTAL MOT","-1","n/a",,"false","-1","n/a",,"false","7321121018","false",,"false",,"14154039204","14154039204","0","true","false",
"C","A","19960101","1996","52","1996","58","BEL","Belgium-Luxembourg (...1998)","X","Export","0","W00","World","0","W00","World","GG","GG","true","-2","ALL","0","false","C00","TOTAL CPC","0","0","TOTAL MOT","-1","n/a",,"false","-1","n/a",,"false","283469312579","false",,"false",,"673374361016","673374361016","0","false","false",
"C","A","19960101","1996","52","1996","68","BOL","Bolivia (Plurinational State of)","X","Export","0","W00","World","0","W00","World","GG","GG","true","-2","ALL","0","false","C00","TOTAL CPC","0","0","TOTAL MOT","-1","n/a",,"false","-1","n/a",,"false","8841389072","false",,"false",,"4347773518","4347773518","0","true","false",
"C","A","19960101","1996","52","1996","76","BRA","Brazil","X","Export","0","W00","World","0","W00","World","GG","GG","true","-2","ALL","0","false","C00","TOTAL CPC","0","0","TOTAL MOT","-1","n/a",,"false","-1","n/a",,"false","399111419064","false",,"false",,"190983735225","190983735225","0","true","false",
"C","A","19960101","1996","52","1996","84","BLZ","Belize","X","Export","0","W00","World","0","W00","World","GG","GG","true","-2","ALL","0","false","C00","TOTAL CPC","0","0","TOTAL MOT","-1","n/a",,"false","-1","n/a",,"false","518285405","false",,"false",,"670548988","670548988","0","true","false",
"C","A","19960101","1996","52","1996","100","BGR","Bulgaria","X","Export","0","W00","World","0","W00","World","GG","GG","true","-2","ALL","0","false","C00","TOTAL CPC","0","0","TOTAL MOT","-1","n/a",,"false","-1","n/a",,"false","97643208940","false",,"false",,"19560751662","19560751662","0","false","false",
"C","A","19960101","1996","52","1996","108","BDI","Burundi","X","Export","0","W00","World","0","W00","World","GG","GG","true","-2","ALL","0","false","C00","TOTAL CPC","0","0","TOTAL MOT","-1","n/a",,"false","-1","n/a",,"false","70222614","false",,"false",,"327103107","327103107","0","true","false",
"C","A","19960101","1996","52","1996","120","CMR","Cameroon","X","Export","0","W00","World","0","W00","World","GG","GG","true","-2","ALL","0","false","C00","TOTAL CPC","0","0","TOTAL MOT","-1","n/a",,"false","-1","n/a",,"false","14391544636","false",,"false",,"7031472088","7031472088","0","true","false",
"C","A","19960101","1996","52","1996","124","CAN","Canada","X","Export","0","W00","World","0","W00","World","GG","GG","true","-2","ALL","0","false","C00","TOTAL CPC","0","0","TOTAL MOT","-1","n/a",,"false","-1","n/a",,"false","583913215303","false",,"false",,"809050204836","809050204836","0","false","false",
"C","A","19960101","1996","52","1996","140","CAF","Central African Rep.","X","Export","0","W00","World","0","W00","World","GG","GG","true","-2","ALL","0","false","C00","TOTAL CPC","0","0","TOTAL MOT","-1","n/a",,"false","-1","n/a",,"false","82505810","false",,"false",,"460510112","460510112","0","true","false",
"C","A","19960101","1996","52","1996","152","CHL","Chile","X","Export","0","W00","World","0","W00","World","GG","GG","true","-2","ALL","0","false","C00","TOTAL CPC","0","0","TOTAL MOT","-1","n/a",,"false","-1","n/a",,"false","53958098593","false",,"false",,"61627289019","61627289019","0","true","false",
"C","A","19960101","1996","52","1996","156","CHN","China","X","Export","0","W00","World","0","W00","World","GG","GG","true","-2","ALL","0","false","C00","TOTAL CPC","0","0","TOTAL MOT","-1","n/a",,"false","-1","n/a",,"false","308480965277","false",,"false",,"604189847036","604189847036","0","false","false",
"C","A","19960101","1996","52","1996","170","COL","Colombia","X","Export","0","W00","World","0","W00","World","GG","GG","true","-2","ALL","0","false","C00","TOTAL CPC","0","0","TOTAL MOT","-1","n/a",,"false","-1","n/a",,"false","104168614350","false",,"false",,"42590220172","42590220172","0","false","false",
"C","A","19960101","1996","52","1996","174","COM","Comoros","X","Export","0","W00","World","0","W00","World","GG","GG","true","-2","ALL","0","false","C00","TOTAL CPC","0","0","TOTAL MOT","-1","n/a",,"false","-1","n/a",,"false","3045114","false",,"false",,"24562780","24562780","0","true","false",
"C","A","19960101","1996","52","1996","188","CRI","Costa Rica","X","Export","0","W00","World","0","W00","World","GG","GG","true","-2","ALL","0","false","C00","TOTAL CPC","0","0","TOTAL MOT","-1","n/a",,"false","-1","n/a",,"false","20785732241","false",,"false",,"11119159284","11119159284","0","true","false",
"C","A","19960101","1996","52","1996","191","HRV","Croatia","X","Export","0","W00","World","0","W00","World","GG","GG","true","-2","ALL","0","false","C00","TOTAL CPC","0","0","TOTAL MOT","-1","n/a",,"false","-1","n/a",,"false","13359201253","false",,"false",,"18046916264","18046916264","0","true","false",
"C","A","19960101","1996","52","1996","196","CYP","Cyprus","X","Export","0","W00","World","0","W00","World","GG","GG","true","-2","ALL","0","false","C00","TOTAL CPC","0","0","TOTAL MOT","-1","n/a",,"false","-1","n/a",,"false","3224136329","false",,"false",,"5562426963","5562426963","0","false","false",
"C","A","19960101","1996","52","1996","203","CZE","Czechia","X","Export","0","W00","World","0","W00","World","GG","GG","true","-2","ALL","0","false","C00","TOTAL CPC","0","0","TOTAL MOT","-1","n/a",,"false","-1","n/a",,"false","80086011258","false",,"false",,"87629280910","87629280910","0","false","false",
"C","A","19960101","1996","52","1996","208","DNK","Denmark","X","Export","0","W00","World","0","W00","World","GG","GG","true","-2","ALL","0","false","C00","TOTAL CPC","0","0","TOTAL MOT","-1","n/a",,"false","-1","n/a",,"false","56570234311","false",,"false",,"195538175348","195538175348","0","false","false",
"C","A","19960101","1996","52","1996","212","DMA","Dominica","X","Export","0","W00","World","0","W00","World","GG","GG","true","-2","ALL","0","false","C00","TOTAL CPC","0","0","TOTAL MOT","-1","n/a",,"false","-1","n/a",,"false","406799256","false",,"false",,"204610881","204610881","0","true","false",
"C","A","19960101","1996","52","1996","214","DOM","Dominican Rep.","X","Export","0","W00","World","0","W00","World","GG","GG","true","-2","ALL","0","false","C00","TOTAL CPC","0","0","TOTAL MOT","-1","n/a",,"false","-1","n/a",,"false","3044470835","false",,"false",,"16391237762","16391237762","0","true","false",
"C","A","19960101","1996","52","1996","218","ECU","Ecuador","X","Export","0","W00","World","0","W00","World","GG","GG","true","-2","ALL","0","false","C00","TOTAL CPC","0","0","TOTAL MOT","-1","n/a",,"false","-1","n/a",,"false","39302669245","false",,"false",,"19559323882","19559323882","0","false","false",
"C","A","19960101","1996","52","1996","222","SLV","El Salvador","X","Export","0","W00","World","0","W00","World","GG","GG","true","-2","ALL","0","false","C00","TOTAL CPC","0","0","TOTAL MOT","-1","n/a",,"false","-1","n/a",,"false","1702944585","false",,"false",,"4097054765","4097054765","0","true","false",
"C","A","19960101","1996","52","1996","233","EST","Estonia","X","Export","0","W00","World","0","W00","World","GG","GG","true","-2","ALL","0","false","C00","TOTAL CPC","0","0","TOTAL MOT","-1","n/a",,"false","-1","n/a",,"false","9900123036","false",,"false",,"8311973738","8311973738","0","false","false",
"C","A","19960101","1996","52","1996","234","FRO","Faroe Isds","X","Export","0","W00","World","0","W00","World","GG","GG","true","-2","ALL","0","false","C00","TOTAL CPC","0","0","TOTAL MOT","-1","n/a",,"false","-1","n/a",,"false","591299513","false",,"false",,"1689226008","1689226008","0","false","false",
"C","A","19960101","1996","52","1996","246","FIN","Finland","X","Export","0","W00","World","0","W00","World","GG","GG","true","-2","ALL","0","false","C00","TOTAL CPC","0","0","TOTAL MOT","-1","n/a",,"false","-1","n/a",,"false","55905801282","false",,"false",,"162246034195","162246034195","0","false","false",
"C","A","19960101","1996","52","1996","251","FRA","France","X","Export","0","W00","World","0","W00","World","GG","GG","true","-2","ALL","0","false","C00","TOTAL CPC","0","0","TOTAL MOT","-1","n/a",,"false","-1","n/a",,"false","329239267534","false",,"false",,"1133336751436","1133336751436","0","false","false",
"C","A","19960101","1996","52","1996","258","PYF","French Polynesia","X","Export","0","W00","World","0","W00","World","GG","GG","true","-2","ALL","0","false","C00","TOTAL CPC","0","0","TOTAL MOT","-1","n/a",,"false","-1","n/a",,"false","42180444","false",,"false",,"1004620473","1004620473","0","false","false",
"C","A","19960101","1996","52","1996","266","GAB","Gabon","X","Export","0","W00","World","0","W00","World","GG","GG","true","-2","ALL","0","false","C00","TOTAL CPC","0","0","TOTAL MOT","-1","n/a",,"false","-1","n/a",,"false","45567584361","false",,"false",,"12582411126","12582411126","0","true","false",
"C","A","19960101","1996","52","1996","268","GEO","Georgia","X","Export","0","W00","World","0","W00","World","GG","GG","true","-2","ALL","0","false","C00","TOTAL CPC","0","0","TOTAL MOT","-1","n/a",,"false","-1","n/a",,"false","2061462161813","false",,"false",,"795062100","795062100","0","true","false",
"C","A","19960101","1996","52","1996","270","GMB","Gambia","X","Export","0","W00","World","0","W00","World","GG","GG","true","-2","ALL","0","false","C00","TOTAL CPC","0","0","TOTAL MOT","-1","n/a",,"false","-1","n/a",,"false","44302046","false",,"false",,"51319880","51319880","0","false","false",
"C","A","19960101","1996","52","1996","276","DEU","Germany","X","Export","0","W00","World","0","W00","World","GG","GG","true","-2","ALL","0","false","C00","TOTAL CPC","0","0","TOTAL MOT","-1","n/a",,"false","-1","n/a",,"false","473709393578","false",,"false",,"2086986972829","2086986972829","0","false","false",
"C","A","19960101","1996","52","1996","288","GHA","Ghana","X","Export","0","W00","World","0","W00","World","GG","GG","true","-2","ALL","0","false","C00","TOTAL CPC","0","0","TOTAL MOT","-1","n/a",,"false","-1","n/a",,"false","5337457621","false",,"false",,"9867804519","9867804519","0","true","false",
"C","A","19960101","1996","52","1996","296","KIR","Kiribati","X","Export","0","W00","World","0","W00","World","GG","GG","true","-2","ALL","0","false","C00","TOTAL CPC","0","0","TOTAL MOT","-1","n/a",,"false","-1","n/a",,"false","12765014","false",,"false",,"19439168","19439168","0","true","false",
"C","A","19960101","1996","52","1996","300","GRC","Greece","X","Export","0","W00","World","0","W00","World","GG","GG","true","-2","ALL","0","false","C00","TOTAL CPC","0","0","TOTAL MOT","-1","n/a",,"false","-1","n/a",,"false","47232258214","false",,"false",,"47428437712","47428437712","0","false","false",
"C","A","19960101","1996","52","1996","304","GRL","Greenland","X","Export","0","W00","World","0","W00","World","GG","GG","true","-2","ALL","0","false","C00","TOTAL CPC","0","0","TOTAL MOT","-1","n/a",,"false","-1","n/a",,"false","152768161","false",,"false",,"1476840560","1476840560","0","false","false",
"C","A","19960101","1996","52","1996","308","GRD","Grenada","X","Export","0","W00","World","0","W00","World","GG","GG","true","-2","ALL","0","false","C00","TOTAL CPC","0","0","TOTAL MOT","-1","n/a",,"false","-1","n/a",,"false","34539806","false",,"false",,"79093133","79093133","0","true","false",
"C","A","19960101","1996","52","1996","320","GTM","Guatemala","X","Export","0","W00","World","0","W00","World","GG","GG","true","-2","ALL","0","false","C00","TOTAL CPC","0","0","TOTAL MOT","-1","n/a",,"false","-1","n/a",,"false","7638961468","false",,"false",,"8122617135","8122617135","0","true","false",
"C","A","19960101","1996","52","1996","324","GIN","Guinea","X","Export","0","W00","World","0","W00","World","GG","GG","true","-2","ALL","0","false","C00","TOTAL CPC","0","0","TOTAL MOT","-1","n/a",,"false","-1","n/a",,"false","25470968848","false",,"false",,"2836947277","2836947277","0","true","false",
"C","A","19960101","1996","52","1996","332","HTI","Haiti","X","Export","0","W00","World","0","W00","World","GG","GG","true","-2","ALL","0","false","C00","TOTAL CPC","0","0","TOTAL MOT","-1","n/a",,"false","-1","n/a",,"false","69411984","false",,"false",,"207326400","207326400","0","false","false",
"C","A","19960101","1996","52","1996","340","HND","Honduras","X","Export","0","W00","World","0","W00","World","GG","GG","true","-2","ALL","0","false","C00","TOTAL CPC","0","0","TOTAL MOT","-1","n/a",,"false","-1","n/a",,"false","2859001663","false",,"false",,"5263948967","5263948967","0","true","false",
"C","A","19960101","1996","52","1996","344","HKG","China, Hong Kong SAR","X","Export","0","W00","World","0","W00","World","GG","GG","true","-2","ALL","0","false","C00","TOTAL CPC","0","0","TOTAL MOT","-1","n/a",,"false","-1","n/a",,"false","64634026727","false",,"false",,"723657295596","723657295596","0","false","false",
"C","A","19960101","1996","52","1996","348","HUN","Hungary","X","Export","0","W00","World","0","W00","World","GG","GG","true","-2","ALL","0","false","C00","TOTAL CPC","0","0","TOTAL MOT","-1","n/a",,"false","-1","n/a",,"false","27134208933","false",,"false",,"50531176184","50531176184","0","false","false",
"C","A","19960101","1996","52","1996","352","ISL","Iceland","X","Export","0","W00","World","0","W00","World","GG","GG","true","-2","ALL","0","false","C00","TOTAL CPC","0","0","TOTAL MOT","-1","n/a",,"false","-1","n/a",,"false","2474450662","false",,"false",,"7588325225","7588325225","0","true","false",
"C","A","19960101","1996","52","1996","360","IDN","Indonesia","X","Export","0","W00","World","0","W00","World","GG","GG","true","-2","ALL","0","false","C00","TOTAL CPC","0","0","TOTAL MOT","-1","n/a",,"false","-1","n/a",,"false","428360569512","false",,"false",,"199258779091","199258779091","0","false","false",
"C","A","19960101","1996","52","1996","372","IRL","Ireland","X","Export","0","W00","World","0","W00","World","GG","GG","true","-2","ALL","0","false","C00","TOTAL CPC","0","0","TOTAL MOT","-1","n/a",,"false","-1","n/a",,"false","20993387067","false",,"false",,"182261420743","182261420743","0","false","false",
"C","A","19960101","1996","52","1996","376","ISR","Israel","X","Export","0","W00","World","0","W00","World","GG","GG","true","-2","ALL","0","false","C00","TOTAL CPC","0","0","TOTAL MOT","-1","n/a",,"false","-1","n/a",,"false","12362779881","false",,"false",,"82040956000","82040956000","0","false","false",
"C","A","19960101","1996","52","1996","380","ITA","Italy","X","Export","0","W00","World","0","W00","World","GG","GG","true","-2","ALL","0","false","C00","TOTAL CPC","0","0","TOTAL MOT","-1","n/a",,"false","-1","n/a",,"false","204299707260","false",,"false",,"1008394284889","1008394284889","0","false","false",
"C","A","19960101","1996","52","1996","384","CIV","Côte d'Ivoire","X","Export","0","W00","World","0","W00","World","GG","GG","true","-2","ALL","0","false","C00","TOTAL CPC","0","0","TOTAL MOT","-1","n/a",,"false","-1","n/a",,"false","15887447886","false",,"false",,"17097289049","17097289049","0","true","false",
"C","A","19960101","1996","52","1996","388","JAM","Jamaica","X","Export","0","W00","World","0","W00","World","GG","GG","true","-2","ALL","0","false","C00","TOTAL CPC","0","0","TOTAL MOT","-1","n/a",,"false","-1","n/a",,"false","15870636380","false",,"false",,"5547497236","5547497236","0","true","false",
"C","A","19960101","1996","52","1996","392","JPN","Japan","X","Export","0","W00","World","0","W00","World","GG","GG","true","-2","ALL","0","false","C00","TOTAL CPC","0","0","TOTAL MOT","-1","n/a",,"false","-1","n/a",,"false","173372471258","false",,"false",,"1643787763952","1643787763952","0","false","false",
"C","A","19960101","1996","52","1996","398","KAZ","Kazakhstan","X","Export","0","W00","World","0","W00","World","GG","GG","true","-2","ALL","0","false","C00","TOTAL CPC","0","0","TOTAL MOT","-1","n/a",,"false","-1","n/a",,"false","231869689165","false",,"false",,"17690498550","17690498550","0","true","false",
"C","A","19960101","1996","52","1996","410","KOR","Rep. of Korea","X","Export","0","W00","World","0","W00","World","GG","GG","true","-2","ALL","0","false","C00","TOTAL CPC","0","0","TOTAL MOT","-1","n/a",,"false","-1","n/a",,"false","153560942640","false",,"false",,"518820501913","518820501913","0","false","false",
"C","A","19960101","1996","52","1996","417","KGZ","Kyrgyzstan","X","Export","0","W00","World","0","W00","World","GG","GG","true","-2","ALL","0","false","C00","TOTAL CPC","0","0","TOTAL MOT","-1","n/a",,"false","-1","n/a",,"false","3524894050","false",,"false",,"2028280596","2028280596","0","true","false",
"C","A","19960101","1996","52","1996","428","LVA","Latvia","X","Export","0","W00","World","0","W00","World","GG","GG","true","-2","ALL","0","false","C00","TOTAL CPC","0","0","TOTAL MOT","-1","n/a",,"false","-1","n/a",,"false","9958662770","false",,"false",,"5773205559","5773205559","0","true","false",
"C","A","19960101","1996","52","1996","440","LTU","Lithuania","X","Export","0","W00","World","0","W00","World","GG","GG","true","-2","ALL","0","false","C00","TOTAL CPC","0","0","TOTAL MOT","-1","n/a",,"false","-1","n/a",,"false","15549071924","false",,"false",,"13425420201","13425420201","0","true","false",
"C","A","19960101","1996","52","1996","446","MAC","China, Macao SAR","X","Export","0","W00","World","0","W00","World","GG","GG","true","-2","ALL","0","false","C00","TOTAL CPC","0","0","TOTAL MOT","-1","n/a",,"false","-1","n/a",,"false","1327271456","false",,"false",,"8400057793","8400057793","0","false","false",
"C","A","19960101","1996","52","1996","450","MDG","Madagascar","X","Export","0","W00","World","0","W00","World","GG","GG","true","-2","ALL","0","false","C00","TOTAL CPC","0","0","TOTAL MOT","-1","n/a",,"false","-1","n/a",,"false","772634628","false",,"false",,"1196197601","1196197601","0","false","false",
"C","A","19960101","1996","52","1996","454","MWI","Malawi","X","Export","0","W00","World","0","W00","World","GG","GG","true","-2","ALL","0","false","C00","TOTAL CPC","0","0","TOTAL MOT","-1","n/a",,"false","-1","n/a",,"false","6177507365","false",,"false",,"2061484330","2061484330","0","true","false",
"C","A","19960101","1996","52","1996","458","MYS","Malaysia","X","Export","0","W00","World","0","W00","World","GG","GG","true","-2","ALL","0","false","C00","TOTAL CPC","0","0","TOTAL MOT","-1","n/a",,"false","-1","n/a",,"false","147358464194","false",,"false",,"313259493280","313259493280","0","true","false",
"C","A","19960101","1996","52","1996","462","MDV","Maldives","X","Export","0","W00","World","0","W00","World","GG","GG","true","-2","ALL","0","false","C00","TOTAL CPC","0","0","TOTAL MOT","-1","n/a",,"false","-1","n/a",,"false","66009932","false",,"false",,"237617407","237617407","0","true","false",
"C","A","19960101","1996","52","1996","466","MLI","Mali","X","Export","0","W00","World","0","W00","World","GG","GG","true","-2","ALL","0","false","C00","TOTAL CPC","0","0","TOTAL MOT","-1","n/a",,"false","-1","n/a",,"false","585576520","false",,"false",,"1638087200","1638087200","0","true","false",
"C","A","19960101","1996","52","1996","470","MLT","Malta","X","Export","0","W00","World","0","W00","World","GG","GG","true","-2","ALL","0","false","C00","TOTAL CPC","0","0","TOTAL MOT","-1","n/a",,"false","-1","n/a",,"false","432303501","false",,"false",,"6991543732","6991543732","0","false","false",
"C","A","19960101","1996","52","1996","480","MUS","Mauritius","X","Export","0","W00","World","0","W00","World","GG","GG","true","-2","ALL","0","false","C00","TOTAL CPC","0","0","TOTAL MOT","-1","n/a",,"false","-1","n/a",,"false","1989717908","false",,"false",,"6797469751","6797469751","0","true","false",
"C","A","19960101","1996","52","1996","484","MEX","Mexico","X","Export","0","W00","World","0","W00","World","GG","GG","true","-2","ALL","0","false","C00","TOTAL CPC","0","0","TOTAL MOT","-1","n/a",,"false","-1","n/a",,"false","284917236296","false",,"false",,"382644673469","382644673469","0","false","false",
"C","A","19960101","1996","52","1996","496","MNG","Mongolia","X","Export","0","W00","World","0","W00","World","GG","GG","true","-2","ALL","0","false","C00","TOTAL CPC","0","0","TOTAL MOT","-1","n/a",,"false","-1","n/a",,"false","15611367023","false",,"false",,"1697067483","1697067483","0","true","false",
"C","A","19960101","1996","52","1996","498","MDA","Rep. of Moldova","X","Export","0","W00","World","0","W00","World","GG","GG","true","-2","ALL","0","false","C00","TOTAL CPC","0","0","TOTAL MOT","-1","n/a",,"false","-1","n/a",,"false","2565549266","false",,"false",,"3179978945","3179978945","0","true","false",
"C","A","19960101","1996","52","1996","504","MAR","Morocco","X","Export","0","W00","World","0","W00","World","GG","GG","true","-2","ALL","0","false","C00","TOTAL CPC","0","0","TOTAL MOT","-1","n/a",,"false","-1","n/a",,"false","35629207185","false",,"false",,"18967997686","18967997686","0","true","false",
"C","A","19960101","1996","52","1996","508","MOZ","Mozambique","X","Export","0","W00","World","0","W00","World","GG","GG","true","-2","ALL","0","false","C00","TOTAL CPC","0","0","TOTAL MOT","-1","n/a",,"false","-1","n/a",,"false",,"false",,"false",,"678255000","678255000","0","true","false",
"C","A","19960101","1996","52","1996","512","OMN","Oman","X","Export","0","W00","World","0","W00","World","GG","GG","true","-2","ALL","0","false","C00","TOTAL CPC","0","0","TOTAL MOT","-1","n/a",,"false","-1","n/a",,"false","1890267033","false",,"false",,"28887770298","28887770298","0","true","false",
"C","A","19960101","1996","52","1996","528","NLD","Netherlands","X","Export","0","W00","World","0","W00","World","GG","GG","true","-2","ALL","0","false","C00","TOTAL CPC","0","0","TOTAL MOT","-1","n/a",,"false","-1","n/a",,"false","398743496726","false",,"false",,"709473980452","709473980452","0","false","false",
"C","A","19960101","1996","52","1996","554","NZL","New Zealand","X","Export","0","W00","World","0","W00","World","GG","GG","true","-2","ALL","0","false","C00","TOTAL CPC","0","0","TOTAL MOT","-1","n/a",,"false","-1","n/a",,"false","30201549161","false",,"false",,"57417036652","57417036652","0","false","false",
"C","A","19960101","1996","52","1996","558","NIC","Nicaragua","X","Export","0","W00","World","0","W00","World","GG","GG","true","-2","ALL","0","false","C00","TOTAL CPC","0","0","TOTAL MOT","-1","n/a",,"false","-1","n/a",,"false","1241563110","false",,"false",,"2640729548","2640729548","0","true","false",
"C","A","19960101","1996","52","1996","562","NER","Niger","X","Export","0","W00","World","0","W00","World","GG","GG","true","-2","ALL","0","false","C00","TOTAL CPC","0","0","TOTAL MOT","-1","n/a",,"false","-1","n/a",,"false","488940141","false",,"false",,"1553279258","1553279258","0","true","false",
"C","A","19960101","1996","52","1996","566","NGA","Nigeria","X","Export","0","W00","World","0","W00","World","GG","GG","true","-2","ALL","0","false","C00","TOTAL CPC","0","0","TOTAL MOT","-1","n/a",,"false","-1","n/a",,"false","148226363017","false",,"false",,"45575583791","45575583791","0","true","false",
"C","A","19960101","1996","52","1996","579","NOR","Norway","X","Export","0","W00","World","0","W00","World","GG","GG","true","-2","ALL","0","false","C00","TOTAL CPC","0","0","TOTAL MOT","-1","n/a",,"false","-1","n/a",,"false","410434725917","false",,"false",,"195819850735","195819850735","0","false","false",
"C","A","19960101","1996","52","1996","591","PAN","Panama","X","Export","0","W00","World","0","W00","World","GG","GG","true","-2","ALL","0","false","C00","TOTAL CPC","0","0","TOTAL MOT","-1","n/a",,"false","-1","n/a",,"false","2134298790","false",,"false",,"2276800559","2276800559","0","true","false",
"C","A","19960101","1996","52","1996","600","PRY","Paraguay","X","Export","0","W00","World","0","W00","World","GG","GG","true","-2","ALL","0","false","C00","TOTAL CPC","0","0","TOTAL MOT","-1","n/a",,"false","-1","n/a",,"false","6494895702","false",,"false",,"4171975188","4171975188","0","true","false",
"C","A","19960101","1996","52","1996","604","PER","Peru","X","Export","0","W00","World","0","W00","World","GG","GG","true","-2","ALL","0","false","C00","TOTAL CPC","0","0","TOTAL MOT","-1","n/a",,"false","-1","n/a",,"false","25431242519","false",,"false",,"23340038833","23340038833","0","true","false",
"C","A","19960101","1996","52","1996","608","PHL","Philippines","X","Export","0","W00","World","0","W00","World","GG","GG","true","-2","ALL","0","false","C00","TOTAL CPC","0","0","TOTAL MOT","-1","n/a",,"false","-1","n/a",,"false","30195275015","false",,"false",,"82169885955","82169885955","0","true","false",
"C","A","19960101","1996","52","1996","616","POL","Poland","X","Export","0","W00","World","0","W00","World","GG","GG","true","-2","ALL","0","false","C00","TOTAL CPC","0","0","TOTAL MOT","-1","n/a",,"false","-1","n/a",,"false","132542987936","false",,"false",,"97559439422","97559439422","0","false","false",
"C","A","19960101","1996","52","1996","620","PRT","Portugal","X","Export","0","W00","World","0","W00","World","GG","GG","true","-2","ALL","0","false","C00","TOTAL CPC","0","0","TOTAL MOT","-1","n/a",,"false","-1","n/a",,"false","101472260755","false",,"false",,"92723895469","92723895469","0","false","false",
"C","A","19960101","1996","52","1996","642","ROU","Romania","X","Export","0","W00","World","0","W00","World","GG","GG","true","-2","ALL","0","false","C00","TOTAL CPC","0","0","TOTAL MOT","-1","n/a",,"false","-1","n/a",,"false","35418312084","false",,"false",,"32337835936","32337835936","0","true","false",
"C","A","19960101","1996","52","1996","643","RUS","Russian Federation","X","Export","0","W00","World","0","W00","World","GG","GG","true","-2","ALL","0","false","C00","TOTAL CPC","0","0","TOTAL MOT","-1","n/a",,"false","-1","n/a",,"false","948225933924","false",,"false",,"354811433947","354811433947","0","true","false",
"C","A","19960101","1996","52","1996","646","RWA","Rwanda","X","Export","0","W00","World","0","W00","World","GG","GG","true","-2","ALL","0","false","C00","TOTAL CPC","0","0","TOTAL MOT","-1","n/a",,"false","-1","n/a",,"false","14078182","false",,"false",,"39029904","39029904","0","true","false",
"C","A","19960101","1996","52","1996","659","KNA","Saint Kitts and Nevis","X","Export","0","W00","World","0","W00","World","GG","GG","true","-2","ALL","0","false","C00","TOTAL CPC","0","0","TOTAL MOT","-1","n/a",,"false","-1","n/a",,"false","47763173","false",,"false",,"86072573","86072573","0","true","false",
"C","A","19960101","1996","52","1996","662","LCA","Saint Lucia","X","Export","0","W00","World","0","W00","World","GG","GG","true","-2","ALL","0","false","C00","TOTAL CPC","0","0","TOTAL MOT","-1","n/a",,"false","-1","n/a",,"false","229407520","false",,"false",,"318026592","318026592","0","true","false",
"C","A","19960101","1996","52","1996","670","VCT","Saint Vincent and the Grenadines","X","Export","0","W00","World","0","W00","World","GG","GG","true","-2","ALL","0","false","C00","TOTAL CPC","0","0","TOTAL MOT","-1","n/a",,"false","-1","n/a",,"false","190313276","false",,"false",,"201480050","201480050","0","true","false",
"C","A","19960101","1996","52","1996","682","SAU","Saudi Arabia","X","Export","0","W00","World","0","W00","World","GG","GG","true","-2","ALL","0","false","C00","TOTAL CPC","0","0","TOTAL MOT","-1","n/a",,"false","-1","n/a",,"false","643437279663","false",,"false",,"226038109804","226038109804","0","true","false",
"C","A","19960101","1996","52","1996","686","SEN","Senegal","X","Export","0","W00","World","0","W00","World","GG","GG","true","-2","ALL","0","false","C00","TOTAL CPC","0","0","TOTAL MOT","-1","n/a",,"false","-1","n/a",,"false","4131225748","false",,"false",,"1637290108","1637290108","0","false","false",
"C","A","19960101","1996","52","1996","690","SYC","Seychelles","X","Export","0","W00","World","0","W00","World","GG","GG","true","-2","ALL","0","false","C00","TOTAL CPC","0","0","TOTAL MOT","-1","n/a",,"false","-1","n/a",,"false","252717976","false",,"false",,"557413115","557413115","0","true","false",
"C","A","19960101","1996","52","1996","699","IND","India","X","Export","0","W00","World","0","W00","World","GG","GG","true","-2","ALL","0","false","C00","TOTAL CPC","0","0","TOTAL MOT","-1","n/a",,"false","-1","n/a",,"false","96216340158","false",,"false",,"133874364776","133874364776","0","false","false",
"C","A","19960101","1996","52","1996","702","SGP","Singapore","X","Export","0","W00","World","0","W00","World","GG","GG","true","-2","ALL","0","false","C00","TOTAL CPC","0","0","TOTAL MOT","-1","n/a",,"false","-1","n/a",,"false","119185197998","false",,"false",,"495788980666","495788980666","0","true","false",
"C","A","19960101","1996","52","1996","703","SVK","Slovakia","X","Export","0","W00","World","0","W00","World","GG","GG","true","-2","ALL","0","false","C00","TOTAL CPC","0","0","TOTAL MOT","-1","n/a",,"false","-1","n/a",,"false","29214040558","false",,"false",,"29963526382","29963526382","0","true","false",
"C","A","19960101","1996","52","1996","705","SVN","Slovenia","X","Export","0","W00","World","0","W00","World","GG","GG","true","-2","ALL","0","false","C00","TOTAL CPC","0","0","TOTAL MOT","-1","n/a",,"false","-1","n/a",,"false","11900885344","false",,"false",,"33239183928","33239183928","0","false","false",
"C","A","19960101","1996","52","1996","711","ZA1","Southern African Customs Union (...1999)","X","Export","0","W00","World","0","W00","World","GG","GG","true","-2","ALL","0","false","C00","TOTAL CPC","0","0","TOTAL MOT","-1","n/a",,"false","-1","n/a",,"false",,"false",,"false",,"93875133172","93875133172","0","true","false",
"C","A","19960101","1996","52","1996","724","ESP","Spain","X","Export","0","W00","World","0","W00","World","GG","GG","true","-2","ALL","0","false","C00","TOTAL CPC","0","0","TOTAL MOT","-1","n/a",,"false","-1","n/a",,"false","155904547924","false",,"false",,"406369183991","406369183991","0","false","false",
"C","A","19960101","1996","52","1996","736","SDN","Sudan (...2011)","X","Export","0","W00","World","0","W00","World","GG","GG","true","-2","ALL","0","false","C00","TOTAL CPC","0","0","TOTAL MOT","-1","n/a",,"false","-1","n/a",,"false","1137701128","false",,"false",,"1092584807","1092584807","0","true","false",
"C","A","19960101","1996","52","1996","740","SUR","Suriname","X","Export","0","W00","World","0","W00","World","GG","GG","true","-2","ALL","0","false","C00","TOTAL CPC","0","0","TOTAL MOT","-1","n/a",,"false","-1","n/a",,"false","2533958947","false",,"false",,"1706850907","1706850907","0","true","false",
"C","A","19960101","1996","52","1996","752","SWE","Sweden","X","Export","0","W00","World","0","W00","World","GG","GG","true","-2","ALL","0","false","C00","TOTAL CPC","0","0","TOTAL MOT","-1","n/a",,"false","-1","n/a",,"false","133013938666","false",,"false",,"333632803377","333632803377","0","false","false",
"C","A","19960101","1996","52","1996","757","CHE","Switzerland","X","Export","0","W00","World","0","W00","World","GG","GG","true","-2","ALL","0","false","C00","TOTAL CPC","0","0","TOTAL MOT","-1","n/a",,"false","-1","n/a",,"false","19210378062","false",,"false",,"319107881784","319107881784","0","false","false",
"C","A","19960101","1996","52","1996","764","THA","Thailand","X","Export","0","W00","World","0","W00","World","GG","GG","true","-2","ALL","0","false","C00","TOTAL CPC","0","0","TOTAL MOT","-1","n/a",,"false","-1","n/a",,"false","95445714095","false",,"false",,"222712510488","222712510488","0","true","false",
"C","A","19960101","1996","52","1996","768","TGO","Togo","X","Export","0","W00","World","0","W00","World","GG","GG","true","-2","ALL","0","false","C00","TOTAL CPC","0","0","TOTAL MOT","-1","n/a",,"false","-1","n/a",,"false","6416968682","false",,"false",,"1638485146","1638485146","0","true","false",
"C","A","19960101","1996","52","1996","780","TTO","Trinidad and Tobago","X","Export","0","W00","World","0","W00","World","GG","GG","true","-2","ALL","0","false","C00","TOTAL CPC","0","0","TOTAL MOT","-1","n/a",,"false","-1","n/a",,"false","24998560409","false",,"false",,"10276974764","10276974764","0","true","false",
"C","A","19960101","1996","52","1996","788","TUN","Tunisia","X","Export","0","W00","World","0","W00","World","GG","GG","true","-2","ALL","0","false","C00","TOTAL CPC","0","0","TOTAL MOT","-1","n/a",,"false","-1","n/a",,"false","23780285217","false",,"false",,"22069272628","22069272628","0","true","false",
"C","A","19960101","1996","52","1996","792","TUR","Türkiye","X","Export","0","W00","World","0","W00","World","GG","GG","true","-2","ALL","0","false","C00","TOTAL CPC","0","0","TOTAL MOT","-1","n/a",,"false","-1","n/a",,"false","50707035340","false",,"false",,"91673063581","91673063581","0","false","false",
"C","A","19960101","1996","52","1996","800","UGA","Uganda","X","Export","0","W00","World","0","W00","World","GG","GG","true","-2","ALL","0","false","C00","TOTAL CPC","0","0","TOTAL MOT","-1","n/a",,"false","-1","n/a",,"false","1321675873","false",,"false",,"2858937367","2858937367","0","false","false",
"C","A","19960101","1996","52","1996","804","UKR","Ukraine","X","Export","0","W00","World","0","W00","World","GG","GG","true","-2","ALL","0","false","C00","TOTAL CPC","0","0","TOTAL MOT","-1","n/a",,"false","-1","n/a",,"false","134148602460","false",,"false",,"57600971930","57600971930","0","true","false",
"C","A","19960101","1996","52","1996","807","MKD","North Macedonia","X","Export","0","W00","World","0","W00","World","GG","GG","true","-2","ALL","0","false","C00","TOTAL CPC","0","0","TOTAL MOT","-1","n/a",,"false","-1","n/a",,"false","2170656408","false",,"false",,"4589746653","4589746653","0","false","false",
"C","A","19960101","1996","52","1996","818","EGY","Egypt","X","Export","0","W00","World","0","W00","World","GG","GG","true","-2","ALL","0","false","C00","TOTAL CPC","0","0","TOTAL MOT","-1","n/a",,"false","-1","n/a",,"false","31870051697","false",,"false",,"14137973082","14137973082","0","true","false",
"C","A","19960101","1996","52","1996","826","GBR","United Kingdom","X","Export","0","W00","World","0","W00","World","GG","GG","true","-2","ALL","0","false","C00","TOTAL CPC","0","0","TOTAL MOT","-1","n/a",,"false","-1","n/a",,"false","351660933717","false",,"false",,"1014488374419","1014488374419","0","false","false",
"C","A","19960101","1996","52","1996","842","USA","USA","X","Export","0","W00","World","0","W00","World","GG","GG","true","-2","ALL","0","false","C00","TOTAL CPC","0","0","TOTAL MOT","-1","n/a",,"false","-1","n/a",,"false","698299631465","false",,"false",,"2491136570932","2491136570932","0","false","false",
"C","A","19960101","1996","52","1996","854","BFA","Burkina Faso","X","Export","0","W00","World","0","W00","World","GG","GG","true","-2","ALL","0","false","C00","TOTAL CPC","0","0","TOTAL MOT","-1","n/a",,"false","-1","n/a",,"false","379062110","false",,"false",,"794285579","794285579","0","true","false",
"C","A","19960101","1996","52","1996","858","URY","Uruguay","X","Export","0","W00","World","0","W00","World","GG","GG","true","-2","ALL","0","false","C00","TOTAL CPC","0","0","TOTAL MOT","-1","n/a",,"false","-1","n/a",,"false","6435688555","false",,"false",,"9589781257","9589781257","0","true","false",
"C","A","19960101","1996","52","1996","862","VEN","Venezuela","X","Export","0","W00","World","0","W00","World","GG","GG","true","-2","ALL","0","false","C00","TOTAL CPC","0","0","TOTAL MOT","-1","n/a",,"false","-1","n/a",,"false","28619513287","false",,"false",,"92289370135","92289370135","0","false","false",
"C","A","19960101","1996","52","1996","891","SCG","Serbia and Montenegro (...2005)","X","Export","0","W00","World","0","W00","World","GG","GG","true","-2","ALL","0","false","C00","TOTAL CPC","0","0","TOTAL MOT","-1","n/a",,"false","-1","n/a",,"false","5873137221","false",,"false",,"7366984048","7366984048","0","true","false",
"C","A","19960101","1996","52","1996","894","ZMB","Zambia","X","Export","0","W00","World","0","W00","World","GG","GG","true","-2","ALL","0","false","C00","TOTAL CPC","0","0","TOTAL MOT","-1","n/a",,"false","-1","n/a",,"false",,"false",,"false",,"3705397872","3705397872","0","true","false",
"C","A","19970101","1997","52","1997","8","ALB","Albania","X","Export","0","W00","World","0","W00","World","GG","GG","true","-2","ALL","0","false","C00","TOTAL CPC","0","0","TOTAL MOT","-1","n/a",,"false","-1","n/a",,"false","346046164","false",,"false",,"550724043","550724043","0","false","false",
"C","A","19970101","1997","52","1997","12","DZA","Algeria","X","Export","0","W00","World","0","W00","World","GG","GG","true","-2","ALL","0","false","C00","TOTAL CPC","0","0","TOTAL MOT","-1","n/a",,"false","-1","n/a",,"false","177794029675","false",,"false",,"55576493954","55576493954","0","false","false",
"C","A","19970101","1997","52","1997","20","AND","Andorra","X","Export","0","W00","World","0","W00","World","GG","GG","true","-2","ALL","0","false","C00","TOTAL CPC","0","0","TOTAL MOT","-1","n/a",,"false","-1","n/a",,"false","1045396634","false",,"false",,"192001542","192001542","0","false","false",
"C","A","19970101","1997","52","1997","31","AZE","Azerbaijan","X","Export","0","W00","World","0","W00","World","GG","GG","true","-2","ALL","0","false","C00","TOTAL CPC","0","0","TOTAL MOT","-1","n/a",,"false","-1","n/a",,"false","7550036119","false",,"false",,"3125235918","3125235918","0","true","false",
"C","A","19970101","1997","52","1997","32","ARG","Argentina","X","Export","0","W00","World","0","W00","World","GG","GG","true","-2","ALL","0","false","C00","TOTAL CPC","0","0","TOTAL MOT","-1","n/a",,"false","-1","n/a",,"false","140466359625","false",,"false",,"105723279599","105723279599","0","false","false",
"C","A","19970101","1997","52","1997","36","AUS","Australia","X","Export","0","W00","World","0","W00","World","GG","GG","true","-2","ALL","0","false","C00","TOTAL CPC","0","0","TOTAL MOT","-1","n/a",,"false","-1","n/a",,"false","783020882190","false",,"false",,"250437768724","250437768724","0","false","false",
"C","A","19970101","1997","52","1997","40","AUT","Austria","X","Export","0","W00","World","0","W00","World","GG","GG","true","-2","ALL","0","false","C00","TOTAL CPC","0","0","TOTAL MOT","-1","n/a",,"false","-1","n/a",,"false","56384933877","false",,"false",,"219153313960","219153313960","0","false","false",
"C","A","19970101","1997","52","1997","44","BHS","Bahamas","X","Export","0","W00","World","0","W00","World","GG","GG","true","-2","ALL","0","false","C00","TOTAL CPC","0","0","TOTAL MOT","-1","n/a",,"false","-1","n/a",,"false","5707687099","false",,"false",,"725542785","725542785","0","false","false",
"C","A","19970101","1997","52","1997","50","BGD","Bangladesh","X","Export","0","W00","World","0","W00","World","GG","GG","true","-2","ALL","0","false","C00","TOTAL CPC","0","0","TOTAL MOT","-1","n/a",,"false","-1","n/a",,"false","2735873416","false",,"false",,"16069822376","16069822376","0","true","false",
"C","A","19970101","1997","52","1997","51","ARM","Armenia","X","Export","0","W00","World","0","W00","World","GG","GG","true","-2","ALL","0","false","C00","TOTAL CPC","0","0","TOTAL MOT","-1","n/a",,"false","-1","n/a",,"false","975764436","false",,"false",,"861094196","861094196","0","false","false",
"C","A","19970101","1997","52","1997","52","BRB","Barbados","X","Export","0","W00","World","0","W00","World","GG","GG","true","-2","ALL","0","false","C00","TOTAL CPC","0","0","TOTAL MOT","-1","n/a",,"false","-1","n/a",,"false","701009680","false",,"false",,"1131708294","1131708294","0","true","false",
"C","A","19970101","1997","52","1997","58","BEL","Belgium-Luxembourg (...1998)","X","Export","0","W00","World","0","W00","World","GG","GG","true","-2","ALL","0","false","C00","TOTAL CPC","0","0","TOTAL MOT","-1","n/a",,"false","-1","n/a",,"false","309117587588","false",,"false",,"690799177083","690799177083","0","false","false",
"C","A","19970101","1997","52","1997","68","BOL","Bolivia (Plurinational State of)","X","Export","0","W00","World","0","W00","World","GG","GG","true","-2","ALL","0","false","C00","TOTAL CPC","0","0","TOTAL MOT","-1","n/a",,"false","-1","n/a",,"false","7870887815","false",,"false",,"5088390487","5088390487","0","false","false",
"C","A","19970101","1997","52","1997","76","BRA","Brazil","X","Export","0","W00","World","0","W00","World","GG","GG","true","-2","ALL","0","false","C00","TOTAL CPC","0","0","TOTAL MOT","-1","n/a",,"false","-1","n/a",,"false","409948727816","false",,"false",,"211943249804","211943249804","0","false","false",
"C","A","19970101","1997","52","1997","84","BLZ","Belize","X","Export","0","W00","World","0","W00","World","GG","GG","true","-2","ALL","0","false","C00","TOTAL CPC","0","0","TOTAL MOT","-1","n/a",,"false","-1","n/a",,"false","509567145","false",,"false",,"704762628","704762628","0","true","false",
"C","A","19970101","1997","52","1997","96","BRN","Brunei Darussalam","X","Export","0","W00","World","0","W00","World","GG","GG","true","-2","ALL","0","false","C00","TOTAL CPC","0","0","TOTAL MOT","-1","n/a",,"false","-1","n/a",,"false","42211115972","false",,"false",,"10628315204","10628315204","0","true","false",
"C","A","19970101","1997","52","1997","100","BGR","Bulgaria","X","Export","0","W00","World","0","W00","World","GG","GG","true","-2","ALL","0","false","C00","TOTAL CPC","0","0","TOTAL MOT","-1","n/a",,"false","-1","n/a",,"false","87802242745","false",,"false",,"19758657877","19758657877","0","false","false",
"C","A","19970101","1997","52","1997","108","BDI","Burundi","X","Export","0","W00","World","0","W00","World","GG","GG","true","-2","ALL","0","false","C00","TOTAL CPC","0","0","TOTAL MOT","-1","n/a",,"false","-1","n/a",,"false","62144730","false",,"false",,"274979700","274979700","0","true","false",
"C","A","19970101","1997","52","1997","120","CMR","Cameroon","X","Export","0","W00","World","0","W00","World","GG","GG","true","-2","ALL","0","false","C00","TOTAL CPC","0","0","TOTAL MOT","-1","n/a",,"false","-1","n/a",,"false","15997426840","false",,"false",,"7437233571","7437233571","0","true","false",
"C","A","19970101","1997","52","1997","124","CAN","Canada","X","Export","0","W00","World","0","W00","World","GG","GG","true","-2","ALL","0","false","C00","TOTAL CPC","0","0","TOTAL MOT","-1","n/a",,"false","-1","n/a",,"false","630206799609","false",,"false",,"864149354428","864149354428","0","false","false",
"C","A","19970101","1997","52","1997","132","CPV","Cabo Verde","X","Export","0","W00","World","0","W00","World","GG","GG","true","-2","ALL","0","false","C00","TOTAL CPC","0","0","TOTAL MOT","-1","n/a",,"false","-1","n/a",,"false","275037280","false",,"false",,"326136076","326136076","0","false","false",
"C","A","19970101","1997","52","1997","140","CAF","Central African Rep.","X","Export","0","W00","World","0","W00","World","GG","GG","true","-2","ALL","0","false","C00","TOTAL CPC","0","0","TOTAL MOT","-1","n/a",,"false","-1","n/a",,"false","64008798","false",,"false",,"394332682","394332682","0","false","false",
"C","A","19970101","1997","52","1997","152","CHL","Chile","X","Export","0","W00","World","0","W00","World","GG","GG","true","-2","ALL","0","false","C00","TOTAL CPC","0","0","TOTAL MOT","-1","n/a",,"false","-1","n/a",,"false","63235003072","false",,"false",,"66712756082","66712756082","0","false","false",
"C","A","19970101","1997","52","1997","156","CHN","China","X","Export","0","W00","World","0","W00","World","GG","GG","true","-2","ALL","0","false","C00","TOTAL CPC","0","0","TOTAL MOT","-1","n/a",,"false","-1","n/a",,"false","1871560557580","false",,"false",,"731166339192","731166339192","0","false","false",
"C","A","19970101","1997","52","1997","170","COL","Colombia","X","Export","0","W00","World","0","W00","World","GG","GG","true","-2","ALL","0","false","C00","TOTAL CPC","0","0","TOTAL MOT","-1","n/a",,"false","-1","n/a",,"false","109671925834","false",,"false",,"46196077096","46196077096","0","false","false",
"C","A","19970101","1997","52","1997","174","COM","Comoros","X","Export","0","W00","World","0","W00","World","GG","GG","true","-2","ALL","0","false","C00","TOTAL CPC","0","0","TOTAL MOT","-1","n/a",,"false","-1","n/a",,"false","4268548","false",,"false",,"22513240","22513240","0","true","false",
"C","A","19970101","1997","52","1997","188","CRI","Costa Rica","X","Export","0","W00","World","0","W00","World","GG","GG","true","-2","ALL","0","false","C00","TOTAL CPC","0","0","TOTAL MOT","-1","n/a",,"false","-1","n/a",,"false","8252231998","false",,"false",,"15571791910","15571791910","0","false","false",
"C","A","19970101","1997","52","1997","191","HRV","Croatia","X","Export","0","W00","World","0","W00","World","GG","GG","true","-2","ALL","0","false","C00","TOTAL CPC","0","0","TOTAL MOT","-1","n/a",,"false","-1","n/a",,"false","16148467308","false",,"false",,"17363425418","17363425418","0","false","false",
"C","A","19970101","1997","52","1997","196","CYP","Cyprus","X","Export","0","W00","World","0","W00","World","GG","GG","true","-2","ALL","0","false","C00","TOTAL CPC","0","0","TOTAL MOT","-1","n/a",,"false","-1","n/a",,"false","3167734970","false",,"false",,"5000430942","5000430942","0","false","false",
"C","A","19970101","1997","52","1997","212","DMA","Dominica","X","Export","0","W00","World","0","W00","World","GG","GG","true","-2","ALL","0","false","C00","TOTAL CPC","0","0","TOTAL MOT","-1","n/a",,"false","-1","n/a",,"false","433212966","false",,"false",,"207721419","207721419","0","true","false",
"C","A","19970101","1997","52","1997","214","DOM","Dominican Rep.","X","Export","0","W00","World","0","W00","World","GG","GG","true","-2","ALL","0","false","C00","TOTAL CPC","0","0","TOTAL MOT","-1","n/a",,"false","-1","n/a",,"false","3102647157","false",,"false",,"19052447166","19052447166","0","true","false",
"C","A","19970101","1997","52","1997","231","ETH","Ethiopia","X","Export","0","W00","World","0","W00","World","GG","GG","true","-2","ALL","0","false","C00","TOTAL CPC","0","0","TOTAL MOT","-1","n/a",,"false","-1","n/a",,"false","727522644","false",,"false",,"2215899985","2215899985","0","true","false",
"C","A","19970101","1997","52","1997","233","EST","Estonia","X","Export","0","W00","World","0","W00","World","GG","GG","true","-2","ALL","0","false","C00","TOTAL CPC","0","0","TOTAL MOT","-1","n/a",,"false","-1","n/a",,"false","14817100068","false",,"false",,"11742795501","11742795501","0","false","false",
"C","A","19970101","1997","52","1997","234","FRO","Faroe Isds","X","Export","0","W00","World","0","W00","World","GG","GG","true","-2","ALL","0","false","C00","TOTAL CPC","0","0","TOTAL MOT","-1","n/a",,"false","-1","n/a",,"false","593990051","false",,"false",,"1534442776","1534442776","0","false","false",
"C","A","19970101","1997","52","1997","246","FIN","Finland","X","Export","0","W00","World","0","W00","World","GG","GG","true","-2","ALL","0","false","C00","TOTAL CPC","0","0","TOTAL MOT","-1","n/a",,"false","-1","n/a",,"false","61715874721","false",,"false",,"163920005326","163920005326","0","false","false",
"C","A","19970101","1997","52","1997","251","FRA","France","X","Export","0","W00","World","0","W00","World","GG","GG","true","-2","ALL","0","false","C00","TOTAL CPC","0","0","TOTAL MOT","-1","n/a",,"false","-1","n/a",,"false","340835678006","false",,"false",,"1119590604463","1119590604463","0","false","false",
"C","A","19970101","1997","52","1997","258","PYF","French Polynesia","X","Export","0","W00","World","0","W00","World","GG","GG","true","-2","ALL","0","false","C00","TOTAL CPC","0","0","TOTAL MOT","-1","n/a",,"false","-1","n/a",,"false","26180105","false",,"false",,"886570457","886570457","0","false","false",
"C","A","19970101","1997","52","1997","266","GAB","Gabon","X","Export","0","W00","World","0","W00","World","GG","GG","true","-2","ALL","0","false","C00","TOTAL CPC","0","0","TOTAL MOT","-1","n/a",,"false","-1","n/a",,"false","38130946242","false",,"false",,"10524446672","10524446672","0","false","false",
"C","A","19970101","1997","52","1997","268","GEO","Georgia","X","Export","0","W00","World","0","W00","World","GG","GG","true","-2","ALL","0","false","C00","TOTAL CPC","0","0","TOTAL MOT","-1","n/a",,"false","-1","n/a",,"false","10083011451","false",,"false",,"959144952","959144952","0","true","false",
"C","A","19970101","1997","52","1997","270","GMB","Gambia","X","Export","0","W00","World","0","W00","World","GG","GG","true","-2","ALL","0","false","C00","TOTAL CPC","0","0","TOTAL MOT","-1","n/a",,"false","-1","n/a",,"false","20340712","false",,"false",,"34594972","34594972","0","false","false",
"C","A","19970101","1997","52","1997","276","DEU","Germany","X","Export","0","W00","World","0","W00","World","GG","GG","true","-2","ALL","0","false","C00","TOTAL CPC","0","0","TOTAL MOT","-1","n/a",,"false","-1","n/a",,"false","495498855343","false",,"false",,"2040596717196","2040596717196","0","false","false",
"C","A","19970101","1997","52","1997","288","GHA","Ghana","X","Export","0","W00","World","0","W00","World","GG","GG","true","-2","ALL","0","false","C00","TOTAL CPC","0","0","TOTAL MOT","-1","n/a",,"false","-1","n/a",,"false","4881750760","false",,"false",,"6538783079","6538783079","0","true","false",
"C","A","19970101","1997","52","1997","296","KIR","Kiribati","X","Export","0","W00","World","0","W00","World","GG","GG","true","-2","ALL","0","false","C00","TOTAL CPC","0","0","TOTAL MOT","-1","n/a",,"false","-1","n/a",,"false","102443808","false",,"false",,"20451880","20451880","0","true","false",
"C","A","19970101","1997","52","1997","300","GRC","Greece","X","Export","0","W00","World","0","W00","World","GG","GG","true","-2","ALL","0","false","C00","TOTAL CPC","0","0","TOTAL MOT","-1","n/a",,"false","-1","n/a",,"false","44362672241","false",,"false",,"44615402843","44615402843","0","false","false",
"C","A","19970101","1997","52","1997","304","GRL","Greenland","X","Export","0","W00","World","0","W00","World","GG","GG","true","-2","ALL","0","false","C00","TOTAL CPC","0","0","TOTAL MOT","-1","n/a",,"false","-1","n/a",,"false","160715606","false",,"false",,"1140832292","1140832292","0","false","false",
"C","A","19970101","1997","52","1997","308","GRD","Grenada","X","Export","0","W00","World","0","W00","World","GG","GG","true","-2","ALL","0","false","C00","TOTAL CPC","0","0","TOTAL MOT","-1","n/a",,"false","-1","n/a",,"false","34076223","false",,"false",,"103859789","103859789","0","true","false",
"C","A","19970101","1997","52","1997","320","GTM","Guatemala","X","Export","0","W00","World","0","W00","World","GG","GG","true","-2","ALL","0","false","C00","TOTAL CPC","0","0","TOTAL MOT","-1","n/a",,"false","-1","n/a",,"false","9018669093","false",,"false",,"9376314179","9376314179","0","false","false",
"C","A","19970101","1997","52","1997","324","GIN","Guinea","X","Export","0","W00","World","0","W00","World","GG","GG","true","-2","ALL","0","false","C00","TOTAL CPC","0","0","TOTAL MOT","-1","n/a",,"false","-1","n/a",,"false","19850067008","false",,"false",,"2737850751","2737850751","0","true","false",
"C","A","19970101","1997","52","1997","328","GUY","Guyana","X","Export","0","W00","World","0","W00","World","GG","GG","true","-2","ALL","0","false","C00","TOTAL CPC","0","0","TOTAL MOT","-1","n/a",,"false","-1","n/a",,"false","6261710430","false",,"false",,"2144854000","2144854000","0","false","false",
"C","A","19970101","1997","52","1997","332","HTI","Haiti","X","Export","0","W00","World","0","W00","World","GG","GG","true","-2","ALL","0","false","C00","TOTAL CPC","0","0","TOTAL MOT","-1","n/a",,"false","-1","n/a",,"false","74289906","false",,"false",,"242657376","242657376","0","false","false",
"C","A","19970101","1997","52","1997","340","HND","Honduras","X","Export","0","W00","World","0","W00","World","GG","GG","true","-2","ALL","0","false","C00","TOTAL CPC","0","0","TOTAL MOT","-1","n/a",,"false","-1","n/a",,"false","2697145192","false",,"false",,"5737660372","5737660372","0","false","false",
"C","A","19970101","1997","52","1997","344","HKG","China, Hong Kong SAR","X","Export","0","W00","World","0","W00","World","GG","GG","true","-2","ALL","0","false","C00","TOTAL CPC","0","0","TOTAL MOT","-1","n/a",,"false","-1","n/a",,"false","76998747726","false",,"false",,"752805043016","752805043016","0","false","false",
"C","A","19970101","1997","52","1997","348","HUN","Hungary","X","Export","0","W00","World","0","W00","World","GG","GG","true","-2","ALL","0","false","C00","TOTAL CPC","0","0","TOTAL MOT","-1","n/a",,"false","-1","n/a",,"false","32200842296","false",,"false",,"76396775408","76396775408","0","false","false",
"C","A","19970101","1997","52","1997","352","ISL","Iceland","X","Export","0","W00","World","0","W00","World","GG","GG","true","-2","ALL","0","false","C00","TOTAL CPC","0","0","TOTAL MOT","-1","n/a",,"false","-1","n/a",,"false","2523454635","false",,"false",,"7405669230","7405669230","0","false","false",
"C","A","19970101","1997","52","1997","360","IDN","Indonesia","X","Export","0","W00","World","0","W00","World","GG","GG","true","-2","ALL","0","false","C00","TOTAL CPC","0","0","TOTAL MOT","-1","n/a",,"false","-1","n/a",,"false","494685472301","false",,"false",,"213774322112","213774322112","0","false","false",
"C","A","19970101","1997","52","1997","364","IRN","Iran","X","Export","0","W00","World","0","W00","World","GG","GG","true","-2","ALL","0","false","C00","TOTAL CPC","0","0","TOTAL MOT","-1","n/a",,"false","-1","n/a",,"false","247723337634","false",,"false",,"73701022808","73701022808","0","false","false",
"C","A","19970101","1997","52","1997","372","IRL","Ireland","X","Export","0","W00","World","0","W00","World","GG","GG","true","-2","ALL","0","false","C00","TOTAL CPC","0","0","TOTAL MOT","-1","n/a",,"false","-1","n/a",,"false","22908772388","false",,"false",,"214478600845","214478600845","0","false","false",
"C","A","19970101","1997","52","1997","376","ISR","Israel","X","Export","0","W00","World","0","W00","World","GG","GG","true","-2","ALL","0","false","C00","TOTAL CPC","0","0","TOTAL MOT","-1","n/a",,"false","-1","n/a",,"false","11633149892","false",,"false",,"90011904000","90011904000","0","false","false",
"C","A","19970101","1997","52","1997","380","ITA","Italy","X","Export","0","W00","World","0","W00","World","GG","GG","true","-2","ALL","0","false","C00","TOTAL CPC","0","0","TOTAL MOT","-1","n/a",,"false","-1","n/a",,"false","207608178700","false",,"false",,"953063107848","953063107848","0","false","false",
"C","A","19970101","1997","52","1997","384","CIV","Côte d'Ivoire","X","Export","0","W00","World","0","W00","World","GG","GG","true","-2","ALL","0","false","C00","TOTAL CPC","0","0","TOTAL MOT","-1","n/a",,"false","-1","n/a",,"false","14690411073","false",,"false",,"16663712213","16663712213","0","true","false",
"C","A","19970101","1997","52","1997","388","JAM","Jamaica","X","Export","0","W00","World","0","W00","World","GG","GG","true","-2","ALL","0","false","C00","TOTAL CPC","0","0","TOTAL MOT","-1","n/a",,"false","-1","n/a",,"false","15777330084","false",,"false",,"5544423024","5544423024","0","true","false",
"C","A","19970101","1997","52","1997","392","JPN","Japan","X","Export","0","W00","World","0","W00","World","GG","GG","true","-2","ALL","0","false","C00","TOTAL CPC","0","0","TOTAL MOT","-1","n/a",,"false","-1","n/a",,"false","205974962526","false",,"false",,"1684211470996","1684211470996","0","false","false",
"C","A","19970101","1997","52","1997","398","KAZ","Kazakhstan","X","Export","0","W00","World","0","W00","World","GG","GG","true","-2","ALL","0","false","C00","TOTAL CPC","0","0","TOTAL MOT","-1","n/a",,"false","-1","n/a",,"false","380778294408","false",,"false",,"19459937433","19459937433","0","true","false",
"C","A","19970101","1997","52","1997","400","JOR","Jordan","X","Export","0","W00","World","0","W00","World","GG","GG","true","-2","ALL","0","false","C00","TOTAL CPC","0","0","TOTAL MOT","-1","n/a",,"false","-1","n/a",,"false","4848526013","false",,"false",,"6305311811","6305311811","0","true","false",
"C","A","19970101","1997","52","1997","404","KEN","Kenya","X","Export","0","W00","World","0","W00","World","GG","GG","true","-2","ALL","0","false","C00","TOTAL CPC","0","0","TOTAL MOT","-1","n/a",,"false","-1","n/a",,"false","5729144286","false",,"false",,"7837697930","7837697930","0","false","false",
"C","A","19970101","1997","52","1997","410","KOR","Rep. of Korea","X","Export","0","W00","World","0","W00","World","GG","GG","true","-2","ALL","0","false","C00","TOTAL CPC","0","0","TOTAL MOT","-1","n/a",,"false","-1","n/a",,"false","183596965511","false",,"false",,"544604098587","544604098587","0","false","false",
"C","A","19970101","1997","52","1997","422","LBN","Lebanon","X","Export","0","W00","World","0","W00","World","GG","GG","true","-2","ALL","0","false","C00","TOTAL CPC","0","0","TOTAL MOT","-1","n/a",,"false","-1","n/a",,"false","2133111360","false",,"false",,"2568916966","2568916966","0","false","false",
"C","A","19970101","1997","52","1997","428","LVA","Latvia","X","Export","0","W00","World","0","W00","World","GG","GG","true","-2","ALL","0","false","C00","TOTAL CPC","0","0","TOTAL MOT","-1","n/a",,"false","-1","n/a",,"false","13596572242","false",,"false",,"6686408080","6686408080","0","false","false",
"C","A","19970101","1997","52","1997","440","LTU","Lithuania","X","Export","0","W00","World","0","W00","World","GG","GG","true","-2","ALL","0","false","C00","TOTAL CPC","0","0","TOTAL MOT","-1","n/a",,"false","-1","n/a",,"false","20387508998","false",,"false",,"15449821973","15449821973","0","false","false",
"C","A","19970101","1997","52","1997","446","MAC","China, Macao SAR","X","Export","0","W00","World","0","W00","World","GG","GG","true","-2","ALL","0","false","C00","TOTAL CPC","0","0","TOTAL MOT","-1","n/a",,"false","-1","n/a",,"false","1184719843","false",,"false",,"9128348615","9128348615","0","false","false",
"C","A","19970101","1997","52","1997","450","MDG","Madagascar","X","Export","0","W00","World","0","W00","World","GG","GG","true","-2","ALL","0","false","C00","TOTAL CPC","0","0","TOTAL MOT","-1","n/a",,"false","-1","n/a",,"false","702766771","false",,"false",,"1111021724","1111021724","0","false","false",
"C","A","19970101","1997","52","1997","454","MWI","Malawi","X","Export","0","W00","World","0","W00","World","GG","GG","true","-2","ALL","0","false","C00","TOTAL CPC","0","0","TOTAL MOT","-1","n/a",,"false","-1","n/a",,"false","2648933691","false",,"false",,"2166439312","2166439312","0","true","false",
"C","A","19970101","1997","52","1997","458","MYS","Malaysia","X","Export","0","W00","World","0","W00","World","GG","GG","true","-2","ALL","0","false","C00","TOTAL CPC","0","0","TOTAL MOT","-1","n/a",,"false","-1","n/a",,"false","153803827365","false",,"false",,"314917675354","314917675354","0","false","false",
"C","A","19970101","1997","52","1997","462","MDV","Maldives","X","Export","0","W00","World","0","W00","World","GG","GG","true","-2","ALL","0","false","C00","TOTAL CPC","0","0","TOTAL MOT","-1","n/a",,"false","-1","n/a",,"false","67889230","false",,"false",,"280856665","280856665","0","false","false",
"C","A","19970101","1997","52","1997","466","MLI","Mali","X","Export","0","W00","World","0","W00","World","GG","GG","true","-2","ALL","0","false","C00","TOTAL CPC","0","0","TOTAL MOT","-1","n/a",,"false","-1","n/a",,"false","621213102","false",,"false",,"1209412643","1209412643","0","true","false",
"C","A","19970101","1997","52","1997","470","MLT","Malta","X","Export","0","W00","World","0","W00","World","GG","GG","true","-2","ALL","0","false","C00","TOTAL CPC","0","0","TOTAL MOT","-1","n/a",,"false","-1","n/a",,"false","1094354657","false",,"false",,"6577029015","6577029015","0","false","false",
"C","A","19970101","1997","52","1997","480","MUS","Mauritius","X","Export","0","W00","World","0","W00","World","GG","GG","true","-2","ALL","0","false","C00","TOTAL CPC","0","0","TOTAL MOT","-1","n/a",,"false","-1","n/a",,"false","1644398505","false",,"false",,"6400384904","6400384904","0","false","false",
"C","A","19970101","1997","52","1997","484","MEX","Mexico","X","Export","0","W00","World","0","W00","World","GG","GG","true","-2","ALL","0","false","C00","TOTAL CPC","0","0","TOTAL MOT","-1","n/a",,"false","-1","n/a",,"false","302797068319","false",,"false",,"440187616975","440187616975","0","false","false",
"C","A","19970101","1997","52","1997","490","S19","Other Asia, nes","X","Export","0","W00","World","0","W00","World","GG","GG","true","-2","ALL","0","false","C00","TOTAL CPC","0","0","TOTAL MOT","-1","n/a",,"false","-1","n/a",,"false","44380611099","false",,"false",,"488321525352","488321525352","0","true","false",
"C","A","19970101","1997","52","1997","496","MNG","Mongolia","X","Export","0","W00","World","0","W00","World","GG","GG","true","-2","ALL","0","false","C00","TOTAL CPC","0","0","TOTAL MOT","-1","n/a",,"false","-1","n/a",,"false","1820581219","false",,"false",,"1805736417","1805736417","0","false","false",
"C","A","19970101","1997","52","1997","498","MDA","Rep. of Moldova","X","Export","0","W00","World","0","W00","World","GG","GG","true","-2","ALL","0","false","C00","TOTAL CPC","0","0","TOTAL MOT","-1","n/a",,"false","-1","n/a",,"false",,"false",,"false",,"1703276685","1703276685","0","true","false",
"C","A","19970101","1997","52","1997","504","MAR","Morocco","X","Export","0","W00","World","0","W00","World","GG","GG","true","-2","ALL","0","false","C00","TOTAL CPC","0","0","TOTAL MOT","-1","n/a",,"false","-1","n/a",,"false","39368954207","false",,"false",,"18696679071","18696679071","0","true","false",
"C","A","19970101","1997","52","1997","508","MOZ","Mozambique","X","Export","0","W00","World","0","W00","World","GG","GG","true","-2","ALL","0","false","C00","TOTAL CPC","0","0","TOTAL MOT","-1","n/a",,"false","-1","n/a",,"false",,"false",,"false",,"688874325","688874325","0","true","false",
"C","A","19970101","1997","52","1997","512","OMN","Oman","X","Export","0","W00","World","0","W00","World","GG","GG","true","-2","ALL","0","false","C00","TOTAL CPC","0","0","TOTAL MOT","-1","n/a",,"false","-1","n/a",,"false","85171215202","false",,"false",,"30522653083","30522653083","0","true","false",
"C","A","19970101","1997","52","1997","528","NLD","Netherlands","X","Export","0","W00","World","0","W00","World","GG","GG","true","-2","ALL","0","false","C00","TOTAL CPC","0","0","TOTAL MOT","-1","n/a",,"false","-1","n/a",,"false","390611814729","false",,"false",,"737732781152","737732781152","0","false","false",
"C","A","19970101","1997","52","1997","554","NZL","New Zealand","X","Export","0","W00","World","0","W00","World","GG","GG","true","-2","ALL","0","false","C00","TOTAL CPC","0","0","TOTAL MOT","-1","n/a",,"false","-1","n/a",,"false","28062773350","false",,"false",,"56343473750","56343473750","0","false","false",
"C","A","19970101","1997","52","1997","558","NIC","Nicaragua","X","Export","0","W00","World","0","W00","World","GG","GG","true","-2","ALL","0","false","C00","TOTAL CPC","0","0","TOTAL MOT","-1","n/a",,"false","-1","n/a",,"false","1466298441","false",,"false",,"2666370582","2666370582","0","false","false",
"C","A","19970101","1997","52","1997","562","NER","Niger","X","Export","0","W00","World","0","W00","World","GG","GG","true","-2","ALL","0","false","C00","TOTAL CPC","0","0","TOTAL MOT","-1","n/a",,"false","-1","n/a",,"false","441498683","false",,"false",,"1316718853","1316718853","0","true","false",
"C","A","19970101","1997","52","1997","566","NGA","Nigeria","X","Export","0","W00","World","0","W00","World","GG","GG","true","-2","ALL","0","false","C00","TOTAL CPC","0","0","TOTAL MOT","-1","n/a",,"false","-1","n/a",,"false","129451788084","false",,"false",,"44655692098","44655692098","0","true","false",
"C","A","19970101","1997","52","1997","579","NOR","Norway","X","Export","0","W00","World","0","W00","World","GG","GG","true","-2","ALL","0","false","C00","TOTAL CPC","0","0","TOTAL MOT","-1","n/a",,"false","-1","n/a",,"false","430651825287","false",,"false",,"194199351413","194199351413","0","false","false",
"C","A","19970101","1997","52","1997","591","PAN","Panama","X","Export","0","W00","World","0","W00","World","GG","GG","true","-2","ALL","0","false","C00","TOTAL CPC","0","0","TOTAL MOT","-1","n/a",,"false","-1","n/a",,"false","2342645326","false",,"false",,"2632205629","2632205629","0","true","false",
"C","A","19970101","1997","52","1997","600","PRY","Paraguay","X","Export","0","W00","World","0","W00","World","GG","GG","true","-2","ALL","0","false","C00","TOTAL CPC","0","0","TOTAL MOT","-1","n/a",,"false","-1","n/a",,"false","7995706700","false",,"false",,"4564009329","4564009329","0","true","false",
"C","A","19970101","1997","52","1997","604","PER","Peru","X","Export","0","W00","World","0","W00","World","GG","GG","true","-2","ALL","0","false","C00","TOTAL CPC","0","0","TOTAL MOT","-1","n/a",,"false","-1","n/a",,"false","28404106725","false",,"false",,"26997283462","26997283462","0","true","false",
"C","A","19970101","1997","52","1997","608","PHL","Philippines","X","Export","0","W00","World","0","W00","World","GG","GG","true","-2","ALL","0","false","C00","TOTAL CPC","0","0","TOTAL MOT","-1","n/a",,"false","-1","n/a",,"false","31463197362","false",,"false",,"100910766302","100910766302","0","true","false",
"C","A","19970101","1997","52","1997","616","POL","Poland","X","Export","0","W00","World","0","W00","World","GG","GG","true","-2","ALL","0","false","C00","TOTAL CPC","0","0","TOTAL MOT","-1","n/a",,"false","-1","n/a",,"false","131299983549","false",,"false",,"102802909650","102802909650","0","false","false",
"C","A","19970101","1997","52","1997","620","PRT","Portugal","X","Export","0","W00","World","0","W00","World","GG","GG","true","-2","ALL","0","false","C00","TOTAL CPC","0","0","TOTAL MOT","-1","n/a",,"false","-1","n/a",,"false","29758123027","false",,"false",,"94099594154","94099594154","0","false","false",
"C","A","19970101","1997","52","1997","642","ROU","Romania","X","Export","0","W00","World","0","W00","World","GG","GG","true","-2","ALL","0","false","C00","TOTAL CPC","0","0","TOTAL MOT","-1","n/a",,"false","-1","n/a",,"false","35003799958","false",,"false",,"33724196208","33724196208","0","false","false",
"C","A","19970101","1997","52","1997","643","RUS","Russian Federation","X","Export","0","W00","World","0","W00","World","GG","GG","true","-2","ALL","0","false","C00","TOTAL CPC","0","0","TOTAL MOT","-1","n/a",,"false","-1","n/a",,"false","995025499952","false",,"false",,"343556976877","343556976877","0","false","false",
"C","A","19970101","1997","52","1997","646","RWA","Rwanda","X","Export","0","W00","World","0","W00","World","GG","GG","true","-2","ALL","0","false","C00","TOTAL CPC","0","0","TOTAL MOT","-1","n/a",,"false","-1","n/a",,"false","73018597","false",,"false",,"215309666","215309666","0","true","false",
"C","A","19970101","1997","52","1997","659","KNA","Saint Kitts and Nevis","X","Export","0","W00","World","0","W00","World","GG","GG","true","-2","ALL","0","false","C00","TOTAL CPC","0","0","TOTAL MOT","-1","n/a",,"false","-1","n/a",,"false","100481965","false",,"false",,"164289474","164289474","0","true","false",
"C","A","19970101","1997","52","1997","662","LCA","Saint Lucia","X","Export","0","W00","World","0","W00","World","GG","GG","true","-2","ALL","0","false","C00","TOTAL CPC","0","0","TOTAL MOT","-1","n/a",,"false","-1","n/a",,"false","172545017","false",,"false",,"245000253","245000253","0","true","false",
"C","A","19970101","1997","52","1997","670","VCT","Saint Vincent and the Grenadines","X","Export","0","W00","World","0","W00","World","GG","GG","true","-2","ALL","0","false","C00","TOTAL CPC","0","0","TOTAL MOT","-1","n/a",,"false","-1","n/a",,"false","168926466","false",,"false",,"184255770","184255770","0","true","false",
"C","A","19970101","1997","52","1997","686","SEN","Senegal","X","Export","0","W00","World","0","W00","World","GG","GG","true","-2","ALL","0","false","C00","TOTAL CPC","0","0","TOTAL MOT","-1","n/a",,"false","-1","n/a",,"false","3518260619","false",,"false",,"1378109982","1378109982","0","false","false",
"C","A","19970101","1997","52","1997","690","SYC","Seychelles","X","Export","0","W00","World","0","W00","World","GG","GG","true","-2","ALL","0","false","C00","TOTAL CPC","0","0","TOTAL MOT","-1","n/a",,"false","-1","n/a",,"false","67928533","false",,"false",,"454625772","454625772","0","false","false",
"C","A","19970101","1997","52","1997","699","IND","India","X","Export","0","W00","World","0","W00","World","GG","GG","true","-2","ALL","0","false","C00","TOTAL CPC","0","0","TOTAL MOT","-1","n/a",,"false","-1","n/a",,"false","115654191279","false",,"false",,"139175000384","139175000384","0","false","false",
"C","A","19970101","1997","52","1997","702","SGP","Singapore","X","Export","0","W00","World","0","W00","World","GG","GG","true","-2","ALL","0","false","C00","TOTAL CPC","0","0","TOTAL MOT","-1","n/a",,"false","-1","n/a",,"false","112711102812","false",,"false",,"495512743920","495512743920","0","false","false",
"C","A","19970101","1997","52","1997","703","SVK","Slovakia","X","Export","0","W00","World","0","W00","World","GG","GG","true","-2","ALL","0","false","C00","TOTAL CPC","0","0","TOTAL MOT","-1","n/a",,"false","-1","n/a",,"false","35139642158","false",,"false",,"38535606258","38535606258","0","false","false",
"C","A","19970101","1997","52","1997","705","SVN","Slovenia","X","Export","0","W00","World","0","W00","World","GG","GG","true","-2","ALL","0","false","C00","TOTAL CPC","0","0","TOTAL MOT","-1","n/a",,"false","-1","n/a",,"false","13033167214","false",,"false",,"33475396070","33475396070","0","false","false",
"C","A","19970101","1997","52","1997","711","ZA1","Southern African Customs Union (...1999)","X","Export","0","W00","World","0","W00","World","GG","GG","true","-2","ALL","0","false","C00","TOTAL CPC","0","0","TOTAL MOT","-1","n/a",,"false","-1","n/a",,"false",,"false",,"false",,"89935434891","89935434891","0","false","false",
"C","A","19970101","1997","52","1997","724","ESP","Spain","X","Export","0","W00","World","0","W00","World","GG","GG","true","-2","ALL","0","false","C00","TOTAL CPC","0","0","TOTAL MOT","-1","n/a",,"false","-1","n/a",,"false","172825963091","false",,"false",,"424962787718","424962787718","0","false","false",
"C","A","19970101","1997","52","1997","736","SDN","Sudan (...2011)","X","Export","0","W00","World","0","W00","World","GG","GG","true","-2","ALL","0","false","C00","TOTAL CPC","0","0","TOTAL MOT","-1","n/a",,"false","-1","n/a",,"false","1588456020","false",,"false",,"1961788112","1961788112","0","true","false",
"C","A","19970101","1997","52","1997","752","SWE","Sweden","X","Export","0","W00","World","0","W00","World","GG","GG","true","-2","ALL","0","false","C00","TOTAL CPC","0","0","TOTAL MOT","-1","n/a",,"false","-1","n/a",,"false","141942647683","false",,"false",,"325909350117","325909350117","0","false","false",
"C","A","19970101","1997","52","1997","757","CHE","Switzerland","X","Export","0","W00","World","0","W00","World","GG","GG","true","-2","ALL","0","false","C00","TOTAL CPC","0","0","TOTAL MOT","-1","n/a",,"false","-1","n/a",,"false","22485501981","false",,"false",,"304599769612","304599769612","0","false","false",
"C","A","19970101","1997","52","1997","764","THA","Thailand","X","Export","0","W00","World","0","W00","World","GG","GG","true","-2","ALL","0","false","C00","TOTAL CPC","0","0","TOTAL MOT","-1","n/a",,"false","-1","n/a",,"false","95638819123","false",,"false",,"233130053224","233130053224","0","true","false",
"C","A","19970101","1997","52","1997","768","TGO","Togo","X","Export","0","W00","World","0","W00","World","GG","GG","true","-2","ALL","0","false","C00","TOTAL CPC","0","0","TOTAL MOT","-1","n/a",,"false","-1","n/a",,"false","5512478704","false",,"false",,"1392603241","1392603241","0","true","false",
"C","A","19970101","1997","52","1997","780","TTO","Trinidad and Tobago","X","Export","0","W00","World","0","W00","World","GG","GG","true","-2","ALL","0","false","C00","TOTAL CPC","0","0","TOTAL MOT","-1","n/a",,"false","-1","n/a",,"false","25454830614","false",,"false",,"10278439736","10278439736","0","true","false",
"C","A","19970101","1997","52","1997","788","TUN","Tunisia","X","Export","0","W00","World","0","W00","World","GG","GG","true","-2","ALL","0","false","C00","TOTAL CPC","0","0","TOTAL MOT","-1","n/a",,"false","-1","n/a",,"false","21558685501","false",,"false",,"22237482295","22237482295","0","true","false",
"C","A","19970101","1997","52","1997","792","TUR","Türkiye","X","Export","0","W00","World","0","W00","World","GG","GG","true","-2","ALL","0","false","C00","TOTAL CPC","0","0","TOTAL MOT","-1","n/a",,"false","-1","n/a",,"false","55439368186","false",,"false",,"104499589207","104499589207","0","false","false",
"C","A","19970101","1997","52","1997","795","TKM","Turkmenistan","X","Export","0","W00","World","0","W00","World","GG","GG","true","-2","ALL","0","false","C00","TOTAL CPC","0","0","TOTAL MOT","-1","n/a",,"false","-1","n/a",,"false",,"false",,"false",,"2253280689","2253280689","0","true","false",
"C","A","19970101","1997","52","1997","800","UGA","Uganda","X","Export","0","W00","World","0","W00","World","GG","GG","true","-2","ALL","0","false","C00","TOTAL CPC","0","0","TOTAL MOT","-1","n/a",,"false","-1","n/a",,"false","843299721","false",,"false",,"1609612789","1609612789","0","false","false",
"C","A","19970101","1997","52","1997","804","UKR","Ukraine","X","Export","0","W00","World","0","W00","World","GG","GG","true","-2","ALL","0","false","C00","TOTAL CPC","0","0","TOTAL MOT","-1","n/a",,"false","-1","n/a",,"false","138064828996","false",,"false",,"56869900241","56869900241","0","true","false",
"C","A","19970101","1997","52","1997","807","MKD","North Macedonia","X","Export","0","W00","World","0","W00","World","GG","GG","true","-2","ALL","0","false","C00","TOTAL CPC","0","0","TOTAL MOT","-1","n/a",,"false","-1","n/a",,"false","2897074310","false",,"false",,"4947214434","4947214434","0","false","false",
"C","A","19970101","1997","52","1997","818","EGY","Egypt","X","Export","0","W00","World","0","W00","World","GG","GG","true","-2","ALL","0","false","C00","TOTAL CPC","0","0","TOTAL MOT","-1","n/a",,"false","-1","n/a",,"false","32430776709","false",,"false",,"15631895244","15631895244","0","true","false",
"C","A","19970101","1997","52","1997","826","GBR","United Kingdom","X","Export","0","W00","World","0","W00","World","GG","GG","true","-2","ALL","0","false","C00","TOTAL CPC","0","0","TOTAL MOT","-1","n/a",,"false","-1","n/a",,"false","355960441999","false",,"false",,"1102095425915","1102095425915","0","false","false",
"C","A","19970101","1997","52","1997","834","TZA","United Rep. of Tanzania","X","Export","0","W00","World","0","W00","World","GG","GG","true","-2","ALL","0","false","C00","TOTAL CPC","0","0","TOTAL MOT","-1","n/a",,"false","-1","n/a",,"false","1399882420","false",,"false",,"2392674407","2392674407","0","false","false",
"C","A","19970101","1997","52","1997","842","USA","USA","X","Export","0","W00","World","0","W00","World","GG","GG","true","-2","ALL","0","false","C00","TOTAL CPC","0","0","TOTAL MOT","-1","n/a",,"false","-1","n/a",,"false","691513481706","false",,"false",,"2750130167960","2750130167960","0","false","false",
"C","A","19970101","1997","52","1997","854","BFA","Burkina Faso","X","Export","0","W00","World","0","W00","World","GG","GG","true","-2","ALL","0","false","C00","TOTAL CPC","0","0","TOTAL MOT","-1","n/a",,"false","-1","n/a",,"false","506058393","false",,"false",,"898317552","898317552","0","true","false",
"C","A","19970101","1997","52","1997","858","URY","Uruguay","X","Export","0","W00","World","0","W00","World","GG","GG","true","-2","ALL","0","false","C00","TOTAL CPC","0","0","TOTAL MOT","-1","n/a",,"false","-1","n/a",,"false","7318672131","false",,"false",,"10918072637","10918072637","0","false","false",
"C","A","19970101","1997","52","1997","862","VEN","Venezuela","X","Export","0","W00","World","0","W00","World","GG","GG","true","-2","ALL","0","false","C00","TOTAL CPC","0","0","TOTAL MOT","-1","n/a",,"false","-1","n/a",,"false","33323558140","false",,"false",,"91559383841","91559383841","0","false","false",
"C","A","19970101","1997","52","1997","891","SCG","Serbia and Montenegro (...2005)","X","Export","0","W00","World","0","W00","World","GG","GG","true","-2","ALL","0","false","C00","TOTAL CPC","0","0","TOTAL MOT","-1","n/a",,"false","-1","n/a",,"false","8838545558","false",,"false",,"9471939904","9471939904","0","true","false",
"C","A","19970101","1997","52","1997","894","ZMB","Zambia","X","Export","0","W00","World","0","W00","World","GG","GG","true","-2","ALL","0","false","C00","TOTAL CPC","0","0","TOTAL MOT","-1","n/a",,"false","-1","n/a",,"false","1018765271040","false",,"false",,"4493717756","4493717756","0","false","false",
"C","A","19980101","1998","52","1998","8","ALB","Albania","X","Export","0","W00","World","0","W00","World","GG","GG","true","-2","ALL","0","false","C00","TOTAL CPC","0","0","TOTAL MOT","-1","n/a",,"false","-1","n/a",,"false","368299315","false",,"false",,"830615208","830615208","0","false","false",
"C","A","19980101","1998","52","1998","12","DZA","Algeria","X","Export","0","W00","World","0","W00","World","GG","GG","true","-2","ALL","0","false","C00","TOTAL CPC","0","0","TOTAL MOT","-1","n/a",,"false","-1","n/a",,"false","156101497391","false",,"false",,"39354350779","39354350779","0","false","false",
"C","A","19980101","1998","52","1998","20","AND","Andorra","X","Export","0","W00","World","0","W00","World","GG","GG","true","-2","ALL","0","false","C00","TOTAL CPC","0","0","TOTAL MOT","-1","n/a",,"false","-1","n/a",,"false","1067051730","false",,"false",,"231435587","231435587","0","false","false",
"C","A","19980101","1998","52","1998","31","AZE","Azerbaijan","X","Export","0","W00","World","0","W00","World","GG","GG","true","-2","ALL","0","false","C00","TOTAL CPC","0","0","TOTAL MOT","-1","n/a",,"false","-1","n/a",,"false","9464151060","false",,"false",,"2424597702","2424597702","0","true","false",
"C","A","19980101","1998","52","1998","32","ARG","Argentina","X","Export","0","W00","World","0","W00","World","GG","GG","true","-2","ALL","0","false","C00","TOTAL CPC","0","0","TOTAL MOT","-1","n/a",,"false","-1","n/a",,"false","164877259700","false",,"false",,"105422701044","105422701044","0","false","false",
"C","A","19980101","1998","52","1998","36","AUS","Australia","X","Export","0","W00","World","0","W00","World","GG","GG","true","-2","ALL","0","false","C00","TOTAL CPC","0","0","TOTAL MOT","-1","n/a",,"false","-1","n/a",,"false","784428528126","false",,"false",,"222465169473","222465169473","0","false","false",
"C","A","19980101","1998","52","1998","40","AUT","Austria","X","Export","0","W00","World","0","W00","World","GG","GG","true","-2","ALL","0","false","C00","TOTAL CPC","0","0","TOTAL MOT","-1","n/a",,"false","-1","n/a",,"false","61880503240","false",,"false",,"235708485334","235708485334","0","false","false",
"C","A","19980101","1998","52","1998","44","BHS","Bahamas","X","Export","0","W00","World","0","W00","World","GG","GG","true","-2","ALL","0","false","C00","TOTAL CPC","0","0","TOTAL MOT","-1","n/a",,"false","-1","n/a",,"false","2770652489","false",,"false",,"1201282843","1201282843","0","false","false",
"C","A","19980101","1998","52","1998","50","BGD","Bangladesh","X","Export","0","W00","World","0","W00","World","GG","GG","true","-2","ALL","0","false","C00","TOTAL CPC","0","0","TOTAL MOT","-1","n/a",,"false","-1","n/a",,"false","2572275664","false",,"false",,"20227658144","20227658144","0","true","false",
"C","A","19980101","1998","52","1998","52","BRB","Barbados","X","Export","0","W00","World","0","W00","World","GG","GG","true","-2","ALL","0","false","C00","TOTAL CPC","0","0","TOTAL MOT","-1","n/a",,"false","-1","n/a",,"false","1414005793","false",,"false",,"1034624943","1034624943","0","true","false",
"C","A","19980101","1998","52","1998","58","BEL","Belgium-Luxembourg (...1998)","X","Export","0","W00","World","0","W00","World","GG","GG","true","-2","ALL","0","false","C00","TOTAL CPC","0","0","TOTAL MOT","-1","n/a",,"false","-1","n/a",,"false","306859401261","false",,"false",,"699137476985","699137476985","0","false","false",
"C","A","19980101","1998","52","1998","64","BTN","Bhutan","X","Export","0","W00","World","0","W00","World","GG","GG","true","-2","ALL","0","false","C00","TOTAL CPC","0","0","TOTAL MOT","-1","n/a",,"false","-1","n/a",,"false","1717218189","false",,"false",,"433851876","433851876","0","true","false",
"C","A","19980101","1998","52","1998","68","BOL","Bolivia (Plurinational State of)","X","Export","0","W00","World","0","W00","World","GG","GG","true","-2","ALL","0","false","C00","TOTAL CPC","0","0","TOTAL MOT","-1","n/a",,"false","-1","n/a",,"false","8023334960","false",,"false",,"5293077418","5293077418","0","false","false",
"C","A","19980101","1998","52","1998","76","BRA","Brazil","X","Export","0","W00","World","0","W00","World","GG","GG","true","-2","ALL","0","false","C00","TOTAL CPC","0","0","TOTAL MOT","-1","n/a",,"false","-1","n/a",,"false","452303055880","false",,"false",,"204479475020","204479475020","0","false","false",
"C","A","19980101","1998","52","1998","84","BLZ","Belize","X","Export","0","W00","World","0","W00","World","GG","GG","true","-2","ALL","0","false","C00","TOTAL CPC","0","0","TOTAL MOT","-1","n/a",,"false","-1","n/a",,"false","478239868","false",,"false",,"648870153","648870153","0","false","false",
"C","A","19980101","1998","52","1998","96","BRN","Brunei Darussalam","X","Export","0","W00","World","0","W00","World","GG","GG","true","-2","ALL","0","false","C00","TOTAL CPC","0","0","TOTAL MOT","-1","n/a",,"false","-1","n/a",,"false","27077608313","false",,"false",,"9227311320","9227311320","0","true","false",
"C","A","19980101","1998","52","1998","100","BGR","Bulgaria","X","Export","0","W00","World","0","W00","World","GG","GG","true","-2","ALL","0","false","C00","TOTAL CPC","0","0","TOTAL MOT","-1","n/a",,"false","-1","n/a",,"false","20571319274","false",,"false",,"16940069870","16940069870","0","false","false",
"C","A","19980101","1998","52","1998","108","BDI","Burundi","X","Export","0","W00","World","0","W00","World","GG","GG","true","-2","ALL","0","false","C00","TOTAL CPC","0","0","TOTAL MOT","-1","n/a",,"false","-1","n/a",,"false","101095750","false",,"false",,"345983028","345983028","0","true","false",
"C","A","19980101","1998","52","1998","112","BLR","Belarus","X","Export","0","W00","World","0","W00","World","GG","GG","true","-2","ALL","0","false","C00","TOTAL CPC","0","0","TOTAL MOT","-1","n/a",,"false","-1","n/a",,"false","38993126969","false",,"false",,"28258807907","28258807907","0","false","false",
"C","A","19980101","1998","52","1998","124","CAN","Canada","X","Export","0","W00","World","0","W00","World","GG","GG","true","-2","ALL","0","false","C00","TOTAL CPC","0","0","TOTAL MOT","-1","n/a",,"false","-1","n/a",,"false","606947656955","false",,"false",,"858425408337","858425408337","0","false","false",
"C","A","19980101","1998","52","1998","132","CPV","Cabo Verde","X","Export","0","W00","World","0","W00","World","GG","GG","true","-2","ALL","0","false","C00","TOTAL CPC","0","0","TOTAL MOT","-1","n/a",,"false","-1","n/a",,"false","251017236","false",,"false",,"186842589","186842589","0","false","false",
"C","A","19980101","1998","52","1998","140","CAF","Central African Rep.","X","Export","0","W00","World","0","W00","World","GG","GG","true","-2","ALL","0","false","C00","TOTAL CPC","0","0","TOTAL MOT","-1","n/a",,"false","-1","n/a",,"false","113347549","false",,"false",,"425055366","425055366","0","false","false",
"C","A","19980101","1998","52","1998","152","CHL","Chile","X","Export","0","W00","World","0","W00","World","GG","GG","true","-2","ALL","0","false","C00","TOTAL CPC","0","0","TOTAL MOT","-1","n/a",,"false","-1","n/a",,"false","51413258603","false",,"false",,"59366474940","59366474940","0","false","false",
"C","A","19980101","1998","52","1998","156","CHN","China","X","Export","0","W00","World","0","W00","World","GG","GG","true","-2","ALL","0","false","C00","TOTAL CPC","0","0","TOTAL MOT","-1","n/a",,"false","-1","n/a",,"false","1829886594727","false",,"false",,"735235945502","735235945502","0","false","false",
"C","A","19980101","1998","52","1998","170","COL","Colombia","X","Export","0","W00","World","0","W00","World","GG","GG","true","-2","ALL","0","false","C00","TOTAL CPC","0","0","TOTAL MOT","-1","n/a",,"false","-1","n/a",,"false","130477938982","false",,"false",,"43284889429","43284889429","0","false","false",
"C","A","19980101","1998","52","1998","174","COM","Comoros","X","Export","0","W00","World","0","W00","World","GG","GG","true","-2","ALL","0","false","C00","TOTAL CPC","0","0","TOTAL MOT","-1","n/a",,"false","-1","n/a",,"false","747448","false",,"false",,"15750420","15750420","0","true","false",
"C","A","19980101","1998","52","1998","188","CRI","Costa Rica","X","Export","0","W00","World","0","W00","World","GG","GG","true","-2","ALL","0","false","C00","TOTAL CPC","0","0","TOTAL MOT","-1","n/a",,"false","-1","n/a",,"false","9406394371","false",,"false",,"20605116861","20605116861","0","false","false",
"C","A","19980101","1998","52","1998","191","HRV","Croatia","X","Export","0","W00","World","0","W00","World","GG","GG","true","-2","ALL","0","false","C00","TOTAL CPC","0","0","TOTAL MOT","-1","n/a",,"false","-1","n/a",,"false","15359590964","false",,"false",,"18164414985","18164414985","0","false","false",
"C","A","19980101","1998","52","1998","196","CYP","Cyprus","X","Export","0","W00","World","0","W00","World","GG","GG","true","-2","ALL","0","false","C00","TOTAL CPC","0","0","TOTAL MOT","-1","n/a",,"false","-1","n/a",,"false","3096058446","false",,"false",,"4247404754","4247404754","0","false","false",
"C","A","19980101","1998","52","1998","203","CZE","Czechia","X","Export","0","W00","World","0","W00","World","GG","GG","true","-2","ALL","0","false","C00","TOTAL CPC","0","0","TOTAL MOT","-1","n/a",,"false","-1","n/a",,"false","78228097755","false",,"false",,"113223073334","113223073334","0","false","false",
"C","A","19980101","1998","52","1998","204","BEN","Benin","X","Export","0","W00","World","0","W00","World","GG","GG","true","-2","ALL","0","false","C00","TOTAL CPC","0","0","TOTAL MOT","-1","n/a",,"false","-1","n/a",,"false","655934704","false",,"false",,"1331490517","1331490517","0","false","false",
"C","A","19980101","1998","52","1998","208","DNK","Denmark","X","Export","0","W00","World","0","W00","World","GG","GG","true","-2","ALL","0","false","C00","TOTAL CPC","0","0","TOTAL MOT","-1","n/a",,"false","-1","n/a",,"false","65332584246","false",,"false",,"190839965772","190839965772","0","false","false",
"C","A","19980101","1998","52","1998","218","ECU","Ecuador","X","Export","0","W00","World","0","W00","World","GG","GG","true","-2","ALL","0","false","C00","TOTAL CPC","0","0","TOTAL MOT","-1","n/a",,"false","-1","n/a",,"false","38291491214","false",,"false",,"16812183243","16812183243","0","false","false",
"C","A","19980101","1998","52","1998","222","SLV","El Salvador","X","Export","0","W00","World","0","W00","World","GG","GG","true","-2","ALL","0","false","C00","TOTAL CPC","0","0","TOTAL MOT","-1","n/a",,"false","-1","n/a",,"false","1463407175","false",,"false",,"5028268004","5028268004","0","false","false",
"C","A","19980101","1998","52","1998","231","ETH","Ethiopia","X","Export","0","W00","World","0","W00","World","GG","GG","true","-2","ALL","0","false","C00","TOTAL CPC","0","0","TOTAL MOT","-1","n/a",,"false","-1","n/a",,"false","482920381","false",,"false",,"2241131204","2241131204","0","true","false",
"C","A","19980101","1998","52","1998","233","EST","Estonia","X","Export","0","W00","World","0","W00","World","GG","GG","true","-2","ALL","0","false","C00","TOTAL CPC","0","0","TOTAL MOT","-1","n/a",,"false","-1","n/a",,"false","16942866319","false",,"false",,"12979336361","12979336361","0","false","false",
"C","A","19980101","1998","52","1998","234","FRO","Faroe Isds","X","Export","0","W00","World","0","W00","World","GG","GG","true","-2","ALL","0","false","C00","TOTAL CPC","0","0","TOTAL MOT","-1","n/a",,"false","-1","n/a",,"false","573333592","false",,"false",,"1721678196","1721678196","0","false","false",
"C","A","19980101","1998","52","1998","246","FIN","Finland","X","Export","0","W00","World","0","W00","World","GG","GG","true","-2","ALL","0","false","C00","TOTAL CPC","0","0","TOTAL MOT","-1","n/a",,"false","-1","n/a",,"false","64417507676","false",,"false",,"172840614716","172840614716","0","false","false",
"C","A","19980101","1998","52","1998","251","FRA","France","X","Export","0","W00","World","0","W00","World","GG","GG","true","-2","ALL","0","false","C00","TOTAL CPC","0","0","TOTAL MOT","-1","n/a",,"false","-1","n/a",,"false","348052622661","false",,"false",,"1188288170904","1188288170904","0","false","false",
"C","A","19980101","1998","52","1998","258","PYF","French Polynesia","X","Export","0","W00","World","0","W00","World","GG","GG","true","-2","ALL","0","false","C00","TOTAL CPC","0","0","TOTAL MOT","-1","n/a",,"false","-1","n/a",,"false","26549712","false",,"false",,"1008327027","1008327027","0","false","false",
"C","A","19980101","1998","52","1998","266","GAB","Gabon","X","Export","0","W00","World","0","W00","World","GG","GG","true","-2","ALL","0","false","C00","TOTAL CPC","0","0","TOTAL MOT","-1","n/a",,"false","-1","n/a",,"false","44868131260","false",,"false",,"10411094128","10411094128","0","false","false",
"C","A","19980101","1998","52","1998","268","GEO","Georgia","X","Export","0","W00","World","0","W00","World","GG","GG","true","-2","ALL","0","false","C00","TOTAL CPC","0","0","TOTAL MOT","-1","n/a",,"false","-1","n/a",,"false","64612892485","false",,"false",,"769290044","769290044","0","false","false",
"C","A","19980101","1998","52","1998","270","GMB","Gambia","X","Export","0","W00","World","0","W00","World","GG","GG","true","-2","ALL","0","false","C00","TOTAL CPC","0","0","TOTAL MOT","-1","n/a",,"false","-1","n/a",,"false","128062644","false",,"false",,"102540648","102540648","0","false","false",
"C","A","19980101","1998","52","1998","276","DEU","Germany","X","Export","0","W00","World","0","W00","World","GG","GG","true","-2","ALL","0","false","C00","TOTAL CPC","0","0","TOTAL MOT","-1","n/a",,"false","-1","n/a",,"false","516521691983","false",,"false",,"2165349885177","2165349885177","0","false","false",
"C","A","19980101","1998","52","1998","288","GHA","Ghana","X","Export","0","W00","World","0","W00","World","GG","GG","true","-2","ALL","0","false","C00","TOTAL CPC","0","0","TOTAL MOT","-1","n/a",,"false","-1","n/a",,"false","4062597720","false",,"false",,"4631940439","4631940439","0","true","false",
"C","A","19980101","1998","52","1998","296","KIR","Kiribati","X","Export","0","W00","World","0","W00","World","GG","GG","true","-2","ALL","0","false","C00","TOTAL CPC","0","0","TOTAL MOT","-1","n/a",,"false","-1","n/a",,"false","389684308","false",,"false",,"22175200","22175200","0","true","false",
"C","A","19980101","1998","52","1998","300","GRC","Greece","X","Export","0","W00","World","0","W00","World","GG","GG","true","-2","ALL","0","false","C00","TOTAL CPC","0","0","TOTAL MOT","-1","n/a",,"false","-1","n/a",,"false","40763603588","false",,"false",,"43435214731","43435214731","0","false","false",
"C","A","19980101","1998","52","1998","304","GRL","Greenland","X","Export","0","W00","World","0","W00","World","GG","GG","true","-2","ALL","0","false","C00","TOTAL CPC","0","0","TOTAL MOT","-1","n/a",,"false","-1","n/a",,"false","168752043","false",,"false",,"1021157584","1021157584","0","false","false",
"C","A","19980101","1998","52","1998","308","GRD","Grenada","X","Export","0","W00","World","0","W00","World","GG","GG","true","-2","ALL","0","false","C00","TOTAL CPC","0","0","TOTAL MOT","-1","n/a",,"false","-1","n/a",,"false","51544222","false",,"false",,"162372272","162372272","0","true","false",
"C","A","19980101","1998","52","1998","320","GTM","Guatemala","X","Export","0","W00","World","0","W00","World","GG","GG","true","-2","ALL","0","false","C00","TOTAL CPC","0","0","TOTAL MOT","-1","n/a",,"false","-1","n/a",,"false","10754962247","false",,"false",,"10326678784","10326678784","0","false","false",
"C","A","19980101","1998","52","1998","324","GIN","Guinea","X","Export","0","W00","World","0","W00","World","GG","GG","true","-2","ALL","0","false","C00","TOTAL CPC","0","0","TOTAL MOT","-1","n/a",,"false","-1","n/a",,"false","22006726574","false",,"false",,"2251434789","2251434789","0","false","false",
"C","A","19980101","1998","52","1998","328","GUY","Guyana","X","Export","0","W00","World","0","W00","World","GG","GG","true","-2","ALL","0","false","C00","TOTAL CPC","0","0","TOTAL MOT","-1","n/a",,"false","-1","n/a",,"false","6097267090","false",,"false",,"2006352000","2006352000","0","false","false",
"C","A","19980101","1998","52","1998","340","HND","Honduras","X","Export","0","W00","World","0","W00","World","GG","GG","true","-2","ALL","0","false","C00","TOTAL CPC","0","0","TOTAL MOT","-1","n/a",,"false","-1","n/a",,"false","2954038881","false",,"false",,"6115997949","6115997949","0","false","false",
"C","A","19980101","1998","52","1998","344","HKG","China, Hong Kong SAR","X","Export","0","W00","World","0","W00","World","GG","GG","true","-2","ALL","0","false","C00","TOTAL CPC","0","0","TOTAL MOT","-1","n/a",,"false","-1","n/a",,"false","65378944538","false",,"false",,"699454114552","699454114552","0","false","false",
"C","A","19980101","1998","52","1998","348","HUN","Hungary","X","Export","0","W00","World","0","W00","World","GG","GG","true","-2","ALL","0","false","C00","TOTAL CPC","0","0","TOTAL MOT","-1","n/a",,"false","-1","n/a",,"false","38437373305","false",,"false",,"92020088488","92020088488","0","false","false",
"C","A","19980101","1998","52","1998","352","ISL","Iceland","X","Export","0","W00","World","0","W00","World","GG","GG","true","-2","ALL","0","false","C00","TOTAL CPC","0","0","TOTAL MOT","-1","n/a",,"false","-1","n/a",,"false","2400159992","false",,"false",,"7724901873","7724901873","0","false","false",
"C","A","19980101","1998","52","1998","360","IDN","Indonesia","X","Export","0","W00","World","0","W00","World","GG","GG","true","-2","ALL","0","false","C00","TOTAL CPC","0","0","TOTAL MOT","-1","n/a",,"false","-1","n/a",,"false","460285316801","false",,"false",,"195390075901","195390075901","0","false","false",
"C","A","19980101","1998","52","1998","364","IRN","Iran","X","Export","0","W00","World","0","W00","World","GG","GG","true","-2","ALL","0","false","C00","TOTAL CPC","0","0","TOTAL MOT","-1","n/a",,"false","-1","n/a",,"false","282255187650","false",,"false",,"52964247920","52964247920","0","false","false",
"C","A","19980101","1998","52","1998","372","IRL","Ireland","X","Export","0","W00","World","0","W00","World","GG","GG","true","-2","ALL","0","false","C00","TOTAL CPC","0","0","TOTAL MOT","-1","n/a",,"false","-1","n/a",,"false","24429913441","false",,"false",,"256987719795","256987719795","0","false","false",
"C","A","19980101","1998","52","1998","376","ISR","Israel","X","Export","0","W00","World","0","W00","World","GG","GG","true","-2","ALL","0","false","C00","TOTAL CPC","0","0","TOTAL MOT","-1","n/a",,"false","-1","n/a",,"false","11662983132","false",,"false",,"93214204224","93214204224","0","false","false",
"C","A","19980101","1998","52","1998","380","ITA","Italy","X","Export","0","W00","World","0","W00","World","GG","GG","true","-2","ALL","0","false","C00","TOTAL CPC","0","0","TOTAL MOT","-1","n/a",,"false","-1","n/a",,"false","221589234627","false",,"false",,"968408849333","968408849333","0","false","false",
"C","A","19980101","1998","52","1998","384","CIV","Côte d'Ivoire","X","Export","0","W00","World","0","W00","World","GG","GG","true","-2","ALL","0","false","C00","TOTAL CPC","0","0","TOTAL MOT","-1","n/a",,"false","-1","n/a",,"false","14776036772","false",,"false",,"17627505148","17627505148","0","true","false",
"C","A","19980101","1998","52","1998","388","JAM","Jamaica","X","Export","0","W00","World","0","W00","World","GG","GG","true","-2","ALL","0","false","C00","TOTAL CPC","0","0","TOTAL MOT","-1","n/a",,"false","-1","n/a",,"false","8526428297","false",,"false",,"5063631400","5063631400","0","false","false",
"C","A","19980101","1998","52","1998","392","JPN","Japan","X","Export","0","W00","World","0","W00","World","GG","GG","true","-2","ALL","0","false","C00","TOTAL CPC","0","0","TOTAL MOT","-1","n/a",,"false","-1","n/a",,"false","205483808413","false",,"false",,"1552544625260","1552544625260","0","false","false",
"C","A","19980101","1998","52","1998","398","KAZ","Kazakhstan","X","Export","0","W00","World","0","W00","World","GG","GG","true","-2","ALL","0","false","C00","TOTAL CPC","0","0","TOTAL MOT","-1","n/a",,"false","-1","n/a",,"false","132104669795","false",,"false",,"21615069040","21615069040","0","false","false",
"C","A","19980101","1998","52","1998","400","JOR","Jordan","X","Export","0","W00","World","0","W00","World","GG","GG","true","-2","ALL","0","false","C00","TOTAL CPC","0","0","TOTAL MOT","-1","n/a",,"false","-1","n/a",,"false","3552348706","false",,"false",,"5529380222","5529380222","0","false","false",
"C","A","19980101","1998","52","1998","404","KEN","Kenya","X","Export","0","W00","World","0","W00","World","GG","GG","true","-2","ALL","0","false","C00","TOTAL CPC","0","0","TOTAL MOT","-1","n/a",,"false","-1","n/a",,"false","5409147420","false",,"false",,"7666538890","7666538890","0","false","false",
"C","A","19980101","1998","52","1998","410","KOR","Rep. of Korea","X","Export","0","W00","World","0","W00","World","GG","GG","true","-2","ALL","0","false","C00","TOTAL CPC","0","0","TOTAL MOT","-1","n/a",,"false","-1","n/a",,"false","209549315504","false",,"false",,"529209292959","529209292959","0","false","false",
"C","A","19980101","1998","52","1998","422","LBN","Lebanon","X","Export","0","W00","World","0","W00","World","GG","GG","true","-2","ALL","0","false","C00","TOTAL CPC","0","0","TOTAL MOT","-1","n/a",,"false","-1","n/a",,"false","2258642646","false",,"false",,"2643759341","2643759341","0","false","false",
"C","A","19980101","1998","52","1998","428","LVA","Latvia","X","Export","0","W00","World","0","W00","World","GG","GG","true","-2","ALL","0","false","C00","TOTAL CPC","0","0","TOTAL MOT","-1","n/a",,"false","-1","n/a",,"false","16733532057","false",,"false",,"7244512118","7244512118","0","false","false",
"C","A","19980101","1998","52","1998","440","LTU","Lithuania","X","Export","0","W00","World","0","W00","World","GG","GG","true","-2","ALL","0","false","C00","TOTAL CPC","0","0","TOTAL MOT","-1","n/a",,"false","-1","n/a",,"false","21046103947","false",,"false",,"14842926184","14842926184","0","false","false",
"C","A","19980101","1998","52","1998","446","MAC","China, Macao SAR","X","Export","0","W00","World","0","W00","World","GG","GG","true","-2","ALL","0","false","C00","TOTAL CPC","0","0","TOTAL MOT","-1","n/a",,"false","-1","n/a",,"false","103289000","false",,"false",,"8538429444","8538429444","0","false","false",
"C","A","19980101","1998","52","1998","450","MDG","Madagascar","X","Export","0","W00","World","0","W00","World","GG","GG","true","-2","ALL","0","false","C00","TOTAL CPC","0","0","TOTAL MOT","-1","n/a",,"false","-1","n/a",,"false","833540512","false",,"false",,"938232378","938232378","0","false","false",
"C","A","19980101","1998","52","1998","454","MWI","Malawi","X","Export","0","W00","World","0","W00","World","GG","GG","true","-2","ALL","0","false","C00","TOTAL CPC","0","0","TOTAL MOT","-1","n/a",,"false","-1","n/a",,"false","1140431326","false",,"false",,"2164289384","2164289384","0","true","false",
"C","A","19980101","1998","52","1998","458","MYS","Malaysia","X","Export","0","W00","World","0","W00","World","GG","GG","true","-2","ALL","0","false","C00","TOTAL CPC","0","0","TOTAL MOT","-1","n/a",,"false","-1","n/a",,"false","160478655917","false",,"false",,"293016885532","293016885532","0","false","false",
"C","A","19980101","1998","52","1998","462","MDV","Maldives","X","Export","0","W00","World","0","W00","World","GG","GG","true","-2","ALL","0","false","C00","TOTAL CPC","0","0","TOTAL MOT","-1","n/a",,"false","-1","n/a",,"false","94230522","false",,"false",,"298502968","298502968","0","false","false",
"C","A","19980101","1998","52","1998","466","MLI","Mali","X","Export","0","W00","World","0","W00","World","GG","GG","true","-2","ALL","0","false","C00","TOTAL CPC","0","0","TOTAL MOT","-1","n/a",,"false","-1","n/a",,"false","672680912","false",,"false",,"1787375185","1787375185","0","false","false",
"C","A","19980101","1998","52","1998","470","MLT","Malta","X","Export","0","W00","World","0","W00","World","GG","GG","true","-2","ALL","0","false","C00","TOTAL CPC","0","0","TOTAL MOT","-1","n/a",,"false","-1","n/a",,"false","28739429545","false",,"false",,"7331011158","7331011158","0","false","false",
"C","A","19980101","1998","52","1998","480","MUS","Mauritius","X","Export","0","W00","World","0","W00","World","GG","GG","true","-2","ALL","0","false","C00","TOTAL CPC","0","0","TOTAL MOT","-1","n/a",,"false","-1","n/a",,"false","1779130876","false",,"false",,"6801498319","6801498319","0","false","false",
"C","A","19980101","1998","52","1998","484","MEX","Mexico","X","Export","0","W00","World","0","W00","World","GG","GG","true","-2","ALL","0","false","C00","TOTAL CPC","0","0","TOTAL MOT","-1","n/a",,"false","-1","n/a",,"false","292334372445","false",,"false",,"469301386869","469301386869","0","false","false",
"C","A","19980101","1998","52","1998","490","S19","Other Asia, nes","X","Export","0","W00","World","0","W00","World","GG","GG","true","-2","ALL","0","false","C00","TOTAL CPC","0","0","TOTAL MOT","-1","n/a",,"false","-1","n/a",,"false","44389698025","false",,"false",,"450375307126","450375307126","0","true","false",
"C","A","19980101","1998","52","1998","496","MNG","Mongolia","X","Export","0","W00","World","0","W00","World","GG","GG","true","-2","ALL","0","false","C00","TOTAL CPC","0","0","TOTAL MOT","-1","n/a",,"false","-1","n/a",,"false","1763617490","false",,"false",,"1380287232","1380287232","0","false","false",
"C","A","19980101","1998","52","1998","498","MDA","Rep. of Moldova","X","Export","0","W00","World","0","W00","World","GG","GG","true","-2","ALL","0","false","C00","TOTAL CPC","0","0","TOTAL MOT","-1","n/a",,"false","-1","n/a",,"false","1826319807","false",,"false",,"2527261483","2527261483","0","true","false",
"C","A","19980101","1998","52","1998","504","MAR","Morocco","X","Export","0","W00","World","0","W00","World","GG","GG","true","-2","ALL","0","false","C00","TOTAL CPC","0","0","TOTAL MOT","-1","n/a",,"false","-1","n/a",,"false","40541957326","false",,"false",,"28621068757","28621068757","0","true","false",
"C","A","19980101","1998","52","1998","512","OMN","Oman","X","Export","0","W00","World","0","W00","World","GG","GG","true","-2","ALL","0","false","C00","TOTAL CPC","0","0","TOTAL MOT","-1","n/a",,"false","-1","n/a",,"false","84726611696","false",,"false",,"22075255274","22075255274","0","true","false",
"C","A","19980101","1998","52","1998","524","NPL","Nepal","X","Export","0","W00","World","0","W00","World","GG","GG","true","-2","ALL","0","false","C00","TOTAL CPC","0","0","TOTAL MOT","-1","n/a",,"false","-1","n/a",,"false","89375882","false",,"false",,"1616636307","1616636307","0","false","false",
"C","A","19980101","1998","52","1998","528","NLD","Netherlands","X","Export","0","W00","World","0","W00","World","GG","GG","true","-2","ALL","0","false","C00","TOTAL CPC","0","0","TOTAL MOT","-1","n/a",,"false","-1","n/a",,"false","288736888388","false",,"false",,"670382068900","670382068900","0","false","false",
"C","A","19980101","1998","52","1998","530","ANT","Netherlands Antilles (...2010)","X","Export","0","W00","World","0","W00","World","GG","GG","true","-2","ALL","0","false","C00","TOTAL CPC","0","0","TOTAL MOT","-1","n/a",,"false","-1","n/a",,"false","24584286809","false",,"false",,"4676839472","4676839472","0","false","false",
"C","A","19980101","1998","52","1998","554","NZL","New Zealand","X","Export","0","W00","World","0","W00","World","GG","GG","true","-2","ALL","0","false","C00","TOTAL CPC","0","0","TOTAL MOT","-1","n/a",,"false","-1","n/a",,"false","36785845713","false",,"false",,"48350142562","48350142562","0","false","false",
"C","A","19980101","1998","52","1998","558","NIC","Nicaragua","X","Export","0","W00","World","0","W00","World","GG","GG","true","-2","ALL","0","false","C00","TOTAL CPC","0","0","TOTAL MOT","-1","n/a",,"false","-1","n/a",,"false","1294808030","false",,"false",,"2211291686","2211291686","0","false","false",
"C","A","19980101","1998","52","1998","562","NER","Niger","X","Export","0","W00","World","0","W00","World","GG","GG","true","-2","ALL","0","false","C00","TOTAL CPC","0","0","TOTAL MOT","-1","n/a",,"false","-1","n/a",,"false","479198110","false",,"false",,"1347155207","1347155207","0","false","false",
"C","A","19980101","1998","52","1998","566","NGA","Nigeria","X","Export","0","W00","World","0","W00","World","GG","GG","true","-2","ALL","0","false","C00","TOTAL CPC","0","0","TOTAL MOT","-1","n/a",,"false","-1","n/a",,"false","157347620676","false",,"false",,"27475685913","27475685913","0","true","false",
"C","A","19980101","1998","52","1998","579","NOR","Norway","X","Export","0","W00","World","0","W00","World","GG","GG","true","-2","ALL","0","false","C00","TOTAL CPC","0","0","TOTAL MOT","-1","n/a",,"false","-1","n/a",,"false","413860191959","false",,"false",,"161607355373","161607355373","0","false","false",
"C","A","19980101","1998","52","1998","591","PAN","Panama","X","Export","0","W00","World","0","W00","World","GG","GG","true","-2","ALL","0","false","C00","TOTAL CPC","0","0","TOTAL MOT","-1","n/a",,"false","-1","n/a",,"false","2332227624","false",,"false",,"2821826789","2821826789","0","false","false",
"C","A","19980101","1998","52","1998","598","PNG","Papua New Guinea","X","Export","0","W00","World","0","W00","World","GG","GG","true","-2","ALL","0","false","C00","TOTAL CPC","0","0","TOTAL MOT","-1","n/a",,"false","-1","n/a",,"false","16487417265","false",,"false",,"9842010398","9842010398","0","true","false",
"C","A","19980101","1998","52","1998","600","PRY","Paraguay","X","Export","0","W00","World","0","W00","World","GG","GG","true","-2","ALL","0","false","C00","TOTAL CPC","0","0","TOTAL MOT","-1","n/a",,"false","-1","n/a",,"false",,"false",,"false",,"4056410719","4056410719","0","false","false",
"C","A","19980101","1998","52","1998","604","PER","Peru","X","Export","0","W00","World","0","W00","World","GG","GG","true","-2","ALL","0","false","C00","TOTAL CPC","0","0","TOTAL MOT","-1","n/a",,"false","-1","n/a",,"false","26917334260","false",,"false",,"22687216095","22687216095","0","false","false",
"C","A","19980101","1998","52","1998","608","PHL","Philippines","X","Export","0","W00","World","0","W00","World","GG","GG","true","-2","ALL","0","false","C00","TOTAL CPC","0","0","TOTAL MOT","-1","n/a",,"false","-1","n/a",,"false","29959882095","false",,"false",,"117985361831","117985361831","0","true","false",
"C","A","19980101","1998","52","1998","616","POL","Poland","X","Export","0","W00","World","0","W00","World","GG","GG","true","-2","ALL","0","false","C00","TOTAL CPC","0","0","TOTAL MOT","-1","n/a",,"false","-1","n/a",,"false","124051231346","false",,"false",,"112774551904","112774551904","0","false","false",
"C","A","19980101","1998","52","1998","620","PRT","Portugal","X","Export","0","W00","World","0","W00","World","GG","GG","true","-2","ALL","0","false","C00","TOTAL CPC","0","0","TOTAL MOT","-1","n/a",,"false","-1","n/a",,"false","29056686880","false",,"false",,"96871470823","96871470823","0","false","false",
"C","A","19980101","1998","52","1998","642","ROU","Romania","X","Export","0","W00","World","0","W00","World","GG","GG","true","-2","ALL","0","false","C00","TOTAL CPC","0","0","TOTAL MOT","-1","n/a",,"false","-1","n/a",,"false","33401271565","false",,"false",,"33203727082","33203727082","0","false","false",
"C","A","19980101","1998","52","1998","643","RUS","Russian Federation","X","Export","0","W00","World","0","W00","World","GG","GG","true","-2","ALL","0","false","C00","TOTAL CPC","0","0","TOTAL MOT","-1","n/a",,"false","-1","n/a",,"false","988200782733","false",,"false",,"289102341864","289102341864","0","false","false",
"C","A","19980101","1998","52","1998","646","RWA","Rwanda","X","Export","0","W00","World","0","W00","World","GG","GG","true","-2","ALL","0","false","C00","TOTAL CPC","0","0","TOTAL MOT","-1","n/a",,"false","-1","n/a",,"false","64800574","false",,"false",,"157855728","157855728","0","true","false",
"C","A","19980101","1998","52","1998","662","LCA","Saint Lucia","X","Export","0","W00","World","0","W00","World","GG","GG","true","-2","ALL","0","false","C00","TOTAL CPC","0","0","TOTAL MOT","-1","n/a",,"false","-1","n/a",,"false","136120732","false",,"false",,"215251674","215251674","0","true","false",
"C","A","19980101","1998","52","1998","670","VCT","Saint Vincent and the Grenadines","X","Export","0","W00","World","0","W00","World","GG","GG","true","-2","ALL","0","false","C00","TOTAL CPC","0","0","TOTAL MOT","-1","n/a",,"false","-1","n/a",,"false","173896902","false",,"false",,"198583443","198583443","0","false","false",
"C","A","19980101","1998","52","1998","682","SAU","Saudi Arabia","X","Export","0","W00","World","0","W00","World","GG","GG","true","-2","ALL","0","false","C00","TOTAL CPC","0","0","TOTAL MOT","-1","n/a",,"false","-1","n/a",,"false","41253159455","false",,"false",,"159227807761","159227807761","0","true","false",
"C","A","19980101","1998","52","1998","686","SEN","Senegal","X","Export","0","W00","World","0","W00","World","GG","GG","true","-2","ALL","0","false","C00","TOTAL CPC","0","0","TOTAL MOT","-1","n/a",,"false","-1","n/a",,"false","3838945931","false",,"false",,"2069470488","2069470488","0","false","false",
"C","A","19980101","1998","52","1998","690","SYC","Seychelles","X","Export","0","W00","World","0","W00","World","GG","GG","true","-2","ALL","0","false","C00","TOTAL CPC","0","0","TOTAL MOT","-1","n/a",,"false","-1","n/a",,"false","54393543","false",,"false",,"486124724","486124724","0","false","false",
"C","A","19980101","1998","52","1998","699","IND","India","X","Export","0","W00","World","0","W00","World","GG","GG","true","-2","ALL","0","false","C00","TOTAL CPC","0","0","TOTAL MOT","-1","n/a",,"false","-1","n/a",,"false","98594385427","false",,"false",,"132829299026","132829299026","0","false","false",
"C","A","19980101","1998","52","1998","702","SGP","Singapore","X","Export","0","W00","World","0","W00","World","GG","GG","true","-2","ALL","0","false","C00","TOTAL CPC","0","0","TOTAL MOT","-1","n/a",,"false","-1","n/a",,"false","145928161419","false",,"false",,"439619745234","439619745234","0","false","false",
"C","A","19980101","1998","52","1998","703","SVK","Slovakia","X","Export","0","W00","World","0","W00","World","GG","GG","true","-2","ALL","0","false","C00","TOTAL CPC","0","0","TOTAL MOT","-1","n/a",,"false","-1","n/a",,"false","37601734203","false",,"false",,"42872322864","42872322864","0","false","false",
"C","A","19980101","1998","52","1998","705","SVN","Slovenia","X","Export","0","W00","World","0","W00","World","GG","GG","true","-2","ALL","0","false","C00","TOTAL CPC","0","0","TOTAL MOT","-1","n/a",,"false","-1","n/a",,"false","13852859672","false",,"false",,"36202099612","36202099612","0","false","false",
"C","A","19980101","1998","52","1998","711","ZA1","Southern African Customs Union (...1999)","X","Export","0","W00","World","0","W00","World","GG","GG","true","-2","ALL","0","false","C00","TOTAL CPC","0","0","TOTAL MOT","-1","n/a",,"false","-1","n/a",,"false",,"false",,"false",,"78335540635","78335540635","0","false","false",
"C","A","19980101","1998","52","1998","724","ESP","Spain","X","Export","0","W00","World","0","W00","World","GG","GG","true","-2","ALL","0","false","C00","TOTAL CPC","0","0","TOTAL MOT","-1","n/a",,"false","-1","n/a",,"false","184374920495","false",,"false",,"437004767229","437004767229","0","false","false",
"C","A","19980101","1998","52","1998","736","SDN","Sudan (...2011)","X","Export","0","W00","World","0","W00","World","GG","GG","true","-2","ALL","0","false","C00","TOTAL CPC","0","0","TOTAL MOT","-1","n/a",,"false","-1","n/a",,"false","1805781164","false",,"false",,"2138606827","2138606827","0","true","false",
"C","A","19980101","1998","52","1998","752","SWE","Sweden","X","Export","0","W00","World","0","W00","World","GG","GG","true","-2","ALL","0","false","C00","TOTAL CPC","0","0","TOTAL MOT","-1","n/a",,"false","-1","n/a",,"false","132752602933","false",,"false",,"339967071046","339967071046","0","false","false",
"C","A","19980101","1998","52","1998","757","CHE","Switzerland","X","Export","0","W00","World","0","W00","World","GG","GG","true","-2","ALL","0","false","C00","TOTAL CPC","0","0","TOTAL MOT","-1","n/a",,"false","-1","n/a",,"false","23095831196","false",,"false",,"315422571729","315422571729","0","false","false",
"C","A","19980101","1998","52","1998","764","THA","Thailand","X","Export","0","W00","World","0","W00","World","GG","GG","true","-2","ALL","0","false","C00","TOTAL CPC","0","0","TOTAL MOT","-1","n/a",,"false","-1","n/a",,"false","97009987368","false",,"false",,"214333979784","214333979784","0","true","false",
"C","A","19980101","1998","52","1998","768","TGO","Togo","X","Export","0","W00","World","0","W00","World","GG","GG","true","-2","ALL","0","false","C00","TOTAL CPC","0","0","TOTAL MOT","-1","n/a",,"false","-1","n/a",,"false","5855778736","false",,"false",,"1573681907","1573681907","0","false","false",
"C","A","19980101","1998","52","1998","780","TTO","Trinidad and Tobago","X","Export","0","W00","World","0","W00","World","GG","GG","true","-2","ALL","0","false","C00","TOTAL CPC","0","0","TOTAL MOT","-1","n/a",,"false","-1","n/a",,"false","29434084394","false",,"false",,"9055028997","9055028997","0","true","false",
"C","A","19980101","1998","52","1998","788","TUN","Tunisia","X","Export","0","W00","World","0","W00","World","GG","GG","true","-2","ALL","0","false","C00","TOTAL CPC","0","0","TOTAL MOT","-1","n/a",,"false","-1","n/a",,"false","20703023924","false",,"false",,"22951652000","22951652000","0","true","false",
"C","A","19980101","1998","52","1998","792","TUR","Türkiye","X","Export","0","W00","World","0","W00","World","GG","GG","true","-2","ALL","0","false","C00","TOTAL CPC","0","0","TOTAL MOT","-1","n/a",,"false","-1","n/a",,"false","61742082605","false",,"false",,"107002346225","107002346225","0","false","false",
"C","A","19980101","1998","52","1998","795","TKM","Turkmenistan","X","Export","0","W00","World","0","W00","World","GG","GG","true","-2","ALL","0","false","C00","TOTAL CPC","0","0","TOTAL MOT","-1","n/a",,"false","-1","n/a",,"false",,"false",,"false",,"1781573034","1781573034","0","true","false",
"C","A","19980101","1998","52","1998","800","UGA","Uganda","X","Export","0","W00","World","0","W00","World","GG","GG","true","-2","ALL","0","false","C00","TOTAL CPC","0","0","TOTAL MOT","-1","n/a",,"false","-1","n/a",,"false","601672770","false",,"false",,"2039403381","2039403381","0","false","false",
"C","A","19980101","1998","52","1998","804","UKR","Ukraine","X","Export","0","W00","World","0","W00","World","GG","GG","true","-2","ALL","0","false","C00","TOTAL CPC","0","0","TOTAL MOT","-1","n/a",,"false","-1","n/a",,"false","143962626354","false",,"false",,"50549641111","50549641111","0","true","false",
"C","A","19980101","1998","52","1998","807","MKD","North Macedonia","X","Export","0","W00","World","0","W00","World","GG","GG","true","-2","ALL","0","false","C00","TOTAL CPC","0","0","TOTAL MOT","-1","n/a",,"false","-1","n/a",,"false","2971751792","false",,"false",,"5242701696","5242701696","0","false","false",
"C","A","19980101","1998","52","1998","818","EGY","Egypt","X","Export","0","W00","World","0","W00","World","GG","GG","true","-2","ALL","0","false","C00","TOTAL CPC","0","0","TOTAL MOT","-1","n/a",,"false","-1","n/a",,"false","28156711051","false",,"false",,"12781035410","12781035410","0","true","false",
"C","A","19980101","1998","52","1998","826","GBR","United Kingdom","X","Export","0","W00","World","0","W00","World","GG","GG","true","-2","ALL","0","false","C00","TOTAL CPC","0","0","TOTAL MOT","-1","n/a",,"false","-1","n/a",,"false","350175970973","false",,"false",,"1059274377185","1059274377185","0","false","false",
"C","A","19980101","1998","52","1998","834","TZA","United Rep. of Tanzania","X","Export","0","W00","World","0","W00","World","GG","GG","true","-2","ALL","0","false","C00","TOTAL CPC","0","0","TOTAL MOT","-1","n/a",,"false","-1","n/a",,"false","1235173741","false",,"false",,"2520313699","2520313699","0","false","false",
"C","A","19980101","1998","52","1998","842","USA","USA","X","Export","0","W00","World","0","W00","World","GG","GG","true","-2","ALL","0","false","C00","TOTAL CPC","0","0","TOTAL MOT","-1","n/a",,"false","-1","n/a",,"false","665026481595","false",,"false",,"2721738387292","2721738387292","0","false","false",
"C","A","19980101","1998","52","1998","854","BFA","Burkina Faso","X","Export","0","W00","World","0","W00","World","GG","GG","true","-2","ALL","0","false","C00","TOTAL CPC","0","0","TOTAL MOT","-1","n/a",,"false","-1","n/a",,"false","590554478","false",,"false",,"986812147","986812147","0","true","false",
"C","A","19980101","1998","52","1998","858","URY","Uruguay","X","Export","0","W00","World","0","W00","World","GG","GG","true","-2","ALL","0","false","C00","TOTAL CPC","0","0","TOTAL MOT","-1","n/a",,"false","-1","n/a",,"false","7476871271","false",,"false",,"11078602943","11078602943","0","false","false",
"C","A","19980101","1998","52","1998","862","VEN","Venezuela","X","Export","0","W00","World","0","W00","World","GG","GG","true","-2","ALL","0","false","C00","TOTAL CPC","0","0","TOTAL MOT","-1","n/a",,"false","-1","n/a",,"false","36231349640","false",,"false",,"68216430570","68216430570","0","false","false",
"C","A","19980101","1998","52","1998","891","SCG","Serbia and Montenegro (...2005)","X","Export","0","W00","World","0","W00","World","GG","GG","true","-2","ALL","0","false","C00","TOTAL CPC","0","0","TOTAL MOT","-1","n/a",,"false","-1","n/a",,"false","12059145525","false",,"false",,"11432663992","11432663992","0","true","false",
"C","A","19980101","1998","52","1998","894","ZMB","Zambia","X","Export","0","W00","World","0","W00","World","GG","GG","true","-2","ALL","0","false","C00","TOTAL CPC","0","0","TOTAL MOT","-1","n/a",,"false","-1","n/a",,"false","1304065032","false",,"false",,"4129027811","4129027811","0","false","false",
"C","A","19990101","1999","52","1999","8","ALB","Albania","X","Export","0","W00","World","0","W00","World","GG","GG","true","-2","ALL","0","false","C00","TOTAL CPC","0","0","TOTAL MOT","-1","n/a",,"false","-1","n/a",,"false","341083525","false",,"false",,"1404391296","1404391296","0","false","false",
"C","A","19990101","1999","52","1999","12","DZA","Algeria","X","Export","0","W00","World","0","W00","World","GG","GG","true","-2","ALL","0","false","C00","TOTAL CPC","0","0","TOTAL MOT","-1","n/a",,"false","-1","n/a",,"false","157489380757","false",,"false",,"50101106528","50101106528","0","false","false",
"C","A","19990101","1999","52","1999","20","AND","Andorra","X","Export","0","W00","World","0","W00","World","GG","GG","true","-2","ALL","0","false","C00","TOTAL CPC","0","0","TOTAL MOT","-1","n/a",,"false","-1","n/a",,"false","1196736958","false",,"false",,"170722400","170722400","0","false","false",
"C","A","19990101","1999","52","1999","28","ATG","Antigua and Barbuda","X","Export","0","W00","World","0","W00","World","GG","GG","true","-2","ALL","0","false","C00","TOTAL CPC","0","0","TOTAL MOT","-1","n/a",,"false","-1","n/a",,"false","11572514","false",,"false",,"59896272","59896272","0","false","false",
"C","A","19990101","1999","52","1999","31","AZE","Azerbaijan","X","Export","0","W00","World","0","W00","World","GG","GG","true","-2","ALL","0","false","C00","TOTAL CPC","0","0","TOTAL MOT","-1","n/a",,"false","-1","n/a",,"false","14457101868","false",,"false",,"3716902148","3716902148","0","false","false",
"C","A","19990101","1999","52","1999","32","ARG","Argentina","X","Export","0","W00","World","0","W00","World","GG","GG","true","-2","ALL","0","false","C00","TOTAL CPC","0","0","TOTAL MOT","-1","n/a",,"false","-1","n/a",,"false","156114069732","false",,"false",,"93330640312","93330640312","0","false","false",
"C","A","19990101","1999","52","1999","36","AUS","Australia","X","Export","0","W00","World","0","W00","World","GG","GG","true","-2","ALL","0","false","C00","TOTAL CPC","0","0","TOTAL MOT","-1","n/a",,"false","-1","n/a",,"false","802638295843","false",,"false",,"217303754116","217303754116","0","false","false",
"C","A","19990101","1999","52","1999","40","AUT","Austria","X","Export","0","W00","World","0","W00","World","GG","GG","true","-2","ALL","0","false","C00","TOTAL CPC","0","0","TOTAL MOT","-1","n/a",,"false","-1","n/a",,"false","63303530126","false",,"false",,"231058874664","231058874664","0","false","false",
"C","A","19990101","1999","52","1999","44","BHS","Bahamas","X","Export","0","W00","World","0","W00","World","GG","GG","true","-2","ALL","0","false","C00","TOTAL CPC","0","0","TOTAL MOT","-1","n/a",,"false","-1","n/a",,"false","354778949","false",,"false",,"1704121603","1704121603","0","false","false",
"C","A","19990101","1999","52","1999","51","ARM","Armenia","X","Export","0","W00","World","0","W00","World","GG","GG","true","-2","ALL","0","false","C00","TOTAL CPC","0","0","TOTAL MOT","-1","n/a",,"false","-1","n/a",,"false","532498458","false",,"false",,"926664948","926664948","0","false","false",
"C","A","19990101","1999","52","1999","52","BRB","Barbados","X","Export","0","W00","World","0","W00","World","GG","GG","true","-2","ALL","0","false","C00","TOTAL CPC","0","0","TOTAL MOT","-1","n/a",,"false","-1","n/a",,"false","758261105","false",,"false",,"1002894057","1002894057","0","true","false",
"C","A","19990101","1999","52","1999","56","BEL","Belgium","X","Export","0","W00","World","0","W00","World","GG","GG","true","-2","ALL","0","false","C00","TOTAL CPC","0","0","TOTAL MOT","-1","n/a",,"false","-1","n/a",,"false","317494747538","false",,"false",,"702101702836","702101702836","0","false","false",
"C","A","19990101","1999","52","1999","64","BTN","Bhutan","X","Export","0","W00","World","0","W00","World","GG","GG","true","-2","ALL","0","false","C00","TOTAL CPC","0","0","TOTAL MOT","-1","n/a",,"false","-1","n/a",,"false","1835679092","false",,"false",,"463800208","463800208","0","false","false",
"C","A","19990101","1999","52","1999","68","BOL","Bolivia (Plurinational State of)","X","Export","0","W00","World","0","W00","World","GG","GG","true","-2","ALL","0","false","C00","TOTAL CPC","0","0","TOTAL MOT","-1","n/a",,"false","-1","n/a",,"false","6674663152","false",,"false",,"5607533816","5607533816","0","false","false",
"C","A","19990101","1999","52","1999","76","BRA","Brazil","X","Export","0","W00","World","0","W00","World","GG","GG","true","-2","ALL","0","false","C00","TOTAL CPC","0","0","TOTAL MOT","-1","n/a",,"false","-1","n/a",,"false","447407480388","false",,"false",,"192045642436","192045642436","0","false","false",
"C","A","19990101","1999","52","1999","84","BLZ","Belize","X","Export","0","W00","World","0","W00","World","GG","GG","true","-2","ALL","0","false","C00","TOTAL CPC","0","0","TOTAL MOT","-1","n/a",,"false","-1","n/a",,"false","1156601863","false",,"false",,"562973492","562973492","0","false","false",
"C","A","19990101","1999","52","1999","100","BGR","Bulgaria","X","Export","0","W00","World","0","W00","World","GG","GG","true","-2","ALL","0","false","C00","TOTAL CPC","0","0","TOTAL MOT","-1","n/a",,"false","-1","n/a",,"false","18665090874","false",,"false",,"15698115800","15698115800","0","false","false",
"C","A","19990101","1999","52","1999","108","BDI","Burundi","X","Export","0","W00","World","0","W00","World","GG","GG","true","-2","ALL","0","false","C00","TOTAL CPC","0","0","TOTAL MOT","-1","n/a",,"false","-1","n/a",,"false","68457492","false",,"false",,"249651577","249651577","0","true","false",
"C","A","19990101","1999","52","1999","112","BLR","Belarus","X","Export","0","W00","World","0","W00","World","GG","GG","true","-2","ALL","0","false","C00","TOTAL CPC","0","0","TOTAL MOT","-1","n/a",,"false","-1","n/a",,"false","40379387282","false",,"false",,"23605292566","23605292566","0","false","false",
"C","A","19990101","1999","52","1999","124","CAN","Canada","X","Export","0","W00","World","0","W00","World","GG","GG","true","-2","ALL","0","false","C00","TOTAL CPC","0","0","TOTAL MOT","-1","n/a",,"false","-1","n/a",,"false","594314196289","false",,"false",,"955112030036","955112030036","0","false","false",
"C","A","19990101","1999","52","1999","132","CPV","Cabo Verde","X","Export","0","W00","World","0","W00","World","GG","GG","true","-2","ALL","0","false","C00","TOTAL CPC","0","0","TOTAL MOT","-1","n/a",,"false","-1","n/a",,"false","205695489","false",,"false",,"200610886","200610886","0","false","false",
"C","A","19990101","1999","52","1999","140","CAF","Central African Rep.","X","Export","0","W00","World","0","W00","World","GG","GG","true","-2","ALL","0","false","C00","TOTAL CPC","0","0","TOTAL MOT","-1","n/a",,"false","-1","n/a",,"false","108979808","false",,"false",,"440197922","440197922","0","false","false",
"C","A","19990101","1999","52","1999","144","LKA","Sri Lanka","X","Export","0","W00","World","0","W00","World","GG","GG","true","-2","ALL","0","false","C00","TOTAL CPC","0","0","TOTAL MOT","-1","n/a",,"false","-1","n/a",,"false","2978983401","false",,"false",,"17283615414","17283615414","0","false","false",
"C","A","19990101","1999","52","1999","152","CHL","Chile","X","Export","0","W00","World","0","W00","World","GG","GG","true","-2","ALL","0","false","C00","TOTAL CPC","0","0","TOTAL MOT","-1","n/a",,"false","-1","n/a",,"false","49814876926","false",,"false",,"62476716252","62476716252","0","false","false",
"C","A","19990101","1999","52","1999","156","CHN","China","X","Export","0","W00","World","0","W00","World","GG","GG","true","-2","ALL","0","false","C00","TOTAL CPC","0","0","TOTAL MOT","-1","n/a",,"false","-1","n/a",,"false","1866697848378","false",,"false",,"779723114168","779723114168","0","false","false",
"C","A","19990101","1999","52","1999","170","COL","Colombia","X","Export","0","W00","World","0","W00","World","GG","GG","true","-2","ALL","0","false","C00","TOTAL CPC","0","0","TOTAL MOT","-1","n/a",,"false","-1","n/a",,"false","141633432683","false",,"false",,"46468120752","46468120752","0","false","false",
"C","A","19990101","1999","52","1999","174","COM","Comoros","X","Export","0","W00","World","0","W00","World","GG","GG","true","-2","ALL","0","false","C00","TOTAL CPC","0","0","TOTAL MOT","-1","n/a",,"false","-1","n/a",,"false","1120474","false",,"false",,"18609112","18609112","0","true","false",
"C","A","19990101","1999","52","1999","188","CRI","Costa Rica","X","Export","0","W00","World","0","W00","World","GG","GG","true","-2","ALL","0","false","C00","TOTAL CPC","0","0","TOTAL MOT","-1","n/a",,"false","-1","n/a",,"false","9421138682","false",,"false",,"25132304444","25132304444","0","false","false",
"C","A","19990101","1999","52","1999","191","HRV","Croatia","X","Export","0","W00","World","0","W00","World","GG","GG","true","-2","ALL","0","false","C00","TOTAL CPC","0","0","TOTAL MOT","-1","n/a",,"false","-1","n/a",,"false","18311666055","false",,"false",,"17118761708","17118761708","0","false","false",
"C","A","19990101","1999","52","1999","192","CUB","Cuba","X","Export","0","W00","World","0","W00","World","GG","GG","true","-2","ALL","0","false","C00","TOTAL CPC","0","0","TOTAL MOT","-1","n/a",,"false","-1","n/a",,"false","10109472434","false",,"false",,"5983333508","5983333508","0","false","false",
"C","A","19990101","1999","52","1999","196","CYP","Cyprus","X","Export","0","W00","World","0","W00","World","GG","GG","true","-2","ALL","0","false","C00","TOTAL CPC","0","0","TOTAL MOT","-1","n/a",,"false","-1","n/a",,"false","3311109286","false",,"false",,"3988022060","3988022060","0","false","false",
"C","A","19990101","1999","52","1999","203","CZE","Czechia","X","Export","0","W00","World","0","W00","World","GG","GG","true","-2","ALL","0","false","C00","TOTAL CPC","0","0","TOTAL MOT","-1","n/a",,"false","-1","n/a",,"false","79015575762","false",,"false",,"107370406140","107370406140","0","false","false",
"C","A","19990101","1999","52","1999","204","BEN","Benin","X","Export","0","W00","World","0","W00","World","GG","GG","true","-2","ALL","0","false","C00","TOTAL CPC","0","0","TOTAL MOT","-1","n/a",,"false","-1","n/a",,"false","745543276","false",,"false",,"902508890","902508890","0","false","false",
"C","A","19990101","1999","52","1999","208","DNK","Denmark","X","Export","0","W00","World","0","W00","World","GG","GG","true","-2","ALL","0","false","C00","TOTAL CPC","0","0","TOTAL MOT","-1","n/a",,"false","-1","n/a",,"false","67987755714","false",,"false",,"196111236080","196111236080","0","false","false",
"C","A","19990101","1999","52","1999","212","DMA","Dominica","X","Export","0","W00","World","0","W00","World","GG","GG","true","-2","ALL","0","false","C00","TOTAL CPC","0","0","TOTAL MOT","-1","n/a",,"false","-1","n/a",,"false","752247846","false",,"false",,"217265410","217265410","0","false","false",
"C","A","19990101","1999","52","1999","218","ECU","Ecuador","X","Export","0","W00","World","0","W00","World","GG","GG","true","-2","ALL","0","false","C00","TOTAL CPC","0","0","TOTAL MOT","-1","n/a",,"false","-1","n/a",,"false","38821817594","false",,"false",,"17804322896","17804322896","0","false","false",
"C","A","19990101","1999","52","1999","222","SLV","El Salvador","X","Export","0","W00","World","0","W00","World","GG","GG","true","-2","ALL","0","false","C00","TOTAL CPC","0","0","TOTAL MOT","-1","n/a",,"false","-1","n/a",,"false","2816159760","false",,"false",,"4656625844","4656625844","0","false","false",
"C","A","19990101","1999","52","1999","231","ETH","Ethiopia","X","Export","0","W00","World","0","W00","World","GG","GG","true","-2","ALL","0","false","C00","TOTAL CPC","0","0","TOTAL MOT","-1","n/a",,"false","-1","n/a",,"false","496976878","false",,"false",,"1794315899","1794315899","0","true","false",
"C","A","19990101","1999","52","1999","233","EST","Estonia","X","Export","0","W00","World","0","W00","World","GG","GG","true","-2","ALL","0","false","C00","TOTAL CPC","0","0","TOTAL MOT","-1","n/a",,"false","-1","n/a",,"false","17007222525","false",,"false",,"12068776508","12068776508","0","false","false",
"C","A","19990101","1999","52","1999","234","FRO","Faroe Isds","X","Export","0","W00","World","0","W00","World","GG","GG","true","-2","ALL","0","false","C00","TOTAL CPC","0","0","TOTAL MOT","-1","n/a",,"false","-1","n/a",,"false","533940512","false",,"false",,"1911521624","1911521624","0","false","false",
"C","A","19990101","1999","52","1999","246","FIN","Finland","X","Export","0","W00","World","0","W00","World","GG","GG","true","-2","ALL","0","false","C00","TOTAL CPC","0","0","TOTAL MOT","-1","n/a",,"false","-1","n/a",,"false","66093932908","false",,"false",,"167061911600","167061911600","0","false","false",
"C","A","19990101","1999","52","1999","251","FRA","France","X","Export","0","W00","World","0","W00","World","GG","GG","true","-2","ALL","0","false","C00","TOTAL CPC","0","0","TOTAL MOT","-1","n/a",,"false","-1","n/a",,"false","363781748826","false",,"false",,"1166834129614","1166834129614","0","false","false",
"C","A","19990101","1999","52","1999","258","PYF","French Polynesia","X","Export","0","W00","World","0","W00","World","GG","GG","true","-2","ALL","0","false","C00","TOTAL CPC","0","0","TOTAL MOT","-1","n/a",,"false","-1","n/a",,"false","26504281","false",,"false",,"995577808","995577808","0","false","false",
"C","A","19990101","1999","52","1999","266","GAB","Gabon","X","Export","0","W00","World","0","W00","World","GG","GG","true","-2","ALL","0","false","C00","TOTAL CPC","0","0","TOTAL MOT","-1","n/a",,"false","-1","n/a",,"false","37033143624","false",,"false",,"8288471612","8288471612","0","false","false",
"C","A","19990101","1999","52","1999","268","GEO","Georgia","X","Export","0","W00","World","0","W00","World","GG","GG","true","-2","ALL","0","false","C00","TOTAL CPC","0","0","TOTAL MOT","-1","n/a",,"false","-1","n/a",,"false","1472937397","false",,"false",,"938039380","938039380","0","false","false",
"C","A","19990101","1999","52","1999","270","GMB","Gambia","X","Export","0","W00","World","0","W00","World","GG","GG","true","-2","ALL","0","false","C00","TOTAL CPC","0","0","TOTAL MOT","-1","n/a",,"false","-1","n/a",,"false","123022298","false",,"false",,"49151928","49151928","0","false","false",
"C","A","19990101","1999","52","1999","276","DEU","Germany","X","Export","0","W00","World","0","W00","World","GG","GG","true","-2","ALL","0","false","C00","TOTAL CPC","0","0","TOTAL MOT","-1","n/a",,"false","-1","n/a",,"false","532176274123","false",,"false",,"2164810471372","2164810471372","0","false","false",
"C","A","19990101","1999","52","1999","288","GHA","Ghana","X","Export","0","W00","World","0","W00","World","GG","GG","true","-2","ALL","0","false","C00","TOTAL CPC","0","0","TOTAL MOT","-1","n/a",,"false","-1","n/a",,"false","3800648177","false",,"false",,"5078936389","5078936389","0","true","false",
"C","A","19990101","1999","52","1999","296","KIR","Kiribati","X","Export","0","W00","World","0","W00","World","GG","GG","true","-2","ALL","0","false","C00","TOTAL CPC","0","0","TOTAL MOT","-1","n/a",,"false","-1","n/a",,"false","27517059","false",,"false",,"36309604","36309604","0","true","false",
"C","A","19990101","1999","52","1999","300","GRC","Greece","X","Export","0","W00","World","0","W00","World","GG","GG","true","-2","ALL","0","false","C00","TOTAL CPC","0","0","TOTAL MOT","-1","n/a",,"false","-1","n/a",,"false","44158103106","false",,"false",,"44073634884","44073634884","0","false","false",
"C","A","19990101","1999","52","1999","304","GRL","Greenland","X","Export","0","W00","World","0","W00","World","GG","GG","true","-2","ALL","0","false","C00","TOTAL CPC","0","0","TOTAL MOT","-1","n/a",,"false","-1","n/a",,"false","166231946","false",,"false",,"1157834356","1157834356","0","false","false",
"C","A","19990101","1999","52","1999","308","GRD","Grenada","X","Export","0","W00","World","0","W00","World","GG","GG","true","-2","ALL","0","false","C00","TOTAL CPC","0","0","TOTAL MOT","-1","n/a",,"false","-1","n/a",,"false","106526840","false",,"false",,"145282616","145282616","0","true","false",
"C","A","19990101","1999","52","1999","320","GTM","Guatemala","X","Export","0","W00","World","0","W00","World","GG","GG","true","-2","ALL","0","false","C00","TOTAL CPC","0","0","TOTAL MOT","-1","n/a",,"false","-1","n/a",,"false","10723847196","false",,"false",,"9832840140","9832840140","0","false","false",
"C","A","19990101","1999","52","1999","324","GIN","Guinea","X","Export","0","W00","World","0","W00","World","GG","GG","true","-2","ALL","0","false","C00","TOTAL CPC","0","0","TOTAL MOT","-1","n/a",,"false","-1","n/a",,"false","27057629932","false",,"false",,"1895486589","1895486589","0","false","false",
"C","A","19990101","1999","52","1999","328","GUY","Guyana","X","Export","0","W00","World","0","W00","World","GG","GG","true","-2","ALL","0","false","C00","TOTAL CPC","0","0","TOTAL MOT","-1","n/a",,"false","-1","n/a",,"false","6999597993","false",,"false",,"1896811495","1896811495","0","false","false",
"C","A","19990101","1999","52","1999","340","HND","Honduras","X","Export","0","W00","World","0","W00","World","GG","GG","true","-2","ALL","0","false","C00","TOTAL CPC","0","0","TOTAL MOT","-1","n/a",,"false","-1","n/a",,"false","1960296842","false",,"false",,"4656486531","4656486531","0","false","false",
"C","A","19990101","1999","52","1999","344","HKG","China, Hong Kong SAR","X","Export","0","W00","World","0","W00","World","GG","GG","true","-2","ALL","0","false","C00","TOTAL CPC","0","0","TOTAL MOT","-1","n/a",,"false","-1","n/a",,"false","56195705026","false",,"false",,"697610963024","697610963024","0","false","false",
"C","A","19990101","1999","52","1999","348","HUN","Hungary","X","Export","0","W00","World","0","W00","World","GG","GG","true","-2","ALL","0","false","C00","TOTAL CPC","0","0","TOTAL MOT","-1","n/a",,"false","-1","n/a",,"false","33503038582","false",,"false",,"100048744000","100048744000","0","false","false",
"C","A","19990101","1999","52","1999","352","ISL","Iceland","X","Export","0","W00","World","0","W00","World","GG","GG","true","-2","ALL","0","false","C00","TOTAL CPC","0","0","TOTAL MOT","-1","n/a",,"false","-1","n/a",,"false","2400258939","false",,"false",,"8038511409","8038511409","0","false","false",
"C","A","19990101","1999","52","1999","360","IDN","Indonesia","X","Export","0","W00","World","0","W00","World","GG","GG","true","-2","ALL","0","false","C00","TOTAL CPC","0","0","TOTAL MOT","-1","n/a",,"false","-1","n/a",,"false","457837312915","false",,"false",,"194661677924","194661677924","0","false","false",
"C","A","19990101","1999","52","1999","364","IRN","Iran","X","Export","0","W00","World","0","W00","World","GG","GG","true","-2","ALL","0","false","C00","TOTAL CPC","0","0","TOTAL MOT","-1","n/a",,"false","-1","n/a",,"false","234330676422","false",,"false",,"80032994848","80032994848","0","false","false",
"C","A","19990101","1999","52","1999","372","IRL","Ireland","X","Export","0","W00","World","0","W00","World","GG","GG","true","-2","ALL","0","false","C00","TOTAL CPC","0","0","TOTAL MOT","-1","n/a",,"false","-1","n/a",,"false","23397902395","false",,"false",,"280894252763","280894252763","0","false","false",
"C","A","19990101","1999","52","1999","376","ISR","Israel","X","Export","0","W00","World","0","W00","World","GG","GG","true","-2","ALL","0","false","C00","TOTAL CPC","0","0","TOTAL MOT","-1","n/a",,"false","-1","n/a",,"false","6184415117","false",,"false",,"103359736000","103359736000","0","false","false",
"C","A","19990101","1999","52","1999","380","ITA","Italy","X","Export","0","W00","World","0","W00","World","GG","GG","true","-2","ALL","0","false","C00","TOTAL CPC","0","0","TOTAL MOT","-1","n/a",,"false","-1","n/a",,"false","226932020655","false",,"false",,"939851802516","939851802516","0","false","false",
"C","A","19990101","1999","52","1999","384","CIV","Côte d'Ivoire","X","Export","0","W00","World","0","W00","World","GG","GG","true","-2","ALL","0","false","C00","TOTAL CPC","0","0","TOTAL MOT","-1","n/a",,"false","-1","n/a",,"false","16002937085","false",,"false",,"17251977432","17251977432","0","true","false",
"C","A","19990101","1999","52","1999","388","JAM","Jamaica","X","Export","0","W00","World","0","W00","World","GG","GG","true","-2","ALL","0","false","C00","TOTAL CPC","0","0","TOTAL MOT","-1","n/a",,"false","-1","n/a",,"false","10241155008","false",,"false",,"4957596137","4957596137","0","false","false",
"C","A","19990101","1999","52","1999","392","JPN","Japan","X","Export","0","W00","World","0","W00","World","GG","GG","true","-2","ALL","0","false","C00","TOTAL CPC","0","0","TOTAL MOT","-1","n/a",,"false","-1","n/a",,"false","209383914225","false",,"false",,"1670440499612","1670440499612","0","false","false",
"C","A","19990101","1999","52","1999","398","KAZ","Kazakhstan","X","Export","0","W00","World","0","W00","World","GG","GG","true","-2","ALL","0","false","C00","TOTAL CPC","0","0","TOTAL MOT","-1","n/a",,"false","-1","n/a",,"false","529600748952","false",,"false",,"17613824388","17613824388","0","true","false",
"C","A","19990101","1999","52","1999","400","JOR","Jordan","X","Export","0","W00","World","0","W00","World","GG","GG","true","-2","ALL","0","false","C00","TOTAL CPC","0","0","TOTAL MOT","-1","n/a",,"false","-1","n/a",,"false","6207919424","false",,"false",,"7283110433","7283110433","0","false","false",
"C","A","19990101","1999","52","1999","404","KEN","Kenya","X","Export","0","W00","World","0","W00","World","GG","GG","true","-2","ALL","0","false","C00","TOTAL CPC","0","0","TOTAL MOT","-1","n/a",,"false","-1","n/a",,"false","5679156572","false",,"false",,"6603683112","6603683112","0","false","false",
"C","A","19990101","1999","52","1999","410","KOR","Rep. of Korea","X","Export","0","W00","World","0","W00","World","GG","GG","true","-2","ALL","0","false","C00","TOTAL CPC","0","0","TOTAL MOT","-1","n/a",,"false","-1","n/a",,"false","204882951042","false",,"false",,"574741597704","574741597704","0","false","false",
"C","A","19990101","1999","52","1999","422","LBN","Lebanon","X","Export","0","W00","World","0","W00","World","GG","GG","true","-2","ALL","0","false","C00","TOTAL CPC","0","0","TOTAL MOT","-1","n/a",,"false","-1","n/a",,"false","2768426075","false",,"false",,"2707045038","2707045038","0","false","false",
"C","A","19990101","1999","52","1999","428","LVA","Latvia","X","Export","0","W00","World","0","W00","World","GG","GG","true","-2","ALL","0","false","C00","TOTAL CPC","0","0","TOTAL MOT","-1","n/a",,"false","-1","n/a",,"false","16102333937","false",,"false",,"6895175228","6895175228","0","false","false",
"C","A","19990101","1999","52","1999","440","LTU","Lithuania","X","Export","0","W00","World","0","W00","World","GG","GG","true","-2","ALL","0","false","C00","TOTAL CPC","0","0","TOTAL MOT","-1","n/a",,"false","-1","n/a",,"false","17227285769","false",,"false",,"12015314244","12015314244","0","false","false",
"C","A","19990101","1999","52","1999","442","LUX","Luxembourg","X","Export","0","W00","World","0","W00","World","GG","GG","true","-2","ALL","0","false","C00","TOTAL CPC","0","0","TOTAL MOT","-1","n/a",,"false","-1","n/a",,"false","18046566453","false",,"false",,"30695880504","30695880504","0","false","false",
"C","A","19990101","1999","52","1999","446","MAC","China, Macao SAR","X","Export","0","W00","World","0","W00","World","GG","GG","true","-2","ALL","0","false","C00","TOTAL CPC","0","0","TOTAL MOT","-1","n/a",,"false","-1","n/a",,"false","1197919889","false",,"false",,"8786671607","8786671607","0","false","false",
"C","A","19990101","1999","52","1999","450","MDG","Madagascar","X","Export","0","W00","World","0","W00","World","GG","GG","true","-2","ALL","0","false","C00","TOTAL CPC","0","0","TOTAL MOT","-1","n/a",,"false","-1","n/a",,"false","418445722","false",,"false",,"931036000","931036000","0","false","false",
"C","A","19990101","1999","52","1999","454","MWI","Malawi","X","Export","0","W00","World","0","W00","World","GG","GG","true","-2","ALL","0","false","C00","TOTAL CPC","0","0","TOTAL MOT","-1","n/a",,"false","-1","n/a",,"false","63306343382","false",,"false",,"1847703797","1847703797","0","false","false",
"C","A","19990101","1999","52","1999","458","MYS","Malaysia","X","Export","0","W00","World","0","W00","World","GG","GG","true","-2","ALL","0","false","C00","TOTAL CPC","0","0","TOTAL MOT","-1","n/a",,"false","-1","n/a",,"false","310474380098","false",,"false",,"338047606348","338047606348","0","false","false",
"C","A","19990101","1999","52","1999","462","MDV","Maldives","X","Export","0","W00","World","0","W00","World","GG","GG","true","-2","ALL","0","false","C00","TOTAL CPC","0","0","TOTAL MOT","-1","n/a",,"false","-1","n/a",,"false","74462490","false",,"false",,"255804844","255804844","0","false","false",
"C","A","19990101","1999","52","1999","466","MLI","Mali","X","Export","0","W00","World","0","W00","World","GG","GG","true","-2","ALL","0","false","C00","TOTAL CPC","0","0","TOTAL MOT","-1","n/a",,"false","-1","n/a",,"false","566314848","false",,"false",,"2007000927","2007000927","0","false","false",
"C","A","19990101","1999","52","1999","470","MLT","Malta","X","Export","0","W00","World","0","W00","World","GG","GG","true","-2","ALL","0","false","C00","TOTAL CPC","0","0","TOTAL MOT","-1","n/a",,"false","-1","n/a",,"false","929861067","false",,"false",,"7918528614","7918528614","0","false","false",
"C","A","19990101","1999","52","1999","480","MUS","Mauritius","X","Export","0","W00","World","0","W00","World","GG","GG","true","-2","ALL","0","false","C00","TOTAL CPC","0","0","TOTAL MOT","-1","n/a",,"false","-1","n/a",,"false","1406592953","false",,"false",,"6249901892","6249901892","0","false","false",
"C","A","19990101","1999","52","1999","484","MEX","Mexico","X","Export","0","W00","World","0","W00","World","GG","GG","true","-2","ALL","0","false","C00","TOTAL CPC","0","0","TOTAL MOT","-1","n/a",,"false","-1","n/a",,"false","300780496472","false",,"false",,"545051238195","545051238195","0","false","false",
"C","A","19990101","1999","52","1999","490","S19","Other Asia, nes","X","Export","0","W00","World","0","W00","World","GG","GG","true","-2","ALL","0","false","C00","TOTAL CPC","0","0","TOTAL MOT","-1","n/a",,"false","-1","n/a",,"false","47438164925","false",,"false",,"485983541471","485983541471","0","true","false",
"C","A","19990101","1999","52","1999","496","MNG","Mongolia","X","Export","0","W00","World","0","W00","World","GG","GG","true","-2","ALL","0","false","C00","TOTAL CPC","0","0","TOTAL MOT","-1","n/a",,"false","-1","n/a",,"false","1519522374","false",,"false",,"1432777446","1432777446","0","false","false",
"C","A","19990101","1999","52","1999","498","MDA","Rep. of Moldova","X","Export","0","W00","World","0","W00","World","GG","GG","true","-2","ALL","0","false","C00","TOTAL CPC","0","0","TOTAL MOT","-1","n/a",,"false","-1","n/a",,"false","21694600","false",,"false",,"1856665991","1856665991","0","true","false",
"C","A","19990101","1999","52","1999","500","MSR","Montserrat","X","Export","0","W00","World","0","W00","World","GG","GG","true","-2","ALL","0","false","C00","TOTAL CPC","0","0","TOTAL MOT","-1","n/a",,"false","-1","n/a",,"false","690198","false",,"false",,"5016764","5016764","0","false","false",
"C","A","19990101","1999","52","1999","504","MAR","Morocco","X","Export","0","W00","World","0","W00","World","GG","GG","true","-2","ALL","0","false","C00","TOTAL CPC","0","0","TOTAL MOT","-1","n/a",,"false","-1","n/a",,"false","42306775542","false",,"false",,"30011658941","30011658941","0","true","false",
"C","A","19990101","1999","52","1999","508","MOZ","Mozambique","X","Export","0","W00","World","0","W00","World","GG","GG","true","-2","ALL","0","false","C00","TOTAL CPC","0","0","TOTAL MOT","-1","n/a",,"false","-1","n/a",,"false",,"false",,"false",,"811889322","811889322","0","false","false",
"C","A","19990101","1999","52","1999","512","OMN","Oman","X","Export","0","W00","World","0","W00","World","GG","GG","true","-2","ALL","0","false","C00","TOTAL CPC","0","0","TOTAL MOT","-1","n/a",,"false","-1","n/a",,"false","86578775625","false",,"false",,"28923703387","28923703387","0","true","false",
"C","A","19990101","1999","52","1999","524","NPL","Nepal","X","Export","0","W00","World","0","W00","World","GG","GG","true","-2","ALL","0","false","C00","TOTAL CPC","0","0","TOTAL MOT","-1","n/a",,"false","-1","n/a",,"false",,"false",,"false",,"2097178363","2097178363","0","false","false",
"C","A","19990101","1999","52","1999","528","NLD","Netherlands","X","Export","0","W00","World","0","W00","World","GG","GG","true","-2","ALL","0","false","C00","TOTAL CPC","0","0","TOTAL MOT","-1","n/a",,"false","-1","n/a",,"false","295917781915","false",,"false",,"682153012928","682153012928","0","false","false",
"C","A","19990101","1999","52","1999","540","NCL","New Caledonia","X","Export","0","W00","World","0","W00","World","GG","GG","true","-2","ALL","0","false","C00","TOTAL CPC","0","0","TOTAL MOT","-1","n/a",,"false","-1","n/a",,"false","7757451539","false",,"false",,"1579195670","1579195670","0","true","false",
"C","A","19990101","1999","52","1999","554","NZL","New Zealand","X","Export","0","W00","World","0","W00","World","GG","GG","true","-2","ALL","0","false","C00","TOTAL CPC","0","0","TOTAL MOT","-1","n/a",,"false","-1","n/a",,"false","40540136439","false",,"false",,"49895775492","49895775492","0","false","false",
"C","A","19990101","1999","52","1999","558","NIC","Nicaragua","X","Export","0","W00","World","0","W00","World","GG","GG","true","-2","ALL","0","false","C00","TOTAL CPC","0","0","TOTAL MOT","-1","n/a",,"false","-1","n/a",,"false","1217596517","false",,"false",,"2033928124","2033928124","0","false","false",
"C","A","19990101","1999","52","1999","562","NER","Niger","X","Export","0","W00","World","0","W00","World","GG","GG","true","-2","ALL","0","false","C00","TOTAL CPC","0","0","TOTAL MOT","-1","n/a",,"false","-1","n/a",,"false","477987761","false",,"false",,"1175548704","1175548704","0","false","false",
"C","A","19990101","1999","52","1999","566","NGA","Nigeria","X","Export","0","W00","World","0","W00","World","GG","GG","true","-2","ALL","0","false","C00","TOTAL CPC","0","0","TOTAL MOT","-1","n/a",,"false","-1","n/a",,"false","306445445996","false",,"false",,"64494013738","64494013738","0","false","false",
"C","A","19990101","1999","52","1999","579","NOR","Norway","X","Export","0","W00","World","0","W00","World","GG","GG","true","-2","ALL","0","false","C00","TOTAL CPC","0","0","TOTAL MOT","-1","n/a",,"false","-1","n/a",,"false","418486242411","false",,"false",,"181915558505","181915558505","0","false","false",
"C","A","19990101","1999","52","1999","591","PAN","Panama","X","Export","0","W00","World","0","W00","World","GG","GG","true","-2","ALL","0","false","C00","TOTAL CPC","0","0","TOTAL MOT","-1","n/a",,"false","-1","n/a",,"false","2950132101","false",,"false",,"2828521608","2828521608","0","false","false",
"C","A","19990101","1999","52","1999","600","PRY","Paraguay","X","Export","0","W00","World","0","W00","World","GG","GG","true","-2","ALL","0","false","C00","TOTAL CPC","0","0","TOTAL MOT","-1","n/a",,"false","-1","n/a",,"false","6552327899","false",,"false",,"2963075488","2963075488","0","false","false",
"C","A","19990101","1999","52","1999","604","PER","Peru","X","Export","0","W00","World","0","W00","World","GG","GG","true","-2","ALL","0","false","C00","TOTAL CPC","0","0","TOTAL MOT","-1","n/a",,"false","-1","n/a",,"false","25448776819","false",,"false",,"23728212268","23728212268","0","false","false",
"C","A","19990101","1999","52","1999","608","PHL","Philippines","X","Export","0","W00","World","0","W00","World","GG","GG","true","-2","ALL","0","false","C00","TOTAL CPC","0","0","TOTAL MOT","-1","n/a",,"false","-1","n/a",,"false","30554531700","false",,"false",,"140147522042","140147522042","0","true","false",
"C","A","19990101","1999","52","1999","616","POL","Poland","X","Export","0","W00","World","0","W00","World","GG","GG","true","-2","ALL","0","false","C00","TOTAL CPC","0","0","TOTAL MOT","-1","n/a",,"false","-1","n/a",,"false","118070362932","false",,"false",,"109499852000","109499852000","0","false","false",
"C","A","19990101","1999","52","1999","620","PRT","Portugal","X","Export","0","W00","World","0","W00","World","GG","GG","true","-2","ALL","0","false","C00","TOTAL CPC","0","0","TOTAL MOT","-1","n/a",,"false","-1","n/a",,"false","40372844254","false",,"false",,"97974198936","97974198936","0","false","false",
"C","A","19990101","1999","52","1999","642","ROU","Romania","X","Export","0","W00","World","0","W00","World","GG","GG","true","-2","ALL","0","false","C00","TOTAL CPC","0","0","TOTAL MOT","-1","n/a",,"false","-1","n/a",,"false","34384990990","false",,"false",,"32459444816","32459444816","0","false","false",
"C","A","19990101","1999","52","1999","643","RUS","Russian Federation","X","Export","0","W00","World","0","W00","World","GG","GG","true","-2","ALL","0","false","C00","TOTAL CPC","0","0","TOTAL MOT","-1","n/a",,"false","-1","n/a",,"false","1357069189933","false",,"false",,"291539999808","291539999808","0","false","false",
"C","A","19990101","1999","52","1999","646","RWA","Rwanda","X","Export","0","W00","World","0","W00","World","GG","GG","true","-2","ALL","0","false","C00","TOTAL CPC","0","0","TOTAL MOT","-1","n/a",,"false","-1","n/a",,"false","65853528","false",,"false",,"226356090","226356090","0","true","false",
"C","A","19990101","1999","52","1999","659","KNA","Saint Kitts and Nevis","X","Export","0","W00","World","0","W00","World","GG","GG","true","-2","ALL","0","false","C00","TOTAL CPC","0","0","TOTAL MOT","-1","n/a",,"false","-1","n/a",,"false","32284574","false",,"false",,"111722846","111722846","0","false","false",
"C","A","19990101","1999","52","1999","662","LCA","Saint Lucia","X","Export","0","W00","World","0","W00","World","GG","GG","true","-2","ALL","0","false","C00","TOTAL CPC","0","0","TOTAL MOT","-1","n/a",,"false","-1","n/a",,"false","159583380","false",,"false",,"222713870","222713870","0","true","false",
"C","A","19990101","1999","52","1999","670","VCT","Saint Vincent and the Grenadines","X","Export","0","W00","World","0","W00","World","GG","GG","true","-2","ALL","0","false","C00","TOTAL CPC","0","0","TOTAL MOT","-1","n/a",,"false","-1","n/a",,"false","162545866","false",,"false",,"197626581","197626581","0","false","false",
"C","A","19990101","1999","52","1999","678","STP","Sao Tome and Principe","X","Export","0","W00","World","0","W00","World","GG","GG","true","-2","ALL","0","false","C00","TOTAL CPC","0","0","TOTAL MOT","-1","n/a",,"false","-1","n/a",,"false","7685234","false",,"false",,"8779312","8779312","0","false","false",
"C","A","19990101","1999","52","1999","682","SAU","Saudi Arabia","X","Export","0","W00","World","0","W00","World","GG","GG","true","-2","ALL","0","false","C00","TOTAL CPC","0","0","TOTAL MOT","-1","n/a",,"false","-1","n/a",,"false","1628674125778","false",,"false",,"202775254324","202775254324","0","false","false",
"C","A","19990101","1999","52","1999","686","SEN","Senegal","X","Export","0","W00","World","0","W00","World","GG","GG","true","-2","ALL","0","false","C00","TOTAL CPC","0","0","TOTAL MOT","-1","n/a",,"false","-1","n/a",,"false","3846365299","false",,"false",,"1885279376","1885279376","0","false","false",
"C","A","19990101","1999","52","1999","690","SYC","Seychelles","X","Export","0","W00","World","0","W00","World","GG","GG","true","-2","ALL","0","false","C00","TOTAL CPC","0","0","TOTAL MOT","-1","n/a",,"false","-1","n/a",,"false","593472283","false",,"false",,"579855536","579855536","0","false","false",
"C","A","19990101","1999","52","1999","699","IND","India","X","Export","0","W00","World","0","W00","World","GG","GG","true","-2","ALL","0","false","C00","TOTAL CPC","0","0","TOTAL MOT","-1","n/a",,"false","-1","n/a",,"false","81748535437","false",,"false",,"147678015258","147678015258","0","false","false",
"C","A","19990101","1999","52","1999","702","SGP","Singapore","X","Export","0","W00","World","0","W00","World","GG","GG","true","-2","ALL","0","false","C00","TOTAL CPC","0","0","TOTAL MOT","-1","n/a",,"false","-1","n/a",,"false","141967113586","false",,"false",,"458726913448","458726913448","0","false","false",
"C","A","19990101","1999","52","1999","703","SVK","Slovakia","X","Export","0","W00","World","0","W00","World","GG","GG","true","-2","ALL","0","false","C00","TOTAL CPC","0","0","TOTAL MOT","-1","n/a",,"false","-1","n/a",,"false","37349551166","false",,"false",,"40227093020","40227093020","0","false","false",
"C","A","19990101","1999","52","1999","705","SVN","Slovenia","X","Export","0","W00","World","0","W00","World","GG","GG","true","-2","ALL","0","false","C00","TOTAL CPC","0","0","TOTAL MOT","-1","n/a",,"false","-1","n/a",,"false","13677507302","false",,"false",,"34183483328","34183483328","0","false","false",
"C","A","19990101","1999","52","1999","711","ZA1","Southern African Customs Union (...1999)","X","Export","0","W00","World","0","W00","World","GG","GG","true","-2","ALL","0","false","C00","TOTAL CPC","0","0","TOTAL MOT","-1","n/a",,"false","-1","n/a",,"false","469552372698","false",,"false",,"90634879126","90634879126","0","false","false",
"C","A","19990101","1999","52","1999","724","ESP","Spain","X","Export","0","W00","World","0","W00","World","GG","GG","true","-2","ALL","0","false","C00","TOTAL CPC","0","0","TOTAL MOT","-1","n/a",,"false","-1","n/a",,"false","177884899112","false",,"false",,"445971715708","445971715708","0","false","false",
"C","A","19990101","1999","52","1999","736","SDN","Sudan (...2011)","X","Export","0","W00","World","0","W00","World","GG","GG","true","-2","ALL","0","false","C00","TOTAL CPC","0","0","TOTAL MOT","-1","n/a",,"false","-1","n/a",,"false","2483592269","false",,"false",,"888255341","888255341","0","false","false",
"C","A","19990101","1999","52","1999","740","SUR","Suriname","X","Export","0","W00","World","0","W00","World","GG","GG","true","-2","ALL","0","false","C00","TOTAL CPC","0","0","TOTAL MOT","-1","n/a",,"false","-1","n/a",,"false","3198900273","false",,"false",,"1423356000","1423356000","0","true","false",
"C","A","19990101","1999","52","1999","752","SWE","Sweden","X","Export","0","W00","World","0","W00","World","GG","GG","true","-2","ALL","0","false","C00","TOTAL CPC","0","0","TOTAL MOT","-1","n/a",,"false","-1","n/a",,"false","129813210459","false",,"false",,"302642466576","302642466576","0","false","false",
"C","A","19990101","1999","52","1999","757","CHE","Switzerland","X","Export","0","W00","World","0","W00","World","GG","GG","true","-2","ALL","0","false","C00","TOTAL CPC","0","0","TOTAL MOT","-1","n/a",,"false","-1","n/a",,"false","23341439207","false",,"false",,"318773103924","318773103924","0","false","false",
"C","A","19990101","1999","52","1999","764","THA","Thailand","X","Export","0","W00","World","0","W00","World","GG","GG","true","-2","ALL","0","false","C00","TOTAL CPC","0","0","TOTAL MOT","-1","n/a",,"false","-1","n/a",,"false","299746606505","false",,"false",,"233692128508","233692128508","0","false","false",
"C","A","19990101","1999","52","1999","768","TGO","Togo","X","Export","0","W00","World","0","W00","World","GG","GG","true","-2","ALL","0","false","C00","TOTAL CPC","0","0","TOTAL MOT","-1","n/a",,"false","-1","n/a",,"false","4647655576","false",,"false",,"1441371858","1441371858","0","false","false",
"C","A","19990101","1999","52","1999","780","TTO","Trinidad and Tobago","X","Export","0","W00","World","0","W00","World","GG","GG","true","-2","ALL","0","false","C00","TOTAL CPC","0","0","TOTAL MOT","-1","n/a",,"false","-1","n/a",,"false","7019184568","false",,"false",,"11222657052","11222657052","0","false","false",
"C","A","19990101","1999","52","1999","784","ARE","United Arab Emirates","X","Export","0","W00","World","0","W00","World","GG","GG","true","-2","ALL","0","false","C00","TOTAL CPC","0","0","TOTAL MOT","-1","n/a",,"false","-1","n/a",,"false",,"false",,"false",,"79437679020","79437679020","0","false","false",
"C","A","19990101","1999","52","1999","788","TUN","Tunisia","X","Export","0","W00","World","0","W00","World","GG","GG","true","-2","ALL","0","false","C00","TOTAL CPC","0","0","TOTAL MOT","-1","n/a",,"false","-1","n/a",,"false","20256042891","false",,"false",,"23152136048","23152136048","0","true","false",
"C","A","19990101","1999","52","1999","792","TUR","Türkiye","X","Export","0","W00","World","0","W00","World","GG","GG","true","-2","ALL","0","false","C00","TOTAL CPC","0","0","TOTAL MOT","-1","n/a",,"false","-1","n/a",,"false","67426903888","false",,"false",,"106348694580","106348694580","0","false","false",
"C","A","19990101","1999","52","1999","795","TKM","Turkmenistan","X","Export","0","W00","World","0","W00","World","GG","GG","true","-2","ALL","0","false","C00","TOTAL CPC","0","0","TOTAL MOT","-1","n/a",,"false","-1","n/a",,"false",,"false",,"false",,"4747963516","4747963516","0","false","false",
"C","A","19990101","1999","52","1999","796","TCA","Turks and Caicos Isds","X","Export","0","W00","World","0","W00","World","GG","GG","true","-2","ALL","0","false","C00","TOTAL CPC","0","0","TOTAL MOT","-1","n/a",,"false","-1","n/a",,"false",,"false",,"false",,"30688458","30688458","0","false","false",
"C","A","19990101","1999","52","1999","800","UGA","Uganda","X","Export","0","W00","World","0","W00","World","GG","GG","true","-2","ALL","0","false","C00","TOTAL CPC","0","0","TOTAL MOT","-1","n/a",,"false","-1","n/a",,"false","197630098","false",,"false",,"2022802720","2022802720","0","false","false",
"C","A","19990101","1999","52","1999","804","UKR","Ukraine","X","Export","0","W00","World","0","W00","World","GG","GG","true","-2","ALL","0","false","C00","TOTAL CPC","0","0","TOTAL MOT","-1","n/a",,"false","-1","n/a",,"false","152419914990","false",,"false",,"46326289109","46326289109","0","true","false",
"C","A","19990101","1999","52","1999","807","MKD","North Macedonia","X","Export","0","W00","World","0","W00","World","GG","GG","true","-2","ALL","0","false","C00","TOTAL CPC","0","0","TOTAL MOT","-1","n/a",,"false","-1","n/a",,"false","4253335612","false",,"false",,"4765046182","4765046182","0","false","false",
"C","A","19990101","1999","52","1999","818","EGY","Egypt","X","Export","0","W00","World","0","W00","World","GG","GG","true","-2","ALL","0","false","C00","TOTAL CPC","0","0","TOTAL MOT","-1","n/a",,"false","-1","n/a",,"false","28064738666","false",,"false",,"14003594064","14003594064","0","true","false",
"C","A","19990101","1999","52","1999","826","GBR","United Kingdom","X","Export","0","W00","World","0","W00","World","GG","GG","true","-2","ALL","0","false","C00","TOTAL CPC","0","0","TOTAL MOT","-1","n/a",,"false","-1","n/a",,"false","362278488088","false",,"false",,"1061769972512","1061769972512","0","false","false",
"C","A","19990101","1999","52","1999","834","TZA","United Rep. of Tanzania","X","Export","0","W00","World","0","W00","World","GG","GG","true","-2","ALL","0","false","C00","TOTAL CPC","0","0","TOTAL MOT","-1","n/a",,"false","-1","n/a",,"false","1356548001","false",,"false",,"2568200236","2568200236","0","false","false",
"C","A","19990101","1999","52","1999","842","USA","USA","X","Export","0","W00","World","0","W00","World","GG","GG","true","-2","ALL","0","false","C00","TOTAL CPC","0","0","TOTAL MOT","-1","n/a",,"false","-1","n/a",,"false","720613711053","false",,"false",,"2771135134092","2771135134092","0","false","false",
"C","A","19990101","1999","52","1999","854","BFA","Burkina Faso","X","Export","0","W00","World","0","W00","World","GG","GG","true","-2","ALL","0","false","C00","TOTAL CPC","0","0","TOTAL MOT","-1","n/a",,"false","-1","n/a",,"false","519571009","false",,"false",,"945771447","945771447","0","true","false",
"C","A","19990101","1999","52","1999","858","URY","Uruguay","X","Export","0","W00","World","0","W00","World","GG","GG","true","-2","ALL","0","false","C00","TOTAL CPC","0","0","TOTAL MOT","-1","n/a",,"false","-1","n/a",,"false","7274230512","false",,"false",,"8948167212","8948167212","0","false","false",
"C","A","19990101","1999","52","1999","862","VEN","Venezuela","X","Export","0","W00","World","0","W00","World","GG","GG","true","-2","ALL","0","false","C00","TOTAL CPC","0","0","TOTAL MOT","-1","n/a",,"false","-1","n/a",,"false","48310272945","false",,"false",,"80304767580","80304767580","0","false","false",
"C","A","19990101","1999","52","1999","891","SCG","Serbia and Montenegro (...2005)","X","Export","0","W00","World","0","W00","World","GG","GG","true","-2","ALL","0","false","C00","TOTAL CPC","0","0","TOTAL MOT","-1","n/a",,"false","-1","n/a",,"false","5513395514","false",,"false",,"5902940056","5902940056","0","true","false",
"C","A","19990101","1999","52","1999","894","ZMB","Zambia","X","Export","0","W00","World","0","W00","World","GG","GG","true","-2","ALL","0","false","C00","TOTAL CPC","0","0","TOTAL MOT","-1","n/a",,"false","-1","n/a",,"false","1769619365","false",,"false",,"4251613117","4251613117","0","false","false",
"C","A","20000101","2000","52","2000","8","ALB","Albania","X","Export","0","W00","World","0","W00","World","GG","GG","true","-2","ALL","0","false","C00","TOTAL CPC","0","0","TOTAL MOT","-1","n/a",,"true","-1","n/a",,"false","382173939","true",,"false",,"1045903120","1045903120","0","false","false",
"C","A","20000101","2000","52","2000","12","DZA","Algeria","X","Export","0","W00","World","0","W00","World","GG","GG","true","-2","ALL","0","false","C00","TOTAL CPC","0","0","TOTAL MOT","-1","n/a",,"true","-1","n/a",,"false","225642582419","true",,"false",,"88125150576","88125150576","0","false","false",
"C","A","20000101","2000","52","2000","20","AND","Andorra","X","Export","0","W00","World","0","W00","World","GG","GG","true","-2","ALL","0","false","C00","TOTAL CPC","0","0","TOTAL MOT","-1","n/a",,"true","-1","n/a",,"false","1460623189","true",,"false",,"181316156","181316156","0","false","false",
"C","A","20000101","2000","52","2000","28","ATG","Antigua and Barbuda","X","Export","0","W00","World","0","W00","World","GG","GG","true","-2","ALL","0","false","C00","TOTAL CPC","0","0","TOTAL MOT","-1","n/a",,"true","-1","n/a",,"false","48516444","false",,"false",,"90078773","90078773","0","false","false",
"C","A","20000101","2000","52","2000","31","AZE","Azerbaijan","X","Export","0","W00","World","0","W00","World","GG","GG","true","-2","ALL","0","false","C00","TOTAL CPC","0","0","TOTAL MOT","-1","n/a",,"true","-1","n/a",,"false","16772856184","true",,"false",,"6981007749","6981007749","0","false","false",
"C","A","20000101","2000","52","2000","32","ARG","Argentina","X","Export","0","W00","World","0","W00","World","GG","GG","true","-2","ALL","0","false","C00","TOTAL CPC","0","0","TOTAL MOT","-1","n/a",,"true","-1","n/a",,"false","165124616330","true",,"false",,"105364116772","105364116772","0","false","false",
"C","A","20000101","2000","52","2000","36","AUS","Australia","X","Export","0","W00","World","0","W00","World","GG","GG","true","-2","ALL","0","false","C00","TOTAL CPC","0","0","TOTAL MOT","-1","n/a",,"true","-1","n/a",,"false","961034733356","true",,"false",,"255065337030","255065337030","0","false","false",
"C","A","20000101","2000","52","2000","40","AUT","Austria","X","Export","0","W00","World","0","W00","World","GG","GG","true","-2","ALL","0","false","C00","TOTAL CPC","0","0","TOTAL MOT","-1","n/a",,"true","-1","n/a",,"false","67595128503","true",,"false",,"254698796228","254698796228","0","false","false",
"C","A","20000101","2000","52","2000","44","BHS","Bahamas","X","Export","0","W00","World","0","W00","World","GG","GG","true","-2","ALL","0","false","C00","TOTAL CPC","0","0","TOTAL MOT","-1","n/a",,"true","-1","n/a",,"false","3270506696","true",,"false",,"2219537088","2219537088","0","false","false",
"C","A","20000101","2000","52","2000","48","BHR","Bahrain","X","Export","0","W00","World","0","W00","World","GG","GG","true","-2","ALL","0","false","C00","TOTAL CPC","0","0","TOTAL MOT","-1","n/a",,"true","-1","n/a",,"false","11021962422","false",,"false",,"24778717428","24778717428","0","true","false",
"C","A","20000101","2000","52","2000","50","BGD","Bangladesh","X","Export","0","W00","World","0","W00","World","GG","GG","true","-2","ALL","0","false","C00","TOTAL CPC","0","0","TOTAL MOT","-1","n/a",,"true","-1","n/a",,"false","3013740082","true",,"false",,"21972905707","21972905707","0","true","false",
"C","A","20000101","2000","52","2000","51","ARM","Armenia","X","Export","0","W00","World","0","W00","World","GG","GG","true","-2","ALL","0","false","C00","TOTAL CPC","0","0","TOTAL MOT","-1","n/a",,"true","-1","n/a",,"false","479987466","true",,"false",,"1176411765","1176411765","0","false","false",
"C","A","20000101","2000","52","2000","52","BRB","Barbados","X","Export","0","W00","World","0","W00","World","GG","GG","true","-2","ALL","0","false","C00","TOTAL CPC","0","0","TOTAL MOT","-1","n/a",,"true","-1","n/a",,"false","1023312292","true",,"false",,"1091337555","1091337555","0","false","false",
"C","A","20000101","2000","52","2000","56","BEL","Belgium","X","Export","0","W00","World","0","W00","World","GG","GG","true","-2","ALL","0","false","C00","TOTAL CPC","0","0","TOTAL MOT","-1","n/a",,"true","-1","n/a",,"false","337563262615","true",,"false",,"751355619017","751355619017","0","false","false",
"C","A","20000101","2000","52","2000","68","BOL","Bolivia (Plurinational State of)","X","Export","0","W00","World","0","W00","World","GG","GG","true","-2","ALL","0","false","C00","TOTAL CPC","0","0","TOTAL MOT","-1","n/a",,"true","-1","n/a",,"false","7578821277.243","true","7680110154","false","0","5889615140","5889615140","0","false","true",
"C","A","20000101","2000","52","2000","72","BWA","Botswana","X","Export","0","W00","World","0","W00","World","GG","GG","true","-2","ALL","0","false","C00","TOTAL CPC","0","0","TOTAL MOT","-1","n/a",,"true","-1","n/a",,"false","1198948705","true",,"false",,"11115329124","11115329124","0","false","false",
"C","A","20000101","2000","52","2000","76","BRA","Brazil","X","Export","0","W00","World","0","W00","World","GG","GG","true","-2","ALL","0","false","C00","TOTAL CPC","0","0","TOTAL MOT","-1","n/a",,"true","-1","n/a",,"false","479095002430.5413","true","0","false",,"219972614940","219972614940","0","false","true",
"C","A","20000101","2000","52","2000","84","BLZ","Belize","X","Export","0","W00","World","0","W00","World","GG","GG","true","-2","ALL","0","false","C00","TOTAL CPC","0","0","TOTAL MOT","-1","n/a",,"true","-1","n/a",,"false","534086352","true",,"false",,"800860389","800860389","0","false","false",
"C","A","20000101","2000","52","2000","100","BGR","Bulgaria","X","Export","0","W00","World","0","W00","World","GG","GG","true","-2","ALL","0","false","C00","TOTAL CPC","0","0","TOTAL MOT","-1","n/a",,"true","-1","n/a",,"false","22295256800","false",,"false",,"19287375457","19287375457","0","false","false",
"C","A","20000101","2000","52","2000","108","BDI","Burundi","X","Export","0","W00","World","0","W00","World","GG","GG","true","-2","ALL","0","false","C00","TOTAL CPC","0","0","TOTAL MOT","-1","n/a",,"true","-1","n/a",,"false","70287184","true",,"false",,"171419004","171419004","0","true","false",
"C","A","20000101","2000","52","2000","112","BLR","Belarus","X","Export","0","W00","World","0","W00","World","GG","GG","true","-2","ALL","0","false","C00","TOTAL CPC","0","0","TOTAL MOT","-1","n/a",,"true","-1","n/a",,"false","47686647144","true",,"false",,"29324236000","29324236000","0","false","false",
"C","A","20000101","2000","52","2000","116","KHM","Cambodia","X","Export","0","W00","World","0","W00","World","GG","GG","true","-2","ALL","0","false","C00","TOTAL CPC","0","0","TOTAL MOT","-1","n/a",,"true","-1","n/a",,"false","541744324","true",,"false",,"5557818947","5557818947","0","false","false",
"C","A","20000101","2000","52","2000","120","CMR","Cameroon","X","Export","0","W00","World","0","W00","World","GG","GG","true","-2","ALL","0","false","C00","TOTAL CPC","0","0","TOTAL MOT","-1","n/a",,"true","-1","n/a",,"false","14185569262","true",,"false",,"7290494885","7290494885","0","false","false",
"C","A","20000101","2000","52","2000","124","CAN","Canada","X","Export","0","W00","World","0","W00","World","GG","GG","true","-2","ALL","0","false","C00","TOTAL CPC","0","0","TOTAL MOT","-1","n/a",,"true","-1","n/a",,"false","266748997344","true",,"false",,"1109679682180","1109679682180","0","false","false",
"C","A","20000101","2000","52","2000","132","CPV","Cabo Verde","X","Export","0","W00","World","0","W00","World","GG","GG","true","-2","ALL","0","false","C00","TOTAL CPC","0","0","TOTAL MOT","-1","n/a",,"true","-1","n/a",,"false","286378570","false",,"false",,"197130228","197130228","0","false","false",
"C","A","20000101","2000","52","2000","140","CAF","Central African Rep.","X","Export","0","W00","World","0","W00","World","GG","GG","true","-2","ALL","0","false","C00","TOTAL CPC","0","0","TOTAL MOT","-1","n/a",,"true","-1","n/a",,"false","123822562","false",,"false",,"320386785","320386785","0","true","false",
"C","A","20000101","2000","52","2000","144","LKA","Sri Lanka","X","Export","0","W00","World","0","W00","World","GG","GG","true","-2","ALL","0","false","C00","TOTAL CPC","0","0","TOTAL MOT","-1","n/a",,"true","-1","n/a",,"false","2613849025","true",,"false",,"21350071409","21350071409","0","false","false",
"C","A","20000101","2000","52","2000","152","CHL","Chile","X","Export","0","W00","World","0","W00","World","GG","GG","true","-2","ALL","0","false","C00","TOTAL CPC","0","0","TOTAL MOT","-1","n/a",,"true","-1","n/a",,"false","56306494116","true",,"false",,"72858015036","72858015036","0","false","false",
"C","A","20000101","2000","52","2000","156","CHN","China","X","Export","0","W00","World","0","W00","World","GG","GG","true","-2","ALL","0","false","C00","TOTAL CPC","0","0","TOTAL MOT","-1","n/a",,"true","-1","n/a",,"false","474047945517","true",,"false",,"996810204060","996810204060","0","false","false",
"C","A","20000101","2000","52","2000","170","COL","Colombia","X","Export","0","W00","World","0","W00","World","GG","GG","true","-2","ALL","0","false","C00","TOTAL CPC","0","0","TOTAL MOT","-1","n/a",,"true","-1","n/a",,"false","134101946254","true",,"false",,"52633603388","52633603388","0","false","false",
"C","A","20000101","2000","52","2000","174","COM","Comoros","X","Export","0","W00","World","0","W00","World","GG","GG","true","-2","ALL","0","false","C00","TOTAL CPC","0","0","TOTAL MOT","-1","n/a",,"true","-1","n/a",,"false","1622406","false",,"false",,"28719859","28719859","0","true","false",
"C","A","20000101","2000","52","2000","175","MYT","Mayotte (Overseas France)","X","Export","0","W00","World","0","W00","World","GG","GG","true","-2","ALL","0","false","C00","TOTAL CPC","0","0","TOTAL MOT","-1","n/a",,"true","-1","n/a",,"false","2270062","false",,"false",,"11016626","11016626","0","false","false",
"C","A","20000101","2000","52","2000","184","COK","Cook Isds","X","Export","0","W00","World","0","W00","World","GG","GG","true","-2","ALL","0","false","C00","TOTAL CPC","0","0","TOTAL MOT","-1","n/a",,"false","-1","n/a",,"false","227304","false",,"false",,"26721246","26721246","0","false","false",
"C","A","20000101","2000","52","2000","188","CRI","Costa Rica","X","Export","0","W00","World","0","W00","World","GG","GG","true","-2","ALL","0","false","C00","TOTAL CPC","0","0","TOTAL MOT","-1","n/a",,"true","-1","n/a",,"false","9248020144","true",,"false",,"21947513485","21947513485","0","false","false",
"C","A","20000101","2000","52","2000","191","HRV","Croatia","X","Export","0","W00","World","0","W00","World","GG","GG","true","-2","ALL","0","false","C00","TOTAL CPC","0","0","TOTAL MOT","-1","n/a",,"true","-1","n/a",,"false","23186176746","true",,"false",,"17726389392","17726389392","0","false","false",
"C","A","20000101","2000","52","2000","192","CUB","Cuba","X","Export","0","W00","World","0","W00","World","GG","GG","true","-2","ALL","0","false","C00","TOTAL CPC","0","0","TOTAL MOT","-1","n/a",,"true","-1","n/a",,"false","10275394305","true",,"false",,"6704247244","6704247244","0","false","false",
"C","A","20000101","2000","52","2000","196","CYP","Cyprus","X","Export","0","W00","World","0","W00","World","GG","GG","true","-2","ALL","0","false","C00","TOTAL CPC","0","0","TOTAL MOT","-1","n/a",,"true","-1","n/a",,"false","3190182841","true",,"false",,"3922218522","3922218522","0","false","false",
"C","A","20000101","2000","52","2000","203","CZE","Czechia","X","Export","0","W00","World","0","W00","World","GG","GG","true","-2","ALL","0","false","C00","TOTAL CPC","0","0","TOTAL MOT","-1","n/a",,"true","-1","n/a",,"false","81623367079","true",,"false",,"116211467148","116211467148","0","false","false",
"C","A","20000101","2000","52","2000","204","BEN","Benin","X","Export","0","W00","World","0","W00","World","GG","GG","true","-2","ALL","0","false","C00","TOTAL CPC","0","0","TOTAL MOT","-1","n/a",,"true","-1","n/a",,"false","735029844","false",,"false",,"759180592","759180592","0","false","false",
"C","A","20000101","2000","52","2000","208","DNK","Denmark","X","Export","0","W00","World","0","W00","World","GG","GG","true","-2","ALL","0","false","C00","TOTAL CPC","0","0","TOTAL MOT","-1","n/a",,"true","-1","n/a",,"false","74493231874","true",,"false",,"196409147013","196409147013","0","false","false",
"C","A","20000101","2000","52","2000","212","DMA","Dominica","X","Export","0","W00","World","0","W00","World","GG","GG","true","-2","ALL","0","false","C00","TOTAL CPC","0","0","TOTAL MOT","-1","n/a",,"true","-1","n/a",,"false","822603924","false",,"false",,"214330191","214330191","0","false","false",
"C","A","20000101","2000","52","2000","218","ECU","Ecuador","X","Export","0","W00","World","0","W00","World","GG","GG","true","-2","ALL","0","false","C00","TOTAL CPC","0","0","TOTAL MOT","-1","n/a",,"true","-1","n/a",,"false","39989006880","true",,"false",,"19287477136","19287477136","0","false","false",
"C","A","20000101","2000","52","2000","222","SLV","El Salvador","X","Export","0","W00","World","0","W00","World","GG","GG","true","-2","ALL","0","false","C00","TOTAL CPC","0","0","TOTAL MOT","-1","n/a",,"true","-1","n/a",,"false","2118671336.6290023","true","0","false","0","15918981601.239996","15918981601.239996","0","false","true",
"C","A","20000101","2000","52","2000","231","ETH","Ethiopia","X","Export","0","W00","World","0","W00","World","GG","GG","true","-2","ALL","0","false","C00","TOTAL CPC","0","0","TOTAL MOT","-1","n/a",,"true","-1","n/a",,"false","644383396.391","true","0","false",,"1929174751.404999","1929174751.404999","0","false","true",
"C","A","20000101","2000","52","2000","233","EST","Estonia","X","Export","0","W00","World","0","W00","World","GG","GG","true","-2","ALL","0","false","C00","TOTAL CPC","0","0","TOTAL MOT","-1","n/a",,"true","-1","n/a",,"false","21129094336","true",,"false",,"15318814041","15318814041","0","false","false",
"C","A","20000101","2000","52","2000","234","FRO","Faroe Isds","X","Export","0","W00","World","0","W00","World","GG","GG","true","-2","ALL","0","false","C00","TOTAL CPC","0","0","TOTAL MOT","-1","n/a",,"true","-1","n/a",,"false","689365432","false",,"false",,"1906916209","1906916209","0","false","false",
"C","A","20000101","2000","52","2000","242","FJI","Fiji","X","Export","0","W00","World","0","W00","World","GG","GG","true","-2","ALL","0","false","C00","TOTAL CPC","0","0","TOTAL MOT","-1","n/a",,"false","-1","n/a",,"false","474309389","false",,"false",,"1863760087","1863760087","0","false","false",
"C","A","20000101","2000","52","2000","246","FIN","Finland","X","Export","0","W00","World","0","W00","World","GG","GG","true","-2","ALL","0","false","C00","TOTAL CPC","0","0","TOTAL MOT","-1","n/a",,"true","-1","n/a",,"false","73030669784","true",,"false",,"181899724874","181899724874","0","false","false",
"C","A","20000101","2000","52","2000","251","FRA","France","X","Export","0","W00","World","0","W00","World","GG","GG","true","-2","ALL","0","false","C00","TOTAL CPC","0","0","TOTAL MOT","-1","n/a",,"true","-1","n/a",,"false","379713733470","true",,"false",,"1181381677909","1181381677909","0","false","false",
"C","A","20000101","2000","52","2000","258","PYF","French Polynesia","X","Export","0","W00","World","0","W00","World","GG","GG","true","-2","ALL","0","false","C00","TOTAL CPC","0","0","TOTAL MOT","-1","n/a",,"true","-1","n/a",,"false","33295124","true",,"false",,"890114520","890114520","0","false","false",
"C","A","20000101","2000","52","2000","266","GAB","Gabon","X","Export","0","W00","World","0","W00","World","GG","GG","true","-2","ALL","0","false","C00","TOTAL CPC","0","0","TOTAL MOT","-1","n/a",,"true","-1","n/a",,"false","33716743154","false",,"false",,"10405936360","10405936360","0","false","false",
"C","A","20000101","2000","52","2000","268","GEO","Georgia","X","Export","0","W00","World","0","W00","World","GG","GG","true","-2","ALL","0","false","C00","TOTAL CPC","0","0","TOTAL MOT","-1","n/a",,"true","-1","n/a",,"false","3320769130","false",,"false",,"1290994736","1290994736","0","false","false",
"C","A","20000101","2000","52","2000","270","GMB","Gambia","X","Export","0","W00","World","0","W00","World","GG","GG","true","-2","ALL","0","false","C00","TOTAL CPC","0","0","TOTAL MOT","-1","n/a",,"true","-1","n/a",,"false","66072588.106000006","true","0","false",,"64521206.83800003","64521206.83800003","0","false","true",
"C","A","20000101","2000","52","2000","276","DEU","Germany","X","Export","0","W00","World","0","W00","World","GG","GG","true","-2","ALL","0","false","C00","TOTAL CPC","0","0","TOTAL MOT","-1","n/a",,"true","-1","n/a",,"false","543781327834","true",,"false",,"2198426964000","2198426964000","0","false","false",
"C","A","20000101","2000","52","2000","288","GHA","Ghana","X","Export","0","W00","World","0","W00","World","GG","GG","true","-2","ALL","0","false","C00","TOTAL CPC","0","0","TOTAL MOT","-1","n/a",,"true","-1","n/a",,"false","6241678530","false",,"false",,"6296451998","6296451998","0","true","false",
"C","A","20000101","2000","52","2000","300","GRC","Greece","X","Export","0","W00","World","0","W00","World","GG","GG","true","-2","ALL","0","false","C00","TOTAL CPC","0","0","TOTAL MOT","-1","n/a",,"true","-1","n/a",,"false","47305113910","false",,"false",,"43389690867","43389690867","0","false","false",
"C","A","20000101","2000","52","2000","304","GRL","Greenland","X","Export","0","W00","World","0","W00","World","GG","GG","true","-2","ALL","0","false","C00","TOTAL CPC","0","0","TOTAL MOT","-1","n/a",,"true","-1","n/a",,"false","153540790","true",,"false",,"1085316949","1085316949","0","false","false",
"C","A","20000101","2000","52","2000","308","GRD","Grenada","X","Export","0","W00","World","0","W00","World","GG","GG","true","-2","ALL","0","false","C00","TOTAL CPC","0","0","TOTAL MOT","-1","n/a",,"true","-1","n/a",,"false","59172510","false",,"false",,"303376068","303376068","0","false","false",
"C","A","20000101","2000","52","2000","320","GTM","Guatemala","X","Export","0","W00","World","0","W00","World","GG","GG","true","-2","ALL","0","false","C00","TOTAL CPC","0","0","TOTAL MOT","-1","n/a",,"true","-1","n/a",,"false","11346554278","false",,"false",,"10796135732","10796135732","0","false","false",
"C","A","20000101","2000","52","2000","324","GIN","Guinea","X","Export","0","W00","World","0","W00","World","GG","GG","true","-2","ALL","0","false","C00","TOTAL CPC","0","0","TOTAL MOT","-1","n/a",,"true","-1","n/a",,"false","12924271208","false",,"false",,"2117863099","2117863099","0","false","false",
"C","A","20000101","2000","52","2000","328","GUY","Guyana","X","Export","0","W00","World","0","W00","World","GG","GG","true","-2","ALL","0","false","C00","TOTAL CPC","0","0","TOTAL MOT","-1","n/a",,"true","-1","n/a",,"false","8711622932","false",,"false",,"2081638024","2081638024","0","false","false",
"C","A","20000101","2000","52","2000","340","HND","Honduras","X","Export","0","W00","World","0","W00","World","GG","GG","true","-2","ALL","0","false","C00","TOTAL CPC","0","0","TOTAL MOT","-1","n/a",,"true","-1","n/a",,"false","2400821496","true",,"false",,"5434781904","5434781904","0","false","false",
"C","A","20000101","2000","52","2000","344","HKG","China, Hong Kong SAR","X","Export","0","W00","World","0","W00","World","GG","GG","true","-2","ALL","0","false","C00","TOTAL CPC","0","0","TOTAL MOT","-1","n/a",,"true","-1","n/a",,"false","92949602066","true",,"false",,"810840345642","810840345642","0","false","false",
"C","A","20000101","2000","52","2000","348","HUN","Hungary","X","Export","0","W00","World","0","W00","World","GG","GG","true","-2","ALL","0","false","C00","TOTAL CPC","0","0","TOTAL MOT","-1","n/a",,"true","-1","n/a",,"false","35362081036","true",,"false",,"112368968000","112368968000","0","false","false",
"C","A","20000101","2000","52","2000","352","ISL","Iceland","X","Export","0","W00","World","0","W00","World","GG","GG","true","-2","ALL","0","false","C00","TOTAL CPC","0","0","TOTAL MOT","-1","n/a",,"true","-1","n/a",,"false","2667275246","true",,"false",,"7603525211","7603525211","0","false","false",
"C","A","20000101","2000","52","2000","360","IDN","Indonesia","X","Export","0","W00","World","0","W00","World","GG","GG","true","-2","ALL","0","false","C00","TOTAL CPC","0","0","TOTAL MOT","-1","n/a",,"true","-1","n/a",,"false","450200464312","false",,"false",,"248496027744","248496027744","0","false","false",
"C","A","20000101","2000","52","2000","364","IRN","Iran","X","Export","0","W00","World","0","W00","World","GG","GG","true","-2","ALL","0","false","C00","TOTAL CPC","0","0","TOTAL MOT","-1","n/a",,"true","-1","n/a",,"false","275951895000","true",,"false",,"113380000000","113380000000","0","false","false",
"C","A","20000101","2000","52","2000","372","IRL","Ireland","X","Export","0","W00","World","0","W00","World","GG","GG","true","-2","ALL","0","false","C00","TOTAL CPC","0","0","TOTAL MOT","-1","n/a",,"true","-1","n/a",,"false","24008011709.714993","true","0","false","0","310419750188.26715","310419750188.26715","0","false","true",
"C","A","20000101","2000","52","2000","376","ISR","Israel","X","Export","0","W00","World","0","W00","World","GG","GG","true","-2","ALL","0","false","C00","TOTAL CPC","0","0","TOTAL MOT","-1","n/a",,"true","-1","n/a",,"false","15952632337","true",,"false",,"125629480000","125629480000","0","false","false",
"C","A","20000101","2000","52","2000","380","ITA","Italy","X","Export","0","W00","World","0","W00","World","GG","GG","true","-2","ALL","0","false","C00","TOTAL CPC","0","0","TOTAL MOT","-1","n/a",,"true","-1","n/a",,"false","225764570186.34122","true","0","false","0","954604942278.6096","954604942278.6096","0","false","true",
"C","A","20000101","2000","52","2000","384","CIV","Côte d'Ivoire","X","Export","0","W00","World","0","W00","World","GG","GG","true","-2","ALL","0","false","C00","TOTAL CPC","0","0","TOTAL MOT","-1","n/a",,"true","-1","n/a",,"false","15450328488","false",,"false",,"14445009920","14445009920","0","false","false",
"C","A","20000101","2000","52","2000","388","JAM","Jamaica","X","Export","0","W00","World","0","W00","World","GG","GG","true","-2","ALL","0","false","C00","TOTAL CPC","0","0","TOTAL MOT","-1","n/a",,"true","-1","n/a",,"false","9483011972","true",,"false",,"5230395553","5230395553","0","false","false",
"C","A","20000101","2000","52","2000","392","JPN","Japan","X","Export","0","W00","World","0","W00","World","GG","GG","true","-2","ALL","0","false","C00","TOTAL CPC","0","0","TOTAL MOT","-1","n/a",,"true","-1","n/a",,"false","206636204747","true",,"false",,"1917102160313","1917102160313","0","false","false",
"C","A","20000101","2000","52","2000","398","KAZ","Kazakhstan","X","Export","0","W00","World","0","W00","World","GG","GG","true","-2","ALL","0","false","C00","TOTAL CPC","0","0","TOTAL MOT","-1","n/a",,"true","-1","n/a",,"false","65100981956","true",,"false",,"34717448800","34717448800","0","false","false",
"C","A","20000101","2000","52","2000","400","JOR","Jordan","X","Export","0","W00","World","0","W00","World","GG","GG","true","-2","ALL","0","false","C00","TOTAL CPC","0","0","TOTAL MOT","-1","n/a",,"true","-1","n/a",,"false","12686255871","true",,"false",,"7589950981","7589950981","0","false","false",
"C","A","20000101","2000","52","2000","404","KEN","Kenya","X","Export","0","W00","World","0","W00","World","GG","GG","true","-2","ALL","0","false","C00","TOTAL CPC","0","0","TOTAL MOT","-1","n/a",,"true","-1","n/a",,"false","4428711707","true",,"false",,"6284173582","6284173582","0","false","false",
"C","A","20000101","2000","52","2000","410","KOR","Rep. of Korea","X","Export","0","W00","World","0","W00","World","GG","GG","true","-2","ALL","0","false","C00","TOTAL CPC","0","0","TOTAL MOT","-1","n/a",,"true","-1","n/a",,"false","219744853586","true",,"false",,"689069981516","689069981516","0","false","false",
"C","A","20000101","2000","52","2000","414","KWT","Kuwait","X","Export","0","W00","World","0","W00","World","GG","GG","true","-2","ALL","0","false","C00","TOTAL CPC","0","0","TOTAL MOT","-1","n/a",,"true","-1","n/a",,"false","187247099947","true",,"false",,"77597902039","77597902039","0","true","false",
"C","A","20000101","2000","52","2000","417","KGZ","Kyrgyzstan","X","Export","0","W00","World","0","W00","World","GG","GG","true","-2","ALL","0","false","C00","TOTAL CPC","0","0","TOTAL MOT","-1","n/a",,"true","-1","n/a",,"false","2850334392","true",,"false",,"2017956716","2017956716","0","false","false",
"C","A","20000101","2000","52","2000","422","LBN","Lebanon","X","Export","0","W00","World","0","W00","World","GG","GG","true","-2","ALL","0","false","C00","TOTAL CPC","0","0","TOTAL MOT","-1","n/a",,"true","-1","n/a",,"false","4065856624","false",,"false",,"2857361696","2857361696","0","false","false",
"C","A","20000101","2000","52","2000","428","LVA","Latvia","X","Export","0","W00","World","0","W00","World","GG","GG","true","-2","ALL","0","false","C00","TOTAL CPC","0","0","TOTAL MOT","-1","n/a",,"true","-1","n/a",,"false","18501542881.96797","true","0","false","0","5947004704.178002","5947004704.178002","0","false","true",
"C","A","20000101","2000","52","2000","440","LTU","Lithuania","X","Export","0","W00","World","0","W00","World","GG","GG","true","-2","ALL","0","false","C00","TOTAL CPC","0","0","TOTAL MOT","-1","n/a",,"true","-1","n/a",,"false","19642088378.869003","true","0","false","0","15237644604","15237644604","0","false","true",
"C","A","20000101","2000","52","2000","442","LUX","Luxembourg","X","Export","0","W00","World","0","W00","World","GG","GG","true","-2","ALL","0","false","C00","TOTAL CPC","0","0","TOTAL MOT","-1","n/a",,"true","-1","n/a",,"false","20496567350","true",,"false",,"31504699471","31504699471","0","false","false",
"C","A","20000101","2000","52","2000","446","MAC","China, Macao SAR","X","Export","0","W00","World","0","W00","World","GG","GG","true","-2","ALL","0","false","C00","TOTAL CPC","0","0","TOTAL MOT","-1","n/a",,"true","-1","n/a",,"false","223824613","true","0","false","0","10611834949.03","10611834949.03","0","false","true",
"C","A","20000101","2000","52","2000","450","MDG","Madagascar","X","Export","0","W00","World","0","W00","World","GG","GG","true","-2","ALL","0","false","C00","TOTAL CPC","0","0","TOTAL MOT","-1","n/a",,"true","-1","n/a",,"false","1014540193.711","true","0","false",,"3436997114.1310086","3436997114.1310086","0","false","true",
"C","A","20000101","2000","52","2000","454","MWI","Malawi","X","Export","0","W00","World","0","W00","World","GG","GG","true","-2","ALL","0","false","C00","TOTAL CPC","0","0","TOTAL MOT","-1","n/a",,"true","-1","n/a",,"false","735580627","true",,"false",,"1517169431","1517169431","0","false","false",
"C","A","20000101","2000","52","2000","458","MYS","Malaysia","X","Export","0","W00","World","0","W00","World","GG","GG","true","-2","ALL","0","false","C00","TOTAL CPC","0","0","TOTAL MOT","-1","n/a",,"true","-1","n/a",,"false","162579209705","true",,"false",,"392918903234","392918903234","0","false","false",
"C","A","20000101","2000","52","2000","462","MDV","Maldives","X","Export","0","W00","World","0","W00","World","GG","GG","true","-2","ALL","0","false","C00","TOTAL CPC","0","0","TOTAL MOT","-1","n/a",,"true","-1","n/a",,"false","66812997","true",,"false",,"304783127","304783127","0","false","false",
"C","A","20000101","2000","52","2000","466","MLI","Mali","X","Export","0","W00","World","0","W00","World","GG","GG","true","-2","ALL","0","false","C00","TOTAL CPC","0","0","TOTAL MOT","-1","n/a",,"true","-1","n/a",,"false","558000742","false",,"false",,"1891681565","1891681565","0","false","false",
"C","A","20000101","2000","52","2000","470","MLT","Malta","X","Export","0","W00","World","0","W00","World","GG","GG","true","-2","ALL","0","false","C00","TOTAL CPC","0","0","TOTAL MOT","-1","n/a",,"true","-1","n/a",,"false","3674903729","true",,"false",,"9771050483","9771050483","0","false","false",
"C","A","20000101","2000","52","2000","478","MRT","Mauritania","X","Export","0","W00","World","0","W00","World","GG","GG","true","-2","ALL","0","false","C00","TOTAL CPC","0","0","TOTAL MOT","-1","n/a",,"false","-1","n/a",,"false","15538472638","false",,"false",,"1371227289","1371227289","0","false","false",
"C","A","20000101","2000","52","2000","480","MUS","Mauritius","X","Export","0","W00","World","0","W00","World","GG","GG","true","-2","ALL","0","false","C00","TOTAL CPC","0","0","TOTAL MOT","-1","n/a",,"true","-1","n/a",,"false","1747187390","true",,"false",,"5962665094","5962665094","0","false","false",
"C","A","20000101","2000","52","2000","484","MEX","Mexico","X","Export","0","W00","World","0","W00","World","GG","GG","true","-2","ALL","0","false","C00","TOTAL CPC","0","0","TOTAL MOT","-1","n/a",,"true","-1","n/a",,"false","303567129981","true",,"false",,"665177358120","665177358120","0","false","false",
"C","A","20000101","2000","52","2000","490","S19","Other Asia, nes","X","Export","0","W00","World","0","W00","World","GG","GG","true","-2","ALL","0","false","C00","TOTAL CPC","0","0","TOTAL MOT","-1","n/a",,"true","-1","n/a",,"false","103549176258","true",,"false",,"593264417356","593264417356","0","false","false",
"C","A","20000101","2000","52","2000","496","MNG","Mongolia","X","Export","0","W00","World","0","W00","World","GG","GG","true","-2","ALL","0","false","C00","TOTAL CPC","0","0","TOTAL MOT","-1","n/a",,"true","-1","n/a",,"false","1591931626","true",,"false",,"2142400603","2142400603","0","false","false",
"C","A","20000101","2000","52","2000","498","MDA","Rep. of Moldova","X","Export","0","W00","World","0","W00","World","GG","GG","true","-2","ALL","0","false","C00","TOTAL CPC","0","0","TOTAL MOT","-1","n/a",,"true","-1","n/a",,"false","1726148562","true",,"false",,"1886138948","1886138948","0","false","false",
"C","A","20000101","2000","52","2000","500","MSR","Montserrat","X","Export","0","W00","World","0","W00","World","GG","GG","true","-2","ALL","0","false","C00","TOTAL CPC","0","0","TOTAL MOT","-1","n/a",,"true","-1","n/a",,"false","120933","false",,"false",,"4472519","4472519","0","true","false",
"C","A","20000101","2000","52","2000","504","MAR","Morocco","X","Export","0","W00","World","0","W00","World","GG","GG","true","-2","ALL","0","false","C00","TOTAL CPC","0","0","TOTAL MOT","-1","n/a",,"true","-1","n/a",,"false","41380387064.150986","true","0","false","0","29688625138.343056","29688625138.343056","0","false","true",
"C","A","20000101","2000","52","2000","508","MOZ","Mozambique","X","Export","0","W00","World","0","W00","World","GG","GG","true","-2","ALL","0","false","C00","TOTAL CPC","0","0","TOTAL MOT","-1","n/a",,"true","-1","n/a",,"false","618928817","true",,"false",,"1455848012","1455848012","0","true","false",
"C","A","20000101","2000","52","2000","512","OMN","Oman","X","Export","0","W00","World","0","W00","World","GG","GG","true","-2","ALL","0","false","C00","TOTAL CPC","0","0","TOTAL MOT","-1","n/a",,"true","-1","n/a",,"false","98675144524","true",,"false",,"45272263028","45272263028","0","false","false",
"C","A","20000101","2000","52","2000","516","NAM","Namibia","X","Export","0","W00","World","0","W00","World","GG","GG","true","-2","ALL","0","false","C00","TOTAL CPC","0","0","TOTAL MOT","-1","n/a",,"true","-1","n/a",,"false","2852345044","false",,"false",,"5269097971","5269097971","0","false","false",
"C","A","20000101","2000","52","2000","524","NPL","Nepal","X","Export","0","W00","World","0","W00","World","GG","GG","true","-2","ALL","0","false","C00","TOTAL CPC","0","0","TOTAL MOT","-1","n/a",,"false","-1","n/a",,"false","5789888","false",,"false",,"2835095807","2835095807","0","false","false",
"C","A","20000101","2000","52","2000","528","NLD","Netherlands","X","Export","0","W00","World","0","W00","World","GG","GG","true","-2","ALL","0","false","C00","TOTAL CPC","0","0","TOTAL MOT","-1","n/a",,"true","-1","n/a",,"false","396087454862","true",,"false",,"853697614146","853697614146","0","false","false",
"C","A","20000101","2000","52","2000","533","ABW","Aruba","X","Export","0","W00","World","0","W00","World","GG","GG","true","-2","ALL","0","false","C00","TOTAL CPC","0","0","TOTAL MOT","-1","n/a",,"false","-1","n/a",,"false","89988230","false",,"false",,"691996371","691996371","0","false","false",
"C","A","20000101","2000","52","2000","540","NCL","New Caledonia","X","Export","0","W00","World","0","W00","World","GG","GG","true","-2","ALL","0","false","C00","TOTAL CPC","0","0","TOTAL MOT","-1","n/a",,"false","-1","n/a",,"false","66617378591","false",,"false",,"2541908705","2541908705","0","true","false",
"C","A","20000101","2000","52","2000","548","VUT","Vanuatu","X","Export","0","W00","World","0","W00","World","GG","GG","true","-2","ALL","0","false","C00","TOTAL CPC","0","0","TOTAL MOT","-1","n/a",,"false","-1","n/a",,"false","45690275","false",,"false",,"93311846","93311846","0","false","false",
"C","A","20000101","2000","52","2000","554","NZL","New Zealand","X","Export","0","W00","World","0","W00","World","GG","GG","true","-2","ALL","0","false","C00","TOTAL CPC","0","0","TOTAL MOT","-1","n/a",,"true","-1","n/a",,"false","43977752303","true",,"false",,"53189705681","53189705681","0","false","false",
"C","A","20000101","2000","52","2000","558","NIC","Nicaragua","X","Export","0","W00","World","0","W00","World","GG","GG","true","-2","ALL","0","false","C00","TOTAL CPC","0","0","TOTAL MOT","-1","n/a",,"true","-1","n/a",,"false","1354856545","true",,"false",,"2517404562","2517404562","0","false","false",
"C","A","20000101","2000","52","2000","562","NER","Niger","X","Export","0","W00","World","0","W00","World","GG","GG","true","-2","ALL","0","false","C00","TOTAL CPC","0","0","TOTAL MOT","-1","n/a",,"true","-1","n/a",,"false","506887252","false",,"false",,"896152113","896152113","0","false","false",
"C","A","20000101","2000","52","2000","566","NGA","Nigeria","X","Export","0","W00","World","0","W00","World","GG","GG","true","-2","ALL","0","false","C00","TOTAL CPC","0","0","TOTAL MOT","-1","n/a",,"true","-1","n/a",,"false","861288596","false",,"false",,"108320070728","108320070728","0","false","false",
"C","A","20000101","2000","52","2000","579","NOR","Norway","X","Export","0","W00","World","0","W00","World","GG","GG","true","-2","ALL","0","false","C00","TOTAL CPC","0","0","TOTAL MOT","-1","n/a",,"true","-1","n/a",,"false","436452561513.37286","true","0","false","0","241348177837.70593","241348177837.70593","0","false","true",
"C","A","20000101","2000","52","2000","591","PAN","Panama","X","Export","0","W00","World","0","W00","World","GG","GG","true","-2","ALL","0","false","C00","TOTAL CPC","0","0","TOTAL MOT","-1","n/a",,"true","-1","n/a",,"false","2395398108","false",,"false",,"3116301724","3116301724","0","false","false",
"C","A","20000101","2000","52","2000","598","PNG","Papua New Guinea","X","Export","0","W00","World","0","W00","World","GG","GG","true","-2","ALL","0","false","C00","TOTAL CPC","0","0","TOTAL MOT","-1","n/a",,"true","-1","n/a",,"false","2202179507","true",,"false",,"9629365030","9629365030","0","true","false",
"C","A","20000101","2000","52","2000","600","PRY","Paraguay","X","Export","0","W00","World","0","W00","World","GG","GG","true","-2","ALL","0","false","C00","TOTAL CPC","0","0","TOTAL MOT","-1","n/a",,"true","-1","n/a",,"false","6792031348.358","true","0","false","0","8800351620","8800351620","0","false","true",
"C","A","20000101","2000","52","2000","604","PER","Peru","X","Export","0","W00","World","0","W00","World","GG","GG","true","-2","ALL","0","false","C00","TOTAL CPC","0","0","TOTAL MOT","-1","n/a",,"true","-1","n/a",,"false","26199696056","true",,"false",,"25289684388","25289684388","0","false","false",
"C","A","20000101","2000","52","2000","608","PHL","Philippines","X","Export","0","W00","World","0","W00","World","GG","GG","true","-2","ALL","0","false","C00","TOTAL CPC","0","0","TOTAL MOT","-1","n/a",,"true","-1","n/a",,"false","36443869268","true",,"false",,"152312999176","152312999176","0","false","false",
"C","A","20000101","2000","52","2000","616","POL","Poland","X","Export","0","W00","World","0","W00","World","GG","GG","true","-2","ALL","0","false","C00","TOTAL CPC","0","0","TOTAL MOT","-1","n/a",,"true","-1","n/a",,"false","126983891004","true",,"false",,"123822708000","123822708000","0","false","false",
"C","A","20000101","2000","52","2000","620","PRT","Portugal","X","Export","0","W00","World","0","W00","World","GG","GG","true","-2","ALL","0","false","C00","TOTAL CPC","0","0","TOTAL MOT","-1","n/a",,"true","-1","n/a",,"false","32824696643","true",,"false",,"97310671044","97310671044","0","false","false",
"C","A","20000101","2000","52","2000","634","QAT","Qatar","X","Export","0","W00","World","0","W00","World","GG","GG","true","-2","ALL","0","false","C00","TOTAL CPC","0","0","TOTAL MOT","-1","n/a",,"false","-1","n/a",,"false","106993480915","false",,"false",,"35387836088","35387836088","0","false","false",
"C","A","20000101","2000","52","2000","642","ROU","Romania","X","Export","0","W00","World","0","W00","World","GG","GG","true","-2","ALL","0","false","C00","TOTAL CPC","0","0","TOTAL MOT","-1","n/a",,"true","-1","n/a",,"false","36043602767.56206","true","0","false","0","41466085131.03999","41466085131.03999","0","false","true",
"C","A","20000101","2000","52","2000","643","RUS","Russian Federation","X","Export","0","W00","World","0","W00","World","GG","GG","true","-2","ALL","0","false","C00","TOTAL CPC","0","0","TOTAL MOT","-1","n/a",,"true","-1","n/a",,"false","1058021492528","true",,"false",,"412370993669","412370993669","0","false","false",
"C","A","20000101","2000","52","2000","659","KNA","Saint Kitts and Nevis","X","Export","0","W00","World","0","W00","World","GG","GG","true","-2","ALL","0","false","C00","TOTAL CPC","0","0","TOTAL MOT","-1","n/a",,"true","-1","n/a",,"false","32620822","false",,"false",,"130319933","130319933","0","false","false",
"C","A","20000101","2000","52","2000","660","AIA","Anguilla","X","Export","0","W00","World","0","W00","World","GG","GG","true","-2","ALL","0","false","C00","TOTAL CPC","0","0","TOTAL MOT","-1","n/a",,"true","-1","n/a",,"false","5185255","true",,"false",,"16005185","16005185","0","true","false",
"C","A","20000101","2000","52","2000","662","LCA","Saint Lucia","X","Export","0","W00","World","0","W00","World","GG","GG","true","-2","ALL","0","false","C00","TOTAL CPC","0","0","TOTAL MOT","-1","n/a",,"true","-1","n/a",,"false","120056596","false",,"false",,"173466553","173466553","0","false","false",
"C","A","20000101","2000","52","2000","670","VCT","Saint Vincent and the Grenadines","X","Export","0","W00","World","0","W00","World","GG","GG","true","-2","ALL","0","false","C00","TOTAL CPC","0","0","TOTAL MOT","-1","n/a",,"true","-1","n/a",,"false","173246450","true",,"false",,"202360638","202360638","0","false","false",
"C","A","20000101","2000","52","2000","678","STP","Sao Tome and Principe","X","Export","0","W00","World","0","W00","World","GG","GG","true","-2","ALL","0","false","C00","TOTAL CPC","0","0","TOTAL MOT","-1","n/a",,"true","-1","n/a",,"false","11459098","false",,"false",,"11054583","11054583","0","false","false",
"C","A","20000101","2000","52","2000","682","SAU","Saudi Arabia","X","Export","0","W00","World","0","W00","World","GG","GG","true","-2","ALL","0","false","C00","TOTAL CPC","0","0","TOTAL MOT","-1","n/a",,"true","-1","n/a",,"false","765093778711","true",,"false",,"308817205166","308817205166","0","false","false",
"C","A","20000101","2000","52","2000","686","SEN","Senegal","X","Export","0","W00","World","0","W00","World","GG","GG","true","-2","ALL","0","false","C00","TOTAL CPC","0","0","TOTAL MOT","-1","n/a",,"true","-1","n/a",,"false","4252529666","false",,"false",,"2773387157","2773387157","0","false","false",
"C","A","20000101","2000","52","2000","690","SYC","Seychelles","X","Export","0","W00","World","0","W00","World","GG","GG","true","-2","ALL","0","false","C00","TOTAL CPC","0","0","TOTAL MOT","-1","n/a",,"true","-1","n/a",,"false","606570658","true",,"false",,"774716609","774716609","0","true","false",
"C","A","20000101","2000","52","2000","694","SLE","Sierra Leone","X","Export","0","W00","World","0","W00","World","GG","GG","true","-2","ALL","0","false","C00","TOTAL CPC","0","0","TOTAL MOT","-1","n/a",,"true","-1","n/a",,"false","26568134","false",,"false",,"52131315","52131315","0","true","false",
"C","A","20000101","2000","52","2000","699","IND","India","X","Export","0","W00","World","0","W00","World","GG","GG","true","-2","ALL","0","false","C00","TOTAL CPC","0","0","TOTAL MOT","-1","n/a",,"true","-1","n/a",,"false","161863679633","true",,"false",,"169432384639","169432384639","0","false","false",
"C","A","20000101","2000","52","2000","702","SGP","Singapore","X","Export","0","W00","World","0","W00","World","GG","GG","true","-2","ALL","0","false","C00","TOTAL CPC","0","0","TOTAL MOT","-1","n/a",,"true","-1","n/a",,"false","108756550684","true",,"false",,"551222881114","551222881114","0","false","false",
"C","A","20000101","2000","52","2000","703","SVK","Slovakia","X","Export","0","W00","World","0","W00","World","GG","GG","true","-2","ALL","0","false","C00","TOTAL CPC","0","0","TOTAL MOT","-1","n/a",,"true","-1","n/a",,"false","40427664592","false",,"false",,"47538190064","47538190064","0","false","false",
"C","A","20000101","2000","52","2000","704","VNM","Viet Nam","X","Export","0","W00","World","0","W00","World","GG","GG","true","-2","ALL","0","false","C00","TOTAL CPC","0","0","TOTAL MOT","-1","n/a",,"true","-1","n/a",,"false","52746112561","true",,"false",,"57930972000","57930972000","0","false","false",
"C","A","20000101","2000","52","2000","705","SVN","Slovenia","X","Export","0","W00","World","0","W00","World","GG","GG","true","-2","ALL","0","false","C00","TOTAL CPC","0","0","TOTAL MOT","-1","n/a",,"true","-1","n/a",,"false","15117199101","true",,"false",,"34928580500","34928580500","0","false","false",
"C","A","20000101","2000","52","2000","710","ZAF","South Africa","X","Export","0","W00","World","0","W00","World","GG","GG","true","-2","ALL","0","false","C00","TOTAL CPC","0","0","TOTAL MOT","-1","n/a",,"true","-1","n/a",,"false","271263826383","true",,"false",,"105191807550","105191807550","0","false","false",
"C","A","20000101","2000","52","2000","716","ZWE","Zimbabwe","X","Export","0","W00","World","0","W00","World","GG","GG","true","-2","ALL","0","false","C00","TOTAL CPC","0","0","TOTAL MOT","-1","n/a",,"true","-1","n/a",,"false","4889274719.527003","true","0","false",,"6428210102.680006","6428210102.680006","0","false","true",
"C","A","20000101","2000","52","2000","724","ESP","Spain","X","Export","0","W00","World","0","W00","World","GG","GG","true","-2","ALL","0","false","C00","TOTAL CPC","0","0","TOTAL MOT","-1","n/a",,"true","-1","n/a",,"false","158855919830.88388","true","0","false","0","457344030903.2186","457344030903.2186","0","false","true",
"C","A","20000101","2000","52","2000","736","SDN","Sudan (...2011)","X","Export","0","W00","World","0","W00","World","GG","GG","true","-2","ALL","0","false","C00","TOTAL CPC","0","0","TOTAL MOT","-1","n/a",,"true","-1","n/a",,"false","13233212605","false","0","false","0","7595788581.309003","7595788581.309003","0","false","true",
"C","A","20000101","2000","52","2000","740","SUR","Suriname","X","Export","0","W00","World","0","W00","World","GG","GG","true","-2","ALL","0","false","C00","TOTAL CPC","0","0","TOTAL MOT","-1","n/a",,"true","-1","n/a",,"false","196501116","true",,"false",,"2027902582","2027902582","0","true","false",
"C","A","20000101","2000","52","2000","748","SWZ","Eswatini","X","Export","0","W00","World","0","W00","World","GG","GG","true","-2","ALL","0","false","C00","TOTAL CPC","0","0","TOTAL MOT","-1","n/a",,"true","-1","n/a",,"false","1527865464","true",,"false",,"3557252284","3557252284","0","false","false",
"C","A","20000101","2000","52","2000","752","SWE","Sweden","X","Export","0","W00","World","0","W00","World","GG","GG","true","-2","ALL","0","false","C00","TOTAL CPC","0","0","TOTAL MOT","-1","n/a",,"true","-1","n/a",,"false","143504199462","true",,"false",,"347749443475","347749443475","0","false","false",
"C","A","20000101","2000","52","2000","757","CHE","Switzerland","X","Export","0","W00","World","0","W00","World","GG","GG","true","-2","ALL","0","false","C00","TOTAL CPC","0","0","TOTAL MOT","-1","n/a",,"true","-1","n/a",,"false","19275204992.00499","true","0","false","0","369547578707.1873","369547578707.1873","0","false","true",
"C","A","20000101","2000","52","2000","762","TJK","Tajikistan","X","Export","0","W00","World","0","W00","World","GG","GG","true","-2","ALL","0","false","C00","TOTAL CPC","0","0","TOTAL MOT","-1","n/a",,"false","-1","n/a",,"false",,"false",,"false",,"2077038000","2077038000","0","false","false",
"C","A","20000101","2000","52","2000","764","THA","Thailand","X","Export","0","W00","World","0","W00","World","GG","GG","true","-2","ALL","0","false","C00","TOTAL CPC","0","0","TOTAL MOT","-1","n/a",,"true","-1","n/a",,"false","147000142558","true",,"false",,"275275958307","275275958307","0","false","false",
"C","A","20000101","2000","52","2000","768","TGO","Togo","X","Export","0","W00","World","0","W00","World","GG","GG","true","-2","ALL","0","false","C00","TOTAL CPC","0","0","TOTAL MOT","-1","n/a",,"true","-1","n/a",,"false","4284051884","true",,"false",,"767955417","767955417","0","false","false",
"C","A","20000101","2000","52","2000","776","TON","Tonga","X","Export","0","W00","World","0","W00","World","GG","GG","true","-2","ALL","0","false","C00","TOTAL CPC","0","0","TOTAL MOT","-1","n/a",,"true","-1","n/a",,"false","30049346","true",,"false",,"35605989","35605989","0","true","false",
"C","A","20000101","2000","52","2000","780","TTO","Trinidad and Tobago","X","Export","0","W00","World","0","W00","World","GG","GG","true","-2","ALL","0","false","C00","TOTAL CPC","0","0","TOTAL MOT","-1","n/a",,"true","-1","n/a",,"false","30995737065","true",,"false",,"17094787473","17094787473","0","false","false",
"C","A","20000101","2000","52","2000","784","ARE","United Arab Emirates","X","Export","0","W00","World","0","W00","World","GG","GG","true","-2","ALL","0","false","C00","TOTAL CPC","0","0","TOTAL MOT","-1","n/a",,"false","-1","n/a",,"false","14502501653","false",,"false",,"150879557101","150879557101","0","false","false",
"C","A","20000101","2000","52","2000","788","TUN","Tunisia","X","Export","0","W00","World","0","W00","World","GG","GG","true","-2","ALL","0","false","C00","TOTAL CPC","0","0","TOTAL MOT","-1","n/a",,"true","-1","n/a",,"false","20954445284","true",,"false",,"23400103241","23400103241","0","false","false",
"C","A","20000101","2000","52","2000","792","TUR","Türkiye","X","Export","0","W00","World","0","W00","World","GG","GG","true","-2","ALL","0","false","C00","TOTAL CPC","0","0","TOTAL MOT","-1","n/a",,"true","-1","n/a",,"false","67701405400.886","true","0","false","0","111099624180","111099624180","0","false","true",
"C","A","20000101","2000","52","2000","795","TKM","Turkmenistan","X","Export","0","W00","World","0","W00","World","GG","GG","true","-2","ALL","0","false","C00","TOTAL CPC","0","0","TOTAL MOT","-1","n/a",,"true","-1","n/a",,"false","24550141172","true",,"false",,"10022182176","10022182176","0","false","false",
"C","A","20000101","2000","52","2000","796","TCA","Turks and Caicos Isds","X","Export","0","W00","World","0","W00","World","GG","GG","true","-2","ALL","0","false","C00","TOTAL CPC","0","0","TOTAL MOT","-1","n/a",,"false","-1","n/a",,"false",,"false",,"false",,"35377052","35377052","0","true","false",
"C","A","20000101","2000","52","2000","800","UGA","Uganda","X","Export","0","W00","World","0","W00","World","GG","GG","true","-2","ALL","0","false","C00","TOTAL CPC","0","0","TOTAL MOT","-1","n/a",,"true","-1","n/a",,"false","704125746","true",,"false",,"1611294089","1611294089","0","false","false",
"C","A","20000101","2000","52","2000","804","UKR","Ukraine","X","Export","0","W00","World","0","W00","World","GG","GG","true","-2","ALL","0","false","C00","TOTAL CPC","0","0","TOTAL MOT","-1","n/a",,"true","-1","n/a",,"false","170366641548","false",,"false",,"58290200560","58290200560","0","true","false",
"C","A","20000101","2000","52","2000","807","MKD","North Macedonia","X","Export","0","W00","World","0","W00","World","GG","GG","true","-2","ALL","0","false","C00","TOTAL CPC","0","0","TOTAL MOT","-1","n/a",,"true","-1","n/a",,"false","5300919115.311997","true","0","false","0","5290467513.879982","5290467513.879982","0","false","true",
"C","A","20000101","2000","52","2000","818","EGY","Egypt","X","Export","0","W00","World","0","W00","World","GG","GG","true","-2","ALL","0","false","C00","TOTAL CPC","0","0","TOTAL MOT","-1","n/a",,"true","-1","n/a",,"false","19764895181.922997","true","0","false","0","18841082097.850998","18841082097.850998","0","false","true",
"C","A","20000101","2000","52","2000","826","GBR","United Kingdom","X","Export","0","W00","World","0","W00","World","GG","GG","true","-2","ALL","0","false","C00","TOTAL CPC","0","0","TOTAL MOT","-1","n/a",,"true","-1","n/a",,"false","394300107840","true",,"false",,"1179596186372","1179596186372","0","false","false",
"C","A","20000101","2000","52","2000","834","TZA","United Rep. of Tanzania","X","Export","0","W00","World","0","W00","World","GG","GG","true","-2","ALL","0","false","C00","TOTAL CPC","0","0","TOTAL MOT","-1","n/a",,"true","-1","n/a",,"false","769681295","true",,"false",,"2623362674","2623362674","0","false","false",
"C","A","20000101","2000","52","2000","842","USA","USA","X","Export","0","W00","World","0","W00","World","GG","GG","true","-2","ALL","0","false","C00","TOTAL CPC","0","0","TOTAL MOT","-1","n/a",,"true","-1","n/a",,"false","360897430110","true",,"false",,"3127322691372","3127322691372","0","false","false",
"C","A","20000101","2000","52","2000","854","BFA","Burkina Faso","X","Export","0","W00","World","0","W00","World","GG","GG","true","-2","ALL","0","false","C00","TOTAL CPC","0","0","TOTAL MOT","-1","n/a",,"true","-1","n/a",,"false","701733306","false",,"false",,"735651528","735651528","0","false","false",
"C","A","20000101","2000","52","2000","858","URY","Uruguay","X","Export","0","W00","World","0","W00","World","GG","GG","true","-2","ALL","0","false","C00","TOTAL CPC","0","0","TOTAL MOT","-1","n/a",,"true","-1","n/a",,"false","6524703069","true",,"false",,"9181602720","9181602720","0","false","false",
"C","A","20000101","2000","52","2000","862","VEN","Venezuela","X","Export","0","W00","World","0","W00","World","GG","GG","true","-2","ALL","0","false","C00","TOTAL CPC","0","0","TOTAL MOT","-1","n/a",,"true","-1","n/a",,"false","112804091162","true",,"false",,"123792438752","123792438752","0","false","false",
"C","A","20000101","2000","52","2000","891","SCG","Serbia and Montenegro (...2005)","X","Export","0","W00","World","0","W00","World","GG","GG","true","-2","ALL","0","false","C00","TOTAL CPC","0","0","TOTAL MOT","-1","n/a",,"true","-1","n/a",,"false","6439157484","true",,"false",,"6844296000","6844296000","0","false","false",
"C","A","20000101","2000","52","2000","894","ZMB","Zambia","X","Export","0","W00","World","0","W00","World","GG","GG","true","-2","ALL","0","false","C00","TOTAL CPC","0","0","TOTAL MOT","-1","n/a",,"true","-1","n/a",,"false","2705849148.489","true","0","false","0","3550268380","3550268380","0","false","true",
