_id,pais_de_origen,sector_subsector_rama,anio,trimestre,fecha,millones_de_dolares,fn_millones_de_dolares
290125,Alemania,"11 Agricultura, cría y explotación de animales, aprovechamiento forestal, pesca y caza",2015,1,2015-03-01,C,
265678,Otros países,"11 Agricultura, cría y explotación de animales, aprovechamiento forestal, pesca y caza",2014,1,2014-03-01,0,0.0
264662,Singapur,"11 Agricultura, cría y explotación de animales, aprovechamiento forestal, pesca y caza",2014,1,2014-03-01,0,0.0
263915,Perú,"11 Agricultura, cría y explotación de animales, aprovechamiento forestal, pesca y caza",2014,1,2014-03-01,0,0.0
263715,Panamá,"11 Agricultura, cría y explotación de animales, aprovechamiento forestal, pesca y caza",2014,1,2014-03-01,C,
262633,Italia,"11 Agricultura, cría y explotación de animales, aprovechamiento forestal, pesca y caza",2014,1,2014-03-01,0,0.0
262486,Israel,"11 Agricultura, cría y explotación de animales, aprovechamiento forestal, pesca y caza",2014,1,2014-03-01,0,0.0
261498,Federación de Rusia,"11 Agricultura, cría y explotación de animales, aprovechamiento forestal, pesca y caza",2014,1,2014-03-01,0,0.0
260336,Costa Rica,"11 Agricultura, cría y explotación de animales, aprovechamiento forestal, pesca y caza",2014,1,2014-03-01,0,0.0
259413,Chile,"11 Agricultura, cría y explotación de animales, aprovechamiento forestal, pesca y caza",2014,1,2014-03-01,0,0.0
258408,Australia,"11 Agricultura, cría y explotación de animales, aprovechamiento forestal, pesca y caza",2014,1,2014-03-01,0,0.0
97228,Australia,"11 Agricultura, cría y explotación de animales, aprovechamiento forestal, pesca y caza",2009,1,2009-03-01,0,0.0
98233,Chile,"11 Agricultura, cría y explotación de animales, aprovechamiento forestal, pesca y caza",2009,1,2009-03-01,0,0.0
98444,"China, República Popular de","11 Agricultura, cría y explotación de animales, aprovechamiento forestal, pesca y caza",2009,1,2009-03-01,0,0.0
98929,"Corea, República de","11 Agricultura, cría y explotación de animales, aprovechamiento forestal, pesca y caza",2009,1,2009-03-01,0,0.0
99156,Costa Rica,"11 Agricultura, cría y explotación de animales, aprovechamiento forestal, pesca y caza",2009,1,2009-03-01,0,0.0
258159,Argentina,"11 Agricultura, cría y explotación de animales, aprovechamiento forestal, pesca y caza",2014,1,2014-03-01,C,
519001,Estados Unidos de América,"11 Agricultura, cría y explotación de animales, aprovechamiento forestal, pesca y caza",2022,1,2022-03-01,68.849778052001497,68.8497780520015
518665,España,"11 Agricultura, cría y explotación de animales, aprovechamiento forestal, pesca y caza",2022,1,2022-03-01,C,
231143,Nueva Zelandia,"11 Agricultura, cría y explotación de animales, aprovechamiento forestal, pesca y caza",2013,1,2013-03-01,0,0.0
230010,India,"11 Agricultura, cría y explotación de animales, aprovechamiento forestal, pesca y caza",2013,1,2013-03-01,0,0.0
229455,Francia,"11 Agricultura, cría y explotación de animales, aprovechamiento forestal, pesca y caza",2013,1,2013-03-01,0,0.0
518224,Costa Rica,"11 Agricultura, cría y explotación de animales, aprovechamiento forestal, pesca y caza",2022,1,2022-03-01,0,0.0
423141,Guatemala,"11 Agricultura, cría y explotación de animales, aprovechamiento forestal, pesca y caza",2019,1,2019-03-01,0,0.0
228877,Estados Unidos de América,"11 Agricultura, cría y explotación de animales, aprovechamiento forestal, pesca y caza",2013,1,2013-03-01,20.980713809999997,20.98071381
228541,España,"11 Agricultura, cría y explotación de animales, aprovechamiento forestal, pesca y caza",2013,1,2013-03-01,C,
422293,Estados Unidos de América,"11 Agricultura, cría y explotación de animales, aprovechamiento forestal, pesca y caza",2019,1,2019-03-01,4.1310903599999911,4.131090359999991
228100,Costa Rica,"11 Agricultura, cría y explotación de animales, aprovechamiento forestal, pesca y caza",2013,1,2013-03-01,0,0.0
227618,Colombia,"11 Agricultura, cría y explotación de animales, aprovechamiento forestal, pesca y caza",2013,1,2013-03-01,0,0.0
227177,Chile,"11 Agricultura, cría y explotación de animales, aprovechamiento forestal, pesca y caza",2013,1,2013-03-01,0,0.0
233205,"Venezuela, República Bolivariana de","11 Agricultura, cría y explotación de animales, aprovechamiento forestal, pesca y caza",2013,1,2013-03-01,0,0.0
226429,Bélgica,"11 Agricultura, cría y explotación de animales, aprovechamiento forestal, pesca y caza",2013,1,2013-03-01,0,0.0
232744,Suiza,"11 Agricultura, cría y explotación de animales, aprovechamiento forestal, pesca y caza",2013,1,2013-03-01,0,0.0
225923,Argentina,"11 Agricultura, cría y explotación de animales, aprovechamiento forestal, pesca y caza",2013,1,2013-03-01,C,
99597,España,"11 Agricultura, cría y explotación de animales, aprovechamiento forestal, pesca y caza",2009,1,2009-03-01,C,
100511,Francia,"11 Agricultura, cría y explotación de animales, aprovechamiento forestal, pesca y caza",2009,1,2009-03-01,0,0.0
101711,Japón,"11 Agricultura, cría y explotación de animales, aprovechamiento forestal, pesca y caza",2009,1,2009-03-01,0,0.0
102735,Perú,"11 Agricultura, cría y explotación de animales, aprovechamiento forestal, pesca y caza",2009,1,2009-03-01,0,0.0
102916,Polonia,"11 Agricultura, cría y explotación de animales, aprovechamiento forestal, pesca y caza",2009,1,2009-03-01,0,0.0
103800,Suiza,"11 Agricultura, cría y explotación de animales, aprovechamiento forestal, pesca y caza",2009,1,2009-03-01,C,
777,Bélgica,"11 Agricultura, cría y explotación de animales, aprovechamiento forestal, pesca y caza",2006,1,2006-03-01,0,0.0
271,Argentina,"11 Agricultura, cría y explotación de animales, aprovechamiento forestal, pesca y caza",2006,1,2006-03-01,0,0.0
938,Belice,"11 Agricultura, cría y explotación de animales, aprovechamiento forestal, pesca y caza",2006,1,2006-03-01,0,0.0
990,Brasil,"11 Agricultura, cría y explotación de animales, aprovechamiento forestal, pesca y caza",2006,1,2006-03-01,0,0.0
1525,Chile,"11 Agricultura, cría y explotación de animales, aprovechamiento forestal, pesca y caza",2006,1,2006-03-01,0,0.0
231679,Perú,"11 Agricultura, cría y explotación de animales, aprovechamiento forestal, pesca y caza",2013,1,2013-03-01,C,
231479,Panamá,"11 Agricultura, cría y explotación de animales, aprovechamiento forestal, pesca y caza",2013,1,2013-03-01,0,0.0
200969,"Venezuela, República Bolivariana de","11 Agricultura, cría y explotación de animales, aprovechamiento forestal, pesca y caza",2012,1,2012-03-01,0,0.0
200831,Uruguay,"11 Agricultura, cría y explotación de animales, aprovechamiento forestal, pesca y caza",2012,1,2012-03-01,0,0.0
199624,Polonia,"11 Agricultura, cría y explotación de animales, aprovechamiento forestal, pesca y caza",2012,1,2012-03-01,0,0.0
197489,Guatemala,"11 Agricultura, cría y explotación de animales, aprovechamiento forestal, pesca y caza",2012,1,2012-03-01,0,0.0
196641,Estados Unidos de América,"11 Agricultura, cría y explotación de animales, aprovechamiento forestal, pesca y caza",2012,1,2012-03-01,20.823296729999999,20.82329673
196305,España,"11 Agricultura, cría y explotación de animales, aprovechamiento forestal, pesca y caza",2012,1,2012-03-01,C,
195382,Colombia,"11 Agricultura, cría y explotación de animales, aprovechamiento forestal, pesca y caza",2012,1,2012-03-01,0,0.0
194406,Brasil,"11 Agricultura, cría y explotación de animales, aprovechamiento forestal, pesca y caza",2012,1,2012-03-01,C,
194354,Belice,"11 Agricultura, cría y explotación de animales, aprovechamiento forestal, pesca y caza",2012,1,2012-03-01,0,0.0
194193,Bélgica,"11 Agricultura, cría y explotación de animales, aprovechamiento forestal, pesca y caza",2012,1,2012-03-01,0,0.0
168970,Otros países,"11 Agricultura, cría y explotación de animales, aprovechamiento forestal, pesca y caza",2011,1,2011-03-01,0,0.0
167622,Reino Unido de la Gran Bretaña e Irlanda del Norte,"11 Agricultura, cría y explotación de animales, aprovechamiento forestal, pesca y caza",2011,1,2011-03-01,0,0.0
167388,Polonia,"11 Agricultura, cría y explotación de animales, aprovechamiento forestal, pesca y caza",2011,1,2011-03-01,0,0.0
166747,Países Bajos,"11 Agricultura, cría y explotación de animales, aprovechamiento forestal, pesca y caza",2011,1,2011-03-01,C,
166671,Nueva Zelandia,"11 Agricultura, cría y explotación de animales, aprovechamiento forestal, pesca y caza",2011,1,2011-03-01,0,0.0
128945,Alemania,"11 Agricultura, cría y explotación de animales, aprovechamiento forestal, pesca y caza",2010,1,2010-03-01,0,0.0
129215,Argentina,"11 Agricultura, cría y explotación de animales, aprovechamiento forestal, pesca y caza",2010,1,2010-03-01,0,0.0
130156,Canadá,"11 Agricultura, cría y explotación de animales, aprovechamiento forestal, pesca y caza",2010,1,2010-03-01,0,0.0
131165,"Corea, República de","11 Agricultura, cría y explotación de animales, aprovechamiento forestal, pesca y caza",2010,1,2010-03-01,0,0.0
131392,Costa Rica,"11 Agricultura, cría y explotación de animales, aprovechamiento forestal, pesca y caza",2010,1,2010-03-01,0,0.0
133017,Guatemala,"11 Agricultura, cría y explotación de animales, aprovechamiento forestal, pesca y caza",2010,1,2010-03-01,0,0.0
135152,Polonia,"11 Agricultura, cría y explotación de animales, aprovechamiento forestal, pesca y caza",2010,1,2010-03-01,0,0.0
135386,Reino Unido de la Gran Bretaña e Irlanda del Norte,"11 Agricultura, cría y explotación de animales, aprovechamiento forestal, pesca y caza",2010,1,2010-03-01,0,0.0
136359,Uruguay,"11 Agricultura, cría y explotación de animales, aprovechamiento forestal, pesca y caza",2010,1,2010-03-01,C,
136497,"Venezuela, República Bolivariana de","11 Agricultura, cría y explotación de animales, aprovechamiento forestal, pesca y caza",2010,1,2010-03-01,0,0.0
1966,Colombia,"11 Agricultura, cría y explotación de animales, aprovechamiento forestal, pesca y caza",2006,1,2006-03-01,0,0.0
421289,"Corea, República de","11 Agricultura, cría y explotación de animales, aprovechamiento forestal, pesca y caza",2019,1,2019-03-01,0,0.0
3610,Federación de Rusia,"11 Agricultura, cría y explotación de animales, aprovechamiento forestal, pesca y caza",2006,1,2006-03-01,0,0.0
421034,Colombia,"11 Agricultura, cría y explotación de animales, aprovechamiento forestal, pesca y caza",2019,1,2019-03-01,0,0.0
4073,Guatemala,"11 Agricultura, cría y explotación de animales, aprovechamiento forestal, pesca y caza",2006,1,2006-03-01,0,0.0
420058,Brasil,"11 Agricultura, cría y explotación de animales, aprovechamiento forestal, pesca y caza",2019,1,2019-03-01,C,
4745,Italia,"11 Agricultura, cría y explotación de animales, aprovechamiento forestal, pesca y caza",2006,1,2006-03-01,C,
517301,Chile,"11 Agricultura, cría y explotación de animales, aprovechamiento forestal, pesca y caza",2022,1,2022-03-01,0,0.0
516714,Belice,"11 Agricultura, cría y explotación de animales, aprovechamiento forestal, pesca y caza",2022,1,2022-03-01,0,0.0
6027,Perú,"11 Agricultura, cría y explotación de animales, aprovechamiento forestal, pesca y caza",2006,1,2006-03-01,0,0.0
520779,Japón,"11 Agricultura, cría y explotación de animales, aprovechamiento forestal, pesca y caza",2022,1,2022-03-01,0,0.0
165778,Israel,"11 Agricultura, cría y explotación de animales, aprovechamiento forestal, pesca y caza",2011,1,2011-03-01,0,0.0
420006,Belice,"11 Agricultura, cría y explotación de animales, aprovechamiento forestal, pesca y caza",2019,1,2019-03-01,0,0.0
165666,Irlanda,"11 Agricultura, cría y explotación de animales, aprovechamiento forestal, pesca y caza",2011,1,2011-03-01,0,0.0
165538,India,"11 Agricultura, cría y explotación de animales, aprovechamiento forestal, pesca y caza",2011,1,2011-03-01,0,0.0
163628,Costa Rica,"11 Agricultura, cría y explotación de animales, aprovechamiento forestal, pesca y caza",2011,1,2011-03-01,0,0.0
163401,"Corea, República de","11 Agricultura, cría y explotación de animales, aprovechamiento forestal, pesca y caza",2011,1,2011-03-01,0,0.0
162392,Canadá,"11 Agricultura, cría y explotación de animales, aprovechamiento forestal, pesca y caza",2011,1,2011-03-01,C,
161451,Argentina,"11 Agricultura, cría y explotación de animales, aprovechamiento forestal, pesca y caza",2011,1,2011-03-01,0,0.0
161181,Alemania,"11 Agricultura, cría y explotación de animales, aprovechamiento forestal, pesca y caza",2011,1,2011-03-01,0,0.0
7092,Suiza,"11 Agricultura, cría y explotación de animales, aprovechamiento forestal, pesca y caza",2006,1,2006-03-01,0,0.0
419069,Alemania,"11 Agricultura, cría y explotación de animales, aprovechamiento forestal, pesca y caza",2019,1,2019-03-01,0,0.0
394622,Otros países,"11 Agricultura, cría y explotación de animales, aprovechamiento forestal, pesca y caza",2018,1,2018-03-01,0,0.0
490955,Uruguay,"11 Agricultura, cría y explotación de animales, aprovechamiento forestal, pesca y caza",2021,1,2021-03-01,0,0.0
7790,Otros países,"11 Agricultura, cría y explotación de animales, aprovechamiento forestal, pesca y caza",2006,1,2006-03-01,0,0.0
393606,Singapur,"11 Agricultura, cría y explotación de animales, aprovechamiento forestal, pesca y caza",2018,1,2018-03-01,0,0.0
490314,Singapur,"11 Agricultura, cría y explotación de animales, aprovechamiento forestal, pesca y caza",2021,1,2021-03-01,0,0.0
489982,Reino Unido de la Gran Bretaña e Irlanda del Norte,"11 Agricultura, cría y explotación de animales, aprovechamiento forestal, pesca y caza",2021,1,2021-03-01,0,0.0
487613,Guatemala,"11 Agricultura, cría y explotación de animales, aprovechamiento forestal, pesca y caza",2021,1,2021-03-01,0,0.0
486765,Estados Unidos de América,"11 Agricultura, cría y explotación de animales, aprovechamiento forestal, pesca y caza",2021,1,2021-03-01,54.728043019999987,54.728043019999994
485506,Colombia,"11 Agricultura, cría y explotación de animales, aprovechamiento forestal, pesca y caza",2021,1,2021-03-01,0,0.0
484530,Brasil,"11 Agricultura, cría y explotación de animales, aprovechamiento forestal, pesca y caza",2021,1,2021-03-01,C,
484478,Belice,"11 Agricultura, cría y explotación de animales, aprovechamiento forestal, pesca y caza",2021,1,2021-03-01,0,0.0
392659,Panamá,"11 Agricultura, cría y explotación de animales, aprovechamiento forestal, pesca y caza",2018,1,2018-03-01,0,0.0
392399,Países Bajos,"11 Agricultura, cría y explotación de animales, aprovechamiento forestal, pesca y caza",2018,1,2018-03-01,0,0.0
391577,Italia,"11 Agricultura, cría y explotación de animales, aprovechamiento forestal, pesca y caza",2018,1,2018-03-01,0,0.0
580249,Alemania,"11 Agricultura, cría y explotación de animales, aprovechamiento forestal, pesca y caza",2024,1,2024-03-01,0,0.0
581186,Belice,"11 Agricultura, cría y explotación de animales, aprovechamiento forestal, pesca y caza",2024,1,2024-03-01,0,0.0
581238,Brasil,"11 Agricultura, cría y explotación de animales, aprovechamiento forestal, pesca y caza",2024,1,2024-03-01,C,
582214,Colombia,"11 Agricultura, cría y explotación de animales, aprovechamiento forestal, pesca y caza",2024,1,2024-03-01,0,0.0
582469,"Corea, República de","11 Agricultura, cría y explotación de animales, aprovechamiento forestal, pesca y caza",2024,1,2024-03-01,0,0.0
583473,Estados Unidos de América,"11 Agricultura, cría y explotación de animales, aprovechamiento forestal, pesca y caza",2024,1,2024-03-01,163.41568223905742,163.41568223905742
584321,Guatemala,"11 Agricultura, cría y explotación de animales, aprovechamiento forestal, pesca y caza",2024,1,2024-03-01,0,0.0
584606,India,"11 Agricultura, cría y explotación de animales, aprovechamiento forestal, pesca y caza",2024,1,2024-03-01,0,0.0
585739,Nueva Zelandia,"11 Agricultura, cría y explotación de animales, aprovechamiento forestal, pesca y caza",2024,1,2024-03-01,0,0.0
586690,Reino Unido de la Gran Bretaña e Irlanda del Norte,"11 Agricultura, cría y explotación de animales, aprovechamiento forestal, pesca y caza",2024,1,2024-03-01,0,0.0
587663,Uruguay,"11 Agricultura, cría y explotación de animales, aprovechamiento forestal, pesca y caza",2024,1,2024-03-01,0,0.0
587801,"Venezuela, República Bolivariana de","11 Agricultura, cría y explotación de animales, aprovechamiento forestal, pesca y caza",2024,1,2024-03-01,0,0.0
484317,Bélgica,"11 Agricultura, cría y explotación de animales, aprovechamiento forestal, pesca y caza",2021,1,2021-03-01,0,0.0
521267,Nueva Zelandia,"11 Agricultura, cría y explotación de animales, aprovechamiento forestal, pesca y caza",2022,1,2022-03-01,0,0.0
516296,Australia,"11 Agricultura, cría y explotación de animales, aprovechamiento forestal, pesca y caza",2022,1,2022-03-01,0,0.0
458857,"Venezuela, República Bolivariana de","11 Agricultura, cría y explotación de animales, aprovechamiento forestal, pesca y caza",2020,1,2020-03-01,0,0.0
521343,Países Bajos,"11 Agricultura, cría y explotación de animales, aprovechamiento forestal, pesca y caza",2022,1,2022-03-01,0,0.0
521803,Perú,"11 Agricultura, cría y explotación de animales, aprovechamiento forestal, pesca y caza",2022,1,2022-03-01,0,0.0
458719,Uruguay,"11 Agricultura, cría y explotación de animales, aprovechamiento forestal, pesca y caza",2020,1,2020-03-01,0,0.0
457746,Reino Unido de la Gran Bretaña e Irlanda del Norte,"11 Agricultura, cría y explotación de animales, aprovechamiento forestal, pesca y caza",2020,1,2020-03-01,0,0.0
455377,Guatemala,"11 Agricultura, cría y explotación de animales, aprovechamiento forestal, pesca y caza",2020,1,2020-03-01,0,0.0
454529,Estados Unidos de América,"11 Agricultura, cría y explotación de animales, aprovechamiento forestal, pesca y caza",2020,1,2020-03-01,11.150085960000004,11.150085960000004
391430,Israel,"11 Agricultura, cría y explotación de animales, aprovechamiento forestal, pesca y caza",2018,1,2018-03-01,0,0.0
391318,Irlanda,"11 Agricultura, cría y explotación de animales, aprovechamiento forestal, pesca y caza",2018,1,2018-03-01,0,0.0
390442,Federación de Rusia,"11 Agricultura, cría y explotación de animales, aprovechamiento forestal, pesca y caza",2018,1,2018-03-01,0,0.0
389280,Costa Rica,"11 Agricultura, cría y explotación de animales, aprovechamiento forestal, pesca y caza",2018,1,2018-03-01,0,0.0
388357,Chile,"11 Agricultura, cría y explotación de animales, aprovechamiento forestal, pesca y caza",2018,1,2018-03-01,C,
388044,Canadá,"11 Agricultura, cría y explotación de animales, aprovechamiento forestal, pesca y caza",2018,1,2018-03-01,C,
387103,Argentina,"11 Agricultura, cría y explotación de animales, aprovechamiento forestal, pesca y caza",2018,1,2018-03-01,0,0.0
362386,Otros países,"11 Agricultura, cría y explotación de animales, aprovechamiento forestal, pesca y caza",2017,1,2017-03-01,0,0.0
361370,Singapur,"11 Agricultura, cría y explotación de animales, aprovechamiento forestal, pesca y caza",2017,1,2017-03-01,0,0.0
360423,Panamá,"11 Agricultura, cría y explotación de animales, aprovechamiento forestal, pesca y caza",2017,1,2017-03-01,0,0.0
453270,Colombia,"11 Agricultura, cría y explotación de animales, aprovechamiento forestal, pesca y caza",2020,1,2020-03-01,0,0.0
452294,Brasil,"11 Agricultura, cría y explotación de animales, aprovechamiento forestal, pesca y caza",2020,1,2020-03-01,C,
360163,Países Bajos,"11 Agricultura, cría y explotación de animales, aprovechamiento forestal, pesca y caza",2017,1,2017-03-01,0,0.0
359194,Israel,"11 Agricultura, cría y explotación de animales, aprovechamiento forestal, pesca y caza",2017,1,2017-03-01,0,0.0
359082,Irlanda,"11 Agricultura, cría y explotación de animales, aprovechamiento forestal, pesca y caza",2017,1,2017-03-01,0,0.0
358954,India,"11 Agricultura, cría y explotación de animales, aprovechamiento forestal, pesca y caza",2017,1,2017-03-01,0,0.0
357044,Costa Rica,"11 Agricultura, cría y explotación de animales, aprovechamiento forestal, pesca y caza",2017,1,2017-03-01,0,0.0
356817,"Corea, República de","11 Agricultura, cría y explotación de animales, aprovechamiento forestal, pesca y caza",2017,1,2017-03-01,0,0.0
355808,Canadá,"11 Agricultura, cría y explotación de animales, aprovechamiento forestal, pesca y caza",2017,1,2017-03-01,0,0.0
354867,Argentina,"11 Agricultura, cría y explotación de animales, aprovechamiento forestal, pesca y caza",2017,1,2017-03-01,0,0.0
354597,Alemania,"11 Agricultura, cría y explotación de animales, aprovechamiento forestal, pesca y caza",2017,1,2017-03-01,0,0.0
329452,Suiza,"11 Agricultura, cría y explotación de animales, aprovechamiento forestal, pesca y caza",2016,1,2016-03-01,C,
32507,Argentina,"11 Agricultura, cría y explotación de animales, aprovechamiento forestal, pesca y caza",2007,1,2007-03-01,0,0.0
33448,Canadá,"11 Agricultura, cría y explotación de animales, aprovechamiento forestal, pesca y caza",2007,1,2007-03-01,0.0042650000000000006,0.004265
33761,Chile,"11 Agricultura, cría y explotación de animales, aprovechamiento forestal, pesca y caza",2007,1,2007-03-01,0,0.0
34684,Costa Rica,"11 Agricultura, cría y explotación de animales, aprovechamiento forestal, pesca y caza",2007,1,2007-03-01,0,0.0
35846,Federación de Rusia,"11 Agricultura, cría y explotación de animales, aprovechamiento forestal, pesca y caza",2007,1,2007-03-01,0,0.0
36722,Irlanda,"11 Agricultura, cría y explotación de animales, aprovechamiento forestal, pesca y caza",2007,1,2007-03-01,0,0.0
36834,Israel,"11 Agricultura, cría y explotación de animales, aprovechamiento forestal, pesca y caza",2007,1,2007-03-01,C,
36981,Italia,"11 Agricultura, cría y explotación de animales, aprovechamiento forestal, pesca y caza",2007,1,2007-03-01,0,0.0
37803,Países Bajos,"11 Agricultura, cría y explotación de animales, aprovechamiento forestal, pesca y caza",2007,1,2007-03-01,C,
38063,Panamá,"11 Agricultura, cría y explotación de animales, aprovechamiento forestal, pesca y caza",2007,1,2007-03-01,0,0.0
39010,Singapur,"11 Agricultura, cría y explotación de animales, aprovechamiento forestal, pesca y caza",2007,1,2007-03-01,0,0.0
40026,Otros países,"11 Agricultura, cría y explotación de animales, aprovechamiento forestal, pesca y caza",2007,1,2007-03-01,0,0.0
452242,Belice,"11 Agricultura, cría y explotación de animales, aprovechamiento forestal, pesca y caza",2020,1,2020-03-01,0,0.0
452081,Bélgica,"11 Agricultura, cría y explotación de animales, aprovechamiento forestal, pesca y caza",2020,1,2020-03-01,0,0.0
548283,Argentina,"11 Agricultura, cría y explotación de animales, aprovechamiento forestal, pesca y caza",2023,1,2023-03-01,0,0.0
426160,Suiza,"11 Agricultura, cría y explotación de animales, aprovechamiento forestal, pesca y caza",2019,1,2019-03-01,0,0.0
548789,Bélgica,"11 Agricultura, cría y explotación de animales, aprovechamiento forestal, pesca y caza",2023,1,2023-03-01,0,0.0
425510,Reino Unido de la Gran Bretaña e Irlanda del Norte,"11 Agricultura, cría y explotación de animales, aprovechamiento forestal, pesca y caza",2019,1,2019-03-01,0,0.0
424559,Nueva Zelandia,"11 Agricultura, cría y explotación de animales, aprovechamiento forestal, pesca y caza",2019,1,2019-03-01,0,0.0
423426,India,"11 Agricultura, cría y explotación de animales, aprovechamiento forestal, pesca y caza",2019,1,2019-03-01,0,0.0
549748,"China, República Popular de","11 Agricultura, cría y explotación de animales, aprovechamiento forestal, pesca y caza",2023,1,2023-03-01,0,0.0
328387,Perú,"11 Agricultura, cría y explotación de animales, aprovechamiento forestal, pesca y caza",2016,1,2016-03-01,0,0.0
328187,Panamá,"11 Agricultura, cría y explotación de animales, aprovechamiento forestal, pesca y caza",2016,1,2016-03-01,0,0.0
327363,Japón,"11 Agricultura, cría y explotación de animales, aprovechamiento forestal, pesca y caza",2016,1,2016-03-01,0,0.0
327105,Italia,"11 Agricultura, cría y explotación de animales, aprovechamiento forestal, pesca y caza",2016,1,2016-03-01,0,0.0
326163,Francia,"11 Agricultura, cría y explotación de animales, aprovechamiento forestal, pesca y caza",2016,1,2016-03-01,0,0.0
325970,Federación de Rusia,"11 Agricultura, cría y explotación de animales, aprovechamiento forestal, pesca y caza",2016,1,2016-03-01,0,0.0
324096,"China, República Popular de","11 Agricultura, cría y explotación de animales, aprovechamiento forestal, pesca y caza",2016,1,2016-03-01,0,0.0
323885,Chile,"11 Agricultura, cría y explotación de animales, aprovechamiento forestal, pesca y caza",2016,1,2016-03-01,0,0.0
322880,Australia,"11 Agricultura, cría y explotación de animales, aprovechamiento forestal, pesca y caza",2016,1,2016-03-01,0,0.0
322631,Argentina,"11 Agricultura, cría y explotación de animales, aprovechamiento forestal, pesca y caza",2016,1,2016-03-01,0,0.0
297914,Otros países,"11 Agricultura, cría y explotación de animales, aprovechamiento forestal, pesca y caza",2015,1,2015-03-01,C,
297677,"Venezuela, República Bolivariana de","11 Agricultura, cría y explotación de animales, aprovechamiento forestal, pesca y caza",2015,1,2015-03-01,0,0.0
295691,Países Bajos,"11 Agricultura, cría y explotación de animales, aprovechamiento forestal, pesca y caza",2015,1,2015-03-01,0,0.0
295615,Nueva Zelandia,"11 Agricultura, cría y explotación de animales, aprovechamiento forestal, pesca y caza",2015,1,2015-03-01,0,0.0
294610,Irlanda,"11 Agricultura, cría y explotación de animales, aprovechamiento forestal, pesca y caza",2015,1,2015-03-01,0,0.0
294482,India,"11 Agricultura, cría y explotación de animales, aprovechamiento forestal, pesca y caza",2015,1,2015-03-01,0,0.0
293349,Estados Unidos de América,"11 Agricultura, cría y explotación de animales, aprovechamiento forestal, pesca y caza",2015,1,2015-03-01,93.465573510000027,93.46557351000001
292345,"Corea, República de","11 Agricultura, cría y explotación de animales, aprovechamiento forestal, pesca y caza",2015,1,2015-03-01,0,0.0
291336,Canadá,"11 Agricultura, cría y explotación de animales, aprovechamiento forestal, pesca y caza",2015,1,2015-03-01,C,
291114,Brasil,"11 Agricultura, cría y explotación de animales, aprovechamiento forestal, pesca y caza",2015,1,2015-03-01,C,
65249,Bélgica,"11 Agricultura, cría y explotación de animales, aprovechamiento forestal, pesca y caza",2008,1,2008-03-01,0,0.0
65410,Belice,"11 Agricultura, cría y explotación de animales, aprovechamiento forestal, pesca y caza",2008,1,2008-03-01,0,0.0
65462,Brasil,"11 Agricultura, cría y explotación de animales, aprovechamiento forestal, pesca y caza",2008,1,2008-03-01,C,
66438,Colombia,"11 Agricultura, cría y explotación de animales, aprovechamiento forestal, pesca y caza",2008,1,2008-03-01,0,0.0
67697,Estados Unidos de América,"11 Agricultura, cría y explotación de animales, aprovechamiento forestal, pesca y caza",2008,1,2008-03-01,10.421140000000003,10.421140000000005
68545,Guatemala,"11 Agricultura, cría y explotación de animales, aprovechamiento forestal, pesca y caza",2008,1,2008-03-01,0,0.0
68830,India,"11 Agricultura, cría y explotación de animales, aprovechamiento forestal, pesca y caza",2008,1,2008-03-01,0,0.0
69963,Nueva Zelandia,"11 Agricultura, cría y explotación de animales, aprovechamiento forestal, pesca y caza",2008,1,2008-03-01,0,0.0
70914,Reino Unido de la Gran Bretaña e Irlanda del Norte,"11 Agricultura, cría y explotación de animales, aprovechamiento forestal, pesca y caza",2008,1,2008-03-01,C,
71564,Suiza,"11 Agricultura, cría y explotación de animales, aprovechamiento forestal, pesca y caza",2008,1,2008-03-01,C,
550233,"Corea, República de","11 Agricultura, cría y explotación de animales, aprovechamiento forestal, pesca y caza",2023,1,2023-03-01,0,0.0
551237,Estados Unidos de América,"11 Agricultura, cría y explotación de animales, aprovechamiento forestal, pesca y caza",2023,1,2023-03-01,13.889852551751437,13.889852551751437
552370,India,"11 Agricultura, cría y explotación de animales, aprovechamiento forestal, pesca y caza",2023,1,2023-03-01,0,0.0
552498,Irlanda,"11 Agricultura, cría y explotación de animales, aprovechamiento forestal, pesca y caza",2023,1,2023-03-01,0,0.0
553503,Nueva Zelandia,"11 Agricultura, cría y explotación de animales, aprovechamiento forestal, pesca y caza",2023,1,2023-03-01,0,0.0
553579,Países Bajos,"11 Agricultura, cría y explotación de animales, aprovechamiento forestal, pesca y caza",2023,1,2023-03-01,0,0.0
554454,Reino Unido de la Gran Bretaña e Irlanda del Norte,"11 Agricultura, cría y explotación de animales, aprovechamiento forestal, pesca y caza",2023,1,2023-03-01,C,
555104,Suiza,"11 Agricultura, cría y explotación de animales, aprovechamiento forestal, pesca y caza",2023,1,2023-03-01,0,0.0
521984,Polonia,"11 Agricultura, cría y explotación de animales, aprovechamiento forestal, pesca y caza",2022,1,2022-03-01,0,0.0
516047,Argentina,"11 Agricultura, cría y explotación de animales, aprovechamiento forestal, pesca y caza",2022,1,2022-03-01,0,0.0
522868,Suiza,"11 Agricultura, cría y explotación de animales, aprovechamiento forestal, pesca y caza",2022,1,2022-03-01,0,0.0
523329,"Venezuela, República Bolivariana de","11 Agricultura, cría y explotación de animales, aprovechamiento forestal, pesca y caza",2022,1,2022-03-01,0,0.0
523566,Otros países,"11 Agricultura, cría y explotación de animales, aprovechamiento forestal, pesca y caza",2022,1,2022-03-01,0,0.0
226590,Belice,"11 Agricultura, cría y explotación de animales, aprovechamiento forestal, pesca y caza",2013,1,2013-03-01,0,0.0
226642,Brasil,"11 Agricultura, cría y explotación de animales, aprovechamiento forestal, pesca y caza",2013,1,2013-03-01,C,
227873,"Corea, República de","11 Agricultura, cría y explotación de animales, aprovechamiento forestal, pesca y caza",2013,1,2013-03-01,0,0.0
229262,Federación de Rusia,"11 Agricultura, cría y explotación de animales, aprovechamiento forestal, pesca y caza",2013,1,2013-03-01,0,0.0
229725,Guatemala,"11 Agricultura, cría y explotación de animales, aprovechamiento forestal, pesca y caza",2013,1,2013-03-01,0,0.0
230397,Italia,"11 Agricultura, cría y explotación de animales, aprovechamiento forestal, pesca y caza",2013,1,2013-03-01,0,0.0
487343,Francia,"11 Agricultura, cría y explotación de animales, aprovechamiento forestal, pesca y caza",2021,1,2021-03-01,0,0.0
580768,Australia,"11 Agricultura, cría y explotación de animales, aprovechamiento forestal, pesca y caza",2024,1,2024-03-01,0,0.0
581025,Bélgica,"11 Agricultura, cría y explotación de animales, aprovechamiento forestal, pesca y caza",2024,1,2024-03-01,0,0.0
581984,"China, República Popular de","11 Agricultura, cría y explotación de animales, aprovechamiento forestal, pesca y caza",2024,1,2024-03-01,0,0.0
583137,España,"11 Agricultura, cría y explotación de animales, aprovechamiento forestal, pesca y caza",2024,1,2024-03-01,0,0.0
584051,Francia,"11 Agricultura, cría y explotación de animales, aprovechamiento forestal, pesca y caza",2024,1,2024-03-01,0,0.0
585251,Japón,"11 Agricultura, cría y explotación de animales, aprovechamiento forestal, pesca y caza",2024,1,2024-03-01,0,0.0
586275,Perú,"11 Agricultura, cría y explotación de animales, aprovechamiento forestal, pesca y caza",2024,1,2024-03-01,C,
361688,Suiza,"11 Agricultura, cría y explotación de animales, aprovechamiento forestal, pesca y caza",2017,1,2017-03-01,C,
360804,Polonia,"11 Agricultura, cría y explotación de animales, aprovechamiento forestal, pesca y caza",2017,1,2017-03-01,0,0.0
360623,Perú,"11 Agricultura, cría y explotación de animales, aprovechamiento forestal, pesca y caza",2017,1,2017-03-01,0,0.0
359599,Japón,"11 Agricultura, cría y explotación de animales, aprovechamiento forestal, pesca y caza",2017,1,2017-03-01,0,0.0
359341,Italia,"11 Agricultura, cría y explotación de animales, aprovechamiento forestal, pesca y caza",2017,1,2017-03-01,0,0.0
358399,Francia,"11 Agricultura, cría y explotación de animales, aprovechamiento forestal, pesca y caza",2017,1,2017-03-01,0,0.0
358206,Federación de Rusia,"11 Agricultura, cría y explotación de animales, aprovechamiento forestal, pesca y caza",2017,1,2017-03-01,0,0.0
357485,España,"11 Agricultura, cría y explotación de animales, aprovechamiento forestal, pesca y caza",2017,1,2017-03-01,0,0.0
258665,Bélgica,"11 Agricultura, cría y explotación de animales, aprovechamiento forestal, pesca y caza",2014,1,2014-03-01,0,0.0
259624,"China, República Popular de","11 Agricultura, cría y explotación de animales, aprovechamiento forestal, pesca y caza",2014,1,2014-03-01,0,0.0
259854,Colombia,"11 Agricultura, cría y explotación de animales, aprovechamiento forestal, pesca y caza",2014,1,2014-03-01,C,
260777,España,"11 Agricultura, cría y explotación de animales, aprovechamiento forestal, pesca y caza",2014,1,2014-03-01,C,
261691,Francia,"11 Agricultura, cría y explotación de animales, aprovechamiento forestal, pesca y caza",2014,1,2014-03-01,0,0.0
261961,Guatemala,"11 Agricultura, cría y explotación de animales, aprovechamiento forestal, pesca y caza",2014,1,2014-03-01,0,0.0
262891,Japón,"11 Agricultura, cría y explotación de animales, aprovechamiento forestal, pesca y caza",2014,1,2014-03-01,0,0.0
264096,Polonia,"11 Agricultura, cría y explotación de animales, aprovechamiento forestal, pesca y caza",2014,1,2014-03-01,0,0.0
264980,Suiza,"11 Agricultura, cría y explotación de animales, aprovechamiento forestal, pesca y caza",2014,1,2014-03-01,0,0.0
265303,Uruguay,"11 Agricultura, cría y explotación de animales, aprovechamiento forestal, pesca y caza",2014,1,2014-03-01,0,0.0
586456,Polonia,"11 Agricultura, cría y explotación de animales, aprovechamiento forestal, pesca y caza",2024,1,2024-03-01,0,0.0
587340,Suiza,"11 Agricultura, cría y explotación de animales, aprovechamiento forestal, pesca y caza",2024,1,2024-03-01,0,0.0
356332,"China, República Popular de","11 Agricultura, cría y explotación de animales, aprovechamiento forestal, pesca y caza",2017,1,2017-03-01,0,0.0
356121,Chile,"11 Agricultura, cría y explotación de animales, aprovechamiento forestal, pesca y caza",2017,1,2017-03-01,C,
355116,Australia,"11 Agricultura, cría y explotación de animales, aprovechamiento forestal, pesca y caza",2017,1,2017-03-01,0,0.0
290395,Argentina,"11 Agricultura, cría y explotación de animales, aprovechamiento forestal, pesca y caza",2015,1,2015-03-01,0,0.0
290644,Australia,"11 Agricultura, cría y explotación de animales, aprovechamiento forestal, pesca y caza",2015,1,2015-03-01,0,0.0
291649,Chile,"11 Agricultura, cría y explotación de animales, aprovechamiento forestal, pesca y caza",2015,1,2015-03-01,C,
292572,Costa Rica,"11 Agricultura, cría y explotación de animales, aprovechamiento forestal, pesca y caza",2015,1,2015-03-01,0,0.0
293734,Federación de Rusia,"11 Agricultura, cría y explotación de animales, aprovechamiento forestal, pesca y caza",2015,1,2015-03-01,0,0.0
293927,Francia,"11 Agricultura, cría y explotación de animales, aprovechamiento forestal, pesca y caza",2015,1,2015-03-01,0,0.0
294722,Israel,"11 Agricultura, cría y explotación de animales, aprovechamiento forestal, pesca y caza",2015,1,2015-03-01,0,0.0
294869,Italia,"11 Agricultura, cría y explotación de animales, aprovechamiento forestal, pesca y caza",2015,1,2015-03-01,C,
295951,Panamá,"11 Agricultura, cría y explotación de animales, aprovechamiento forestal, pesca y caza",2015,1,2015-03-01,0,0.0
296151,Perú,"11 Agricultura, cría y explotación de animales, aprovechamiento forestal, pesca y caza",2015,1,2015-03-01,0,0.0
296898,Singapur,"11 Agricultura, cría y explotación de animales, aprovechamiento forestal, pesca y caza",2015,1,2015-03-01,0,0.0
297216,Suiza,"11 Agricultura, cría y explotación de animales, aprovechamiento forestal, pesca y caza",2015,1,2015-03-01,0,0.0
519849,Guatemala,"11 Agricultura, cría y explotación de animales, aprovechamiento forestal, pesca y caza",2022,1,2022-03-01,0,0.0
519579,Francia,"11 Agricultura, cría y explotación de animales, aprovechamiento forestal, pesca y caza",2022,1,2022-03-01,0,0.0
519386,Federación de Rusia,"11 Agricultura, cría y explotación de animales, aprovechamiento forestal, pesca y caza",2022,1,2022-03-01,0,0.0
517742,Colombia,"11 Agricultura, cría y explotación de animales, aprovechamiento forestal, pesca y caza",2022,1,2022-03-01,0,0.0
516988,Canadá,"11 Agricultura, cría y explotación de animales, aprovechamiento forestal, pesca y caza",2022,1,2022-03-01,C,
516553,Bélgica,"11 Agricultura, cría y explotación de animales, aprovechamiento forestal, pesca y caza",2022,1,2022-03-01,0,0.0
330150,Otros países,"11 Agricultura, cría y explotación de animales, aprovechamiento forestal, pesca y caza",2016,1,2016-03-01,0,0.0
329134,Singapur,"11 Agricultura, cría y explotación de animales, aprovechamiento forestal, pesca y caza",2016,1,2016-03-01,0,0.0
327927,Países Bajos,"11 Agricultura, cría y explotación de animales, aprovechamiento forestal, pesca y caza",2016,1,2016-03-01,0,0.0
327851,Nueva Zelandia,"11 Agricultura, cría y explotación de animales, aprovechamiento forestal, pesca y caza",2016,1,2016-03-01,0,0.0
322361,Alemania,"11 Agricultura, cría y explotación de animales, aprovechamiento forestal, pesca y caza",2016,1,2016-03-01,0,0.0
323572,Canadá,"11 Agricultura, cría y explotación de animales, aprovechamiento forestal, pesca y caza",2016,1,2016-03-01,C,
324581,"Corea, República de","11 Agricultura, cría y explotación de animales, aprovechamiento forestal, pesca y caza",2016,1,2016-03-01,0,0.0
324808,Costa Rica,"11 Agricultura, cría y explotación de animales, aprovechamiento forestal, pesca y caza",2016,1,2016-03-01,0,0.0
325585,Estados Unidos de América,"11 Agricultura, cría y explotación de animales, aprovechamiento forestal, pesca y caza",2016,1,2016-03-01,45.168890910000002,45.16889091
326718,India,"11 Agricultura, cría y explotación de animales, aprovechamiento forestal, pesca y caza",2016,1,2016-03-01,0,0.0
326846,Irlanda,"11 Agricultura, cría y explotación de animales, aprovechamiento forestal, pesca y caza",2016,1,2016-03-01,0,0.0
326958,Israel,"11 Agricultura, cría y explotación de animales, aprovechamiento forestal, pesca y caza",2016,1,2016-03-01,C,
515777,Alemania,"11 Agricultura, cría y explotación de animales, aprovechamiento forestal, pesca y caza",2022,1,2022-03-01,0,0.0
487150,Federación de Rusia,"11 Agricultura, cría y explotación de animales, aprovechamiento forestal, pesca y caza",2021,1,2021-03-01,0,0.0
486429,España,"11 Agricultura, cría y explotación de animales, aprovechamiento forestal, pesca y caza",2021,1,2021-03-01,C,
485276,"China, República Popular de","11 Agricultura, cría y explotación de animales, aprovechamiento forestal, pesca y caza",2021,1,2021-03-01,0,0.0
485065,Chile,"11 Agricultura, cría y explotación de animales, aprovechamiento forestal, pesca y caza",2021,1,2021-03-01,0,0.0
484060,Australia,"11 Agricultura, cría y explotación de animales, aprovechamiento forestal, pesca y caza",2021,1,2021-03-01,0,0.0
32237,Alemania,"11 Agricultura, cría y explotación de animales, aprovechamiento forestal, pesca y caza",2007,1,2007-03-01,0,0.0
33174,Belice,"11 Agricultura, cría y explotación de animales, aprovechamiento forestal, pesca y caza",2007,1,2007-03-01,0,0.0
33226,Brasil,"11 Agricultura, cría y explotación de animales, aprovechamiento forestal, pesca y caza",2007,1,2007-03-01,C,
34202,Colombia,"11 Agricultura, cría y explotación de animales, aprovechamiento forestal, pesca y caza",2007,1,2007-03-01,0,0.0
34457,"Corea, República de","11 Agricultura, cría y explotación de animales, aprovechamiento forestal, pesca y caza",2007,1,2007-03-01,0,0.0
35461,Estados Unidos de América,"11 Agricultura, cría y explotación de animales, aprovechamiento forestal, pesca y caza",2007,1,2007-03-01,-9.8755359999999985,-9.875535999999999
36309,Guatemala,"11 Agricultura, cría y explotación de animales, aprovechamiento forestal, pesca y caza",2007,1,2007-03-01,0,0.0
36594,India,"11 Agricultura, cría y explotación de animales, aprovechamiento forestal, pesca y caza",2007,1,2007-03-01,0,0.0
37727,Nueva Zelandia,"11 Agricultura, cría y explotación de animales, aprovechamiento forestal, pesca y caza",2007,1,2007-03-01,0,0.0
38678,Reino Unido de la Gran Bretaña e Irlanda del Norte,"11 Agricultura, cría y explotación de animales, aprovechamiento forestal, pesca y caza",2007,1,2007-03-01,C,
39651,Uruguay,"11 Agricultura, cría y explotación de animales, aprovechamiento forestal, pesca y caza",2007,1,2007-03-01,0,0.0
39789,"Venezuela, República Bolivariana de","11 Agricultura, cría y explotación de animales, aprovechamiento forestal, pesca y caza",2007,1,2007-03-01,0,0.0
523191,Uruguay,"11 Agricultura, cría y explotación de animales, aprovechamiento forestal, pesca y caza",2022,1,2022-03-01,0,0.0
548013,Alemania,"11 Agricultura, cría y explotación de animales, aprovechamiento forestal, pesca y caza",2023,1,2023-03-01,0,0.0
549224,Canadá,"11 Agricultura, cría y explotación de animales, aprovechamiento forestal, pesca y caza",2023,1,2023-03-01,C,
458396,Suiza,"11 Agricultura, cría y explotación de animales, aprovechamiento forestal, pesca y caza",2020,1,2020-03-01,C,
457512,Polonia,"11 Agricultura, cría y explotación de animales, aprovechamiento forestal, pesca y caza",2020,1,2020-03-01,0,0.0
457331,Perú,"11 Agricultura, cría y explotación de animales, aprovechamiento forestal, pesca y caza",2020,1,2020-03-01,0,0.0
456307,Japón,"11 Agricultura, cría y explotación de animales, aprovechamiento forestal, pesca y caza",2020,1,2020-03-01,C,
456049,Italia,"11 Agricultura, cría y explotación de animales, aprovechamiento forestal, pesca y caza",2020,1,2020-03-01,0,0.0
64992,Australia,"11 Agricultura, cría y explotación de animales, aprovechamiento forestal, pesca y caza",2008,1,2008-03-01,0,0.0
65997,Chile,"11 Agricultura, cría y explotación de animales, aprovechamiento forestal, pesca y caza",2008,1,2008-03-01,C,
66208,"China, República Popular de","11 Agricultura, cría y explotación de animales, aprovechamiento forestal, pesca y caza",2008,1,2008-03-01,0,0.0
67361,España,"11 Agricultura, cría y explotación de animales, aprovechamiento forestal, pesca y caza",2008,1,2008-03-01,C,
68275,Francia,"11 Agricultura, cría y explotación de animales, aprovechamiento forestal, pesca y caza",2008,1,2008-03-01,0,0.0
69475,Japón,"11 Agricultura, cría y explotación de animales, aprovechamiento forestal, pesca y caza",2008,1,2008-03-01,0,0.0
70499,Perú,"11 Agricultura, cría y explotación de animales, aprovechamiento forestal, pesca y caza",2008,1,2008-03-01,0,0.0
70680,Polonia,"11 Agricultura, cría y explotación de animales, aprovechamiento forestal, pesca y caza",2008,1,2008-03-01,0,0.0
71887,Uruguay,"11 Agricultura, cría y explotación de animales, aprovechamiento forestal, pesca y caza",2008,1,2008-03-01,0,0.0
72025,"Venezuela, República Bolivariana de","11 Agricultura, cría y explotación de animales, aprovechamiento forestal, pesca y caza",2008,1,2008-03-01,0,0.0
455107,Francia,"11 Agricultura, cría y explotación de animales, aprovechamiento forestal, pesca y caza",2020,1,2020-03-01,0,0.0
454914,Federación de Rusia,"11 Agricultura, cría y explotación de animales, aprovechamiento forestal, pesca y caza",2020,1,2020-03-01,0,0.0
454193,España,"11 Agricultura, cría y explotación de animales, aprovechamiento forestal, pesca y caza",2020,1,2020-03-01,C,
453040,"China, República Popular de","11 Agricultura, cría y explotación de animales, aprovechamiento forestal, pesca y caza",2020,1,2020-03-01,C,
452829,Chile,"11 Agricultura, cría y explotación de animales, aprovechamiento forestal, pesca y caza",2020,1,2020-03-01,0,0.0
451824,Australia,"11 Agricultura, cría y explotación de animales, aprovechamiento forestal, pesca y caza",2020,1,2020-03-01,0,0.0
97485,Bélgica,"11 Agricultura, cría y explotación de animales, aprovechamiento forestal, pesca y caza",2009,1,2009-03-01,0,0.0
97646,Belice,"11 Agricultura, cría y explotación de animales, aprovechamiento forestal, pesca y caza",2009,1,2009-03-01,0,0.0
97698,Brasil,"11 Agricultura, cría y explotación de animales, aprovechamiento forestal, pesca y caza",2009,1,2009-03-01,0,0.0
98674,Colombia,"11 Agricultura, cría y explotación de animales, aprovechamiento forestal, pesca y caza",2009,1,2009-03-01,0,0.0
550901,España,"11 Agricultura, cría y explotación de animales, aprovechamiento forestal, pesca y caza",2023,1,2023-03-01,0,0.0
551622,Federación de Rusia,"11 Agricultura, cría y explotación de animales, aprovechamiento forestal, pesca y caza",2023,1,2023-03-01,0,0.0
552610,Israel,"11 Agricultura, cría y explotación de animales, aprovechamiento forestal, pesca y caza",2023,1,2023-03-01,0,0.0
552757,Italia,"11 Agricultura, cría y explotación de animales, aprovechamiento forestal, pesca y caza",2023,1,2023-03-01,0,0.0
553839,Panamá,"11 Agricultura, cría y explotación de animales, aprovechamiento forestal, pesca y caza",2023,1,2023-03-01,C,
554786,Singapur,"11 Agricultura, cría y explotación de animales, aprovechamiento forestal, pesca y caza",2023,1,2023-03-01,0,0.0
555802,Otros países,"11 Agricultura, cría y explotación de animales, aprovechamiento forestal, pesca y caza",2023,1,2023-03-01,0,0.0
1,Alemania,"11 Agricultura, cría y explotación de animales, aprovechamiento forestal, pesca y caza",2006,1,2006-03-01,0,0.0
99933,Estados Unidos de América,"11 Agricultura, cría y explotación de animales, aprovechamiento forestal, pesca y caza",2009,1,2009-03-01,-3.4897132800000001,-3.48971328
100318,Federación de Rusia,"11 Agricultura, cría y explotación de animales, aprovechamiento forestal, pesca y caza",2009,1,2009-03-01,0,0.0
101194,Irlanda,"11 Agricultura, cría y explotación de animales, aprovechamiento forestal, pesca y caza",2009,1,2009-03-01,0,0.0
101306,Israel,"11 Agricultura, cría y explotación de animales, aprovechamiento forestal, pesca y caza",2009,1,2009-03-01,0,0.0
101453,Italia,"11 Agricultura, cría y explotación de animales, aprovechamiento forestal, pesca y caza",2009,1,2009-03-01,0,0.0
102275,Países Bajos,"11 Agricultura, cría y explotación de animales, aprovechamiento forestal, pesca y caza",2009,1,2009-03-01,C,
102535,Panamá,"11 Agricultura, cría y explotación de animales, aprovechamiento forestal, pesca y caza",2009,1,2009-03-01,0,0.0
103482,Singapur,"11 Agricultura, cría y explotación de animales, aprovechamiento forestal, pesca y caza",2009,1,2009-03-01,0,0.0
104498,Otros países,"11 Agricultura, cría y explotación de animales, aprovechamiento forestal, pesca y caza",2009,1,2009-03-01,0,0.0
1212,Canadá,"11 Agricultura, cría y explotación de animales, aprovechamiento forestal, pesca y caza",2006,1,2006-03-01,0,0.0
520262,Irlanda,"11 Agricultura, cría y explotación de animales, aprovechamiento forestal, pesca y caza",2022,1,2022-03-01,0,0.0
2448,Costa Rica,"11 Agricultura, cría y explotación de animales, aprovechamiento forestal, pesca y caza",2006,1,2006-03-01,0,0.0
520374,Israel,"11 Agricultura, cría y explotación de animales, aprovechamiento forestal, pesca y caza",2022,1,2022-03-01,0,0.0
426858,Otros países,"11 Agricultura, cría y explotación de animales, aprovechamiento forestal, pesca y caza",2019,1,2019-03-01,0,0.0
425842,Singapur,"11 Agricultura, cría y explotación de animales, aprovechamiento forestal, pesca y caza",2019,1,2019-03-01,0,0.0
424895,Panamá,"11 Agricultura, cría y explotación de animales, aprovechamiento forestal, pesca y caza",2019,1,2019-03-01,C,
424635,Países Bajos,"11 Agricultura, cría y explotación de animales, aprovechamiento forestal, pesca y caza",2019,1,2019-03-01,0,0.0
423813,Italia,"11 Agricultura, cría y explotación de animales, aprovechamiento forestal, pesca y caza",2019,1,2019-03-01,0,0.0
423666,Israel,"11 Agricultura, cría y explotación de animales, aprovechamiento forestal, pesca y caza",2019,1,2019-03-01,0,0.0
129721,Bélgica,"11 Agricultura, cría y explotación de animales, aprovechamiento forestal, pesca y caza",2010,1,2010-03-01,0,0.0
129882,Belice,"11 Agricultura, cría y explotación de animales, aprovechamiento forestal, pesca y caza",2010,1,2010-03-01,0,0.0
129934,Brasil,"11 Agricultura, cría y explotación de animales, aprovechamiento forestal, pesca y caza",2010,1,2010-03-01,C,
130910,Colombia,"11 Agricultura, cría y explotación de animales, aprovechamiento forestal, pesca y caza",2010,1,2010-03-01,0,0.0
132554,Federación de Rusia,"11 Agricultura, cría y explotación de animales, aprovechamiento forestal, pesca y caza",2010,1,2010-03-01,0,0.0
132747,Francia,"11 Agricultura, cría y explotación de animales, aprovechamiento forestal, pesca y caza",2010,1,2010-03-01,0,0.0
133689,Italia,"11 Agricultura, cría y explotación de animales, aprovechamiento forestal, pesca y caza",2010,1,2010-03-01,0,0.0
133947,Japón,"11 Agricultura, cría y explotación de animales, aprovechamiento forestal, pesca y caza",2010,1,2010-03-01,0,0.0
134771,Panamá,"11 Agricultura, cría y explotación de animales, aprovechamiento forestal, pesca y caza",2010,1,2010-03-01,0,0.0
134971,Perú,"11 Agricultura, cría y explotación de animales, aprovechamiento forestal, pesca y caza",2010,1,2010-03-01,0,0.0
136036,Suiza,"11 Agricultura, cría y explotación de animales, aprovechamiento forestal, pesca y caza",2010,1,2010-03-01,0,0.0
520521,Italia,"11 Agricultura, cría y explotación de animales, aprovechamiento forestal, pesca y caza",2022,1,2022-03-01,0,0.0
491330,Otros países,"11 Agricultura, cría y explotación de animales, aprovechamiento forestal, pesca y caza",2021,1,2021-03-01,0,0.0
4486,Irlanda,"11 Agricultura, cría y explotación de animales, aprovechamiento forestal, pesca y caza",2006,1,2006-03-01,0,0.0
4598,Israel,"11 Agricultura, cría y explotación de animales, aprovechamiento forestal, pesca y caza",2006,1,2006-03-01,C,
5003,Japón,"11 Agricultura, cría y explotación de animales, aprovechamiento forestal, pesca y caza",2006,1,2006-03-01,C,
5491,Nueva Zelandia,"11 Agricultura, cría y explotación de animales, aprovechamiento forestal, pesca y caza",2006,1,2006-03-01,0,0.0
423554,Irlanda,"11 Agricultura, cría y explotación de animales, aprovechamiento forestal, pesca y caza",2019,1,2019-03-01,0,0.0
5567,Países Bajos,"11 Agricultura, cría y explotación de animales, aprovechamiento forestal, pesca y caza",2006,1,2006-03-01,C,
422678,Federación de Rusia,"11 Agricultura, cría y explotación de animales, aprovechamiento forestal, pesca y caza",2019,1,2019-03-01,0,0.0
421516,Costa Rica,"11 Agricultura, cría y explotación de animales, aprovechamiento forestal, pesca y caza",2019,1,2019-03-01,0,0.0
420593,Chile,"11 Agricultura, cría y explotación de animales, aprovechamiento forestal, pesca y caza",2019,1,2019-03-01,0,0.0
420280,Canadá,"11 Agricultura, cría y explotación de animales, aprovechamiento forestal, pesca y caza",2019,1,2019-03-01,0,0.0
419339,Argentina,"11 Agricultura, cría y explotación de animales, aprovechamiento forestal, pesca y caza",2019,1,2019-03-01,0,0.0
161957,Bélgica,"11 Agricultura, cría y explotación de animales, aprovechamiento forestal, pesca y caza",2011,1,2011-03-01,0,0.0
162118,Belice,"11 Agricultura, cría y explotación de animales, aprovechamiento forestal, pesca y caza",2011,1,2011-03-01,0,0.0
162170,Brasil,"11 Agricultura, cría y explotación de animales, aprovechamiento forestal, pesca y caza",2011,1,2011-03-01,C,
163146,Colombia,"11 Agricultura, cría y explotación de animales, aprovechamiento forestal, pesca y caza",2011,1,2011-03-01,0,0.0
164069,España,"11 Agricultura, cría y explotación de animales, aprovechamiento forestal, pesca y caza",2011,1,2011-03-01,C,
164405,Estados Unidos de América,"11 Agricultura, cría y explotación de animales, aprovechamiento forestal, pesca y caza",2011,1,2011-03-01,5.6102037400000002,5.61020374
164790,Federación de Rusia,"11 Agricultura, cría y explotación de animales, aprovechamiento forestal, pesca y caza",2011,1,2011-03-01,0,0.0
164983,Francia,"11 Agricultura, cría y explotación de animales, aprovechamiento forestal, pesca y caza",2011,1,2011-03-01,0,0.0
165925,Italia,"11 Agricultura, cría y explotación de animales, aprovechamiento forestal, pesca y caza",2011,1,2011-03-01,0,0.0
166183,Japón,"11 Agricultura, cría y explotación de animales, aprovechamiento forestal, pesca y caza",2011,1,2011-03-01,0,0.0
167007,Panamá,"11 Agricultura, cría y explotación de animales, aprovechamiento forestal, pesca y caza",2011,1,2011-03-01,0,0.0
167207,Perú,"11 Agricultura, cría y explotación de animales, aprovechamiento forestal, pesca y caza",2011,1,2011-03-01,0,0.0
168595,Uruguay,"11 Agricultura, cría y explotación de animales, aprovechamiento forestal, pesca y caza",2011,1,2011-03-01,0,0.0
168733,"Venezuela, República Bolivariana de","11 Agricultura, cría y explotación de animales, aprovechamiento forestal, pesca y caza",2011,1,2011-03-01,0,0.0
6208,Polonia,"11 Agricultura, cría y explotación de animales, aprovechamiento forestal, pesca y caza",2006,1,2006-03-01,0,0.0
7415,Uruguay,"11 Agricultura, cría y explotación de animales, aprovechamiento forestal, pesca y caza",2006,1,2006-03-01,0,0.0
489748,Polonia,"11 Agricultura, cría y explotación de animales, aprovechamiento forestal, pesca y caza",2021,1,2021-03-01,0,0.0
393924,Suiza,"11 Agricultura, cría y explotación de animales, aprovechamiento forestal, pesca y caza",2018,1,2018-03-01,C,
393040,Polonia,"11 Agricultura, cría y explotación de animales, aprovechamiento forestal, pesca y caza",2018,1,2018-03-01,0,0.0
392859,Perú,"11 Agricultura, cría y explotación de animales, aprovechamiento forestal, pesca y caza",2018,1,2018-03-01,0,0.0
391835,Japón,"11 Agricultura, cría y explotación de animales, aprovechamiento forestal, pesca y caza",2018,1,2018-03-01,C,
390635,Francia,"11 Agricultura, cría y explotación de animales, aprovechamiento forestal, pesca y caza",2018,1,2018-03-01,0,0.0
193936,Australia,"11 Agricultura, cría y explotación de animales, aprovechamiento forestal, pesca y caza",2012,1,2012-03-01,0,0.0
194941,Chile,"11 Agricultura, cría y explotación de animales, aprovechamiento forestal, pesca y caza",2012,1,2012-03-01,0,0.0
195152,"China, República Popular de","11 Agricultura, cría y explotación de animales, aprovechamiento forestal, pesca y caza",2012,1,2012-03-01,0,0.0
195637,"Corea, República de","11 Agricultura, cría y explotación de animales, aprovechamiento forestal, pesca y caza",2012,1,2012-03-01,0,0.0
195864,Costa Rica,"11 Agricultura, cría y explotación de animales, aprovechamiento forestal, pesca y caza",2012,1,2012-03-01,C,
197774,India,"11 Agricultura, cría y explotación de animales, aprovechamiento forestal, pesca y caza",2012,1,2012-03-01,0,0.0
197902,Irlanda,"11 Agricultura, cría y explotación de animales, aprovechamiento forestal, pesca y caza",2012,1,2012-03-01,0,0.0
198014,Israel,"11 Agricultura, cría y explotación de animales, aprovechamiento forestal, pesca y caza",2012,1,2012-03-01,0,0.0
199243,Panamá,"11 Agricultura, cría y explotación de animales, aprovechamiento forestal, pesca y caza",2012,1,2012-03-01,C,
199858,Reino Unido de la Gran Bretaña e Irlanda del Norte,"11 Agricultura, cría y explotación de animales, aprovechamiento forestal, pesca y caza",2012,1,2012-03-01,0,0.0
200508,Suiza,"11 Agricultura, cría y explotación de animales, aprovechamiento forestal, pesca y caza",2012,1,2012-03-01,C,
489567,Perú,"11 Agricultura, cría y explotación de animales, aprovechamiento forestal, pesca y caza",2021,1,2021-03-01,0,0.0
488543,Japón,"11 Agricultura, cría y explotación de animales, aprovechamiento forestal, pesca y caza",2021,1,2021-03-01,0,0.0
488285,Italia,"11 Agricultura, cría y explotación de animales, aprovechamiento forestal, pesca y caza",2021,1,2021-03-01,0,0.0
389721,España,"11 Agricultura, cría y explotación de animales, aprovechamiento forestal, pesca y caza",2018,1,2018-03-01,C,
388568,"China, República Popular de","11 Agricultura, cría y explotación de animales, aprovechamiento forestal, pesca y caza",2018,1,2018-03-01,C,
387609,Bélgica,"11 Agricultura, cría y explotación de animales, aprovechamiento forestal, pesca y caza",2018,1,2018-03-01,0,0.0
387352,Australia,"11 Agricultura, cría y explotación de animales, aprovechamiento forestal, pesca y caza",2018,1,2018-03-01,0,0.0
231860,Polonia,"11 Agricultura, cría y explotación de animales, aprovechamiento forestal, pesca y caza",2013,1,2013-03-01,0,0.0
225653,Alemania,"11 Agricultura, cría y explotación de animales, aprovechamiento forestal, pesca y caza",2013,1,2013-03-01,0,0.0
226172,Australia,"11 Agricultura, cría y explotación de animales, aprovechamiento forestal, pesca y caza",2013,1,2013-03-01,0,0.0
71246,Singapur,"11 Agricultura, cría y explotación de animales, aprovechamiento forestal, pesca y caza",2008,1,2008-03-01,0,0.0
72262,Otros países,"11 Agricultura, cría y explotación de animales, aprovechamiento forestal, pesca y caza",2008,1,2008-03-01,0,0.0
451305,Alemania,"11 Agricultura, cría y explotación de animales, aprovechamiento forestal, pesca y caza",2020,1,2020-03-01,0,0.0
550460,Costa Rica,"11 Agricultura, cría y explotación de animales, aprovechamiento forestal, pesca y caza",2023,1,2023-03-01,0,0.0
426621,"Venezuela, República Bolivariana de","11 Agricultura, cría y explotación de animales, aprovechamiento forestal, pesca y caza",2019,1,2019-03-01,0,0.0
426483,Uruguay,"11 Agricultura, cría y explotación de animales, aprovechamiento forestal, pesca y caza",2019,1,2019-03-01,0,0.0
551815,Francia,"11 Agricultura, cría y explotación de animales, aprovechamiento forestal, pesca y caza",2023,1,2023-03-01,0,0.0
552085,Guatemala,"11 Agricultura, cría y explotación de animales, aprovechamiento forestal, pesca y caza",2023,1,2023-03-01,0,0.0
553015,Japón,"11 Agricultura, cría y explotación de animales, aprovechamiento forestal, pesca y caza",2023,1,2023-03-01,0,0.0
554220,Polonia,"11 Agricultura, cría y explotación de animales, aprovechamiento forestal, pesca y caza",2023,1,2023-03-01,0,0.0
554039,Perú,"11 Agricultura, cría y explotación de animales, aprovechamiento forestal, pesca y caza",2023,1,2023-03-01,0,0.0
555427,Uruguay,"11 Agricultura, cría y explotación de animales, aprovechamiento forestal, pesca y caza",2023,1,2023-03-01,0,0.0
230655,Japón,"11 Agricultura, cría y explotación de animales, aprovechamiento forestal, pesca y caza",2013,1,2013-03-01,C,
230250,Israel,"11 Agricultura, cría y explotación de animales, aprovechamiento forestal, pesca y caza",2013,1,2013-03-01,0,0.0
230138,Irlanda,"11 Agricultura, cría y explotación de animales, aprovechamiento forestal, pesca y caza",2013,1,2013-03-01,0,0.0
227388,"China, República Popular de","11 Agricultura, cría y explotación de animales, aprovechamiento forestal, pesca y caza",2013,1,2013-03-01,C,
226864,Canadá,"11 Agricultura, cría y explotación de animales, aprovechamiento forestal, pesca y caza",2013,1,2013-03-01,C,
233442,Otros países,"11 Agricultura, cría y explotación de animales, aprovechamiento forestal, pesca y caza",2013,1,2013-03-01,0,0.0
233067,Uruguay,"11 Agricultura, cría y explotación de animales, aprovechamiento forestal, pesca y caza",2013,1,2013-03-01,0,0.0
232426,Singapur,"11 Agricultura, cría y explotación de animales, aprovechamiento forestal, pesca y caza",2013,1,2013-03-01,0,0.0
232094,Reino Unido de la Gran Bretaña e Irlanda del Norte,"11 Agricultura, cría y explotación de animales, aprovechamiento forestal, pesca y caza",2013,1,2013-03-01,0,0.0
96709,Alemania,"11 Agricultura, cría y explotación de animales, aprovechamiento forestal, pesca y caza",2009,1,2009-03-01,0,0.0
96979,Argentina,"11 Agricultura, cría y explotación de animales, aprovechamiento forestal, pesca y caza",2009,1,2009-03-01,0,0.0
97920,Canadá,"11 Agricultura, cría y explotación de animales, aprovechamiento forestal, pesca y caza",2009,1,2009-03-01,C,
555565,"Venezuela, República Bolivariana de","11 Agricultura, cría y explotación de animales, aprovechamiento forestal, pesca y caza",2023,1,2023-03-01,0,0.0
201206,Otros países,"11 Agricultura, cría y explotación de animales, aprovechamiento forestal, pesca y caza",2012,1,2012-03-01,0,0.0
200190,Singapur,"11 Agricultura, cría y explotación de animales, aprovechamiento forestal, pesca y caza",2012,1,2012-03-01,0,0.0
522550,Singapur,"11 Agricultura, cría y explotación de animales, aprovechamiento forestal, pesca y caza",2022,1,2022-03-01,0,0.0
489107,Países Bajos,"11 Agricultura, cría y explotación de animales, aprovechamiento forestal, pesca y caza",2021,1,2021-03-01,0,0.0
489031,Nueva Zelandia,"11 Agricultura, cría y explotación de animales, aprovechamiento forestal, pesca y caza",2021,1,2021-03-01,0,0.0
517997,"Corea, República de","11 Agricultura, cría y explotación de animales, aprovechamiento forestal, pesca y caza",2022,1,2022-03-01,0,0.0
517512,"China, República Popular de","11 Agricultura, cría y explotación de animales, aprovechamiento forestal, pesca y caza",2022,1,2022-03-01,0,0.0
199443,Perú,"11 Agricultura, cría y explotación de animales, aprovechamiento forestal, pesca y caza",2012,1,2012-03-01,0,0.0
198983,Países Bajos,"11 Agricultura, cría y explotación de animales, aprovechamiento forestal, pesca y caza",2012,1,2012-03-01,C,
516766,Brasil,"11 Agricultura, cría y explotación de animales, aprovechamiento forestal, pesca y caza",2022,1,2022-03-01,C,
198907,Nueva Zelandia,"11 Agricultura, cría y explotación de animales, aprovechamiento forestal, pesca y caza",2012,1,2012-03-01,0,0.0
198419,Japón,"11 Agricultura, cría y explotación de animales, aprovechamiento forestal, pesca y caza",2012,1,2012-03-01,0,0.0
198161,Italia,"11 Agricultura, cría y explotación de animales, aprovechamiento forestal, pesca y caza",2012,1,2012-03-01,0,0.0
197219,Francia,"11 Agricultura, cría y explotación de animales, aprovechamiento forestal, pesca y caza",2012,1,2012-03-01,C,
197026,Federación de Rusia,"11 Agricultura, cría y explotación de animales, aprovechamiento forestal, pesca y caza",2012,1,2012-03-01,0,0.0
194628,Canadá,"11 Agricultura, cría y explotación de animales, aprovechamiento forestal, pesca y caza",2012,1,2012-03-01,C,
193687,Argentina,"11 Agricultura, cría y explotación de animales, aprovechamiento forestal, pesca y caza",2012,1,2012-03-01,0,0.0
193417,Alemania,"11 Agricultura, cría y explotación de animales, aprovechamiento forestal, pesca y caza",2012,1,2012-03-01,0,0.0
168272,Suiza,"11 Agricultura, cría y explotación de animales, aprovechamiento forestal, pesca y caza",2011,1,2011-03-01,0,0.0
167954,Singapur,"11 Agricultura, cría y explotación de animales, aprovechamiento forestal, pesca y caza",2011,1,2011-03-01,0,0.0
165253,Guatemala,"11 Agricultura, cría y explotación de animales, aprovechamiento forestal, pesca y caza",2011,1,2011-03-01,C,
162916,"China, República Popular de","11 Agricultura, cría y explotación de animales, aprovechamiento forestal, pesca y caza",2011,1,2011-03-01,0,0.0
100781,Guatemala,"11 Agricultura, cría y explotación de animales, aprovechamiento forestal, pesca y caza",2009,1,2009-03-01,0,0.0
101066,India,"11 Agricultura, cría y explotación de animales, aprovechamiento forestal, pesca y caza",2009,1,2009-03-01,0,0.0
102199,Nueva Zelandia,"11 Agricultura, cría y explotación de animales, aprovechamiento forestal, pesca y caza",2009,1,2009-03-01,0,0.0
103150,Reino Unido de la Gran Bretaña e Irlanda del Norte,"11 Agricultura, cría y explotación de animales, aprovechamiento forestal, pesca y caza",2009,1,2009-03-01,0,0.0
104123,Uruguay,"11 Agricultura, cría y explotación de animales, aprovechamiento forestal, pesca y caza",2009,1,2009-03-01,0,0.0
104261,"Venezuela, República Bolivariana de","11 Agricultura, cría y explotación de animales, aprovechamiento forestal, pesca y caza",2009,1,2009-03-01,0,0.0
425276,Polonia,"11 Agricultura, cría y explotación de animales, aprovechamiento forestal, pesca y caza",2019,1,2019-03-01,0,0.0
520,Australia,"11 Agricultura, cría y explotación de animales, aprovechamiento forestal, pesca y caza",2006,1,2006-03-01,0,0.0
162705,Chile,"11 Agricultura, cría y explotación de animales, aprovechamiento forestal, pesca y caza",2011,1,2011-03-01,0,0.0
161700,Australia,"11 Agricultura, cría y explotación de animales, aprovechamiento forestal, pesca y caza",2011,1,2011-03-01,0,0.0
136734,Otros países,"11 Agricultura, cría y explotación de animales, aprovechamiento forestal, pesca y caza",2010,1,2010-03-01,0,0.0
135718,Singapur,"11 Agricultura, cría y explotación de animales, aprovechamiento forestal, pesca y caza",2010,1,2010-03-01,0,0.0
134511,Países Bajos,"11 Agricultura, cría y explotación de animales, aprovechamiento forestal, pesca y caza",2010,1,2010-03-01,C,
134435,Nueva Zelandia,"11 Agricultura, cría y explotación de animales, aprovechamiento forestal, pesca y caza",2010,1,2010-03-01,0,0.0
133542,Israel,"11 Agricultura, cría y explotación de animales, aprovechamiento forestal, pesca y caza",2010,1,2010-03-01,0,0.0
133430,Irlanda,"11 Agricultura, cría y explotación de animales, aprovechamiento forestal, pesca y caza",2010,1,2010-03-01,0,0.0
133302,India,"11 Agricultura, cría y explotación de animales, aprovechamiento forestal, pesca y caza",2010,1,2010-03-01,0,0.0
132169,Estados Unidos de América,"11 Agricultura, cría y explotación de animales, aprovechamiento forestal, pesca y caza",2010,1,2010-03-01,-6.249422,-6.249422
131833,España,"11 Agricultura, cría y explotación de animales, aprovechamiento forestal, pesca y caza",2010,1,2010-03-01,0,0.0
130680,"China, República Popular de","11 Agricultura, cría y explotación de animales, aprovechamiento forestal, pesca y caza",2010,1,2010-03-01,0,0.0
130469,Chile,"11 Agricultura, cría y explotación de animales, aprovechamiento forestal, pesca y caza",2010,1,2010-03-01,0,0.0
129464,Australia,"11 Agricultura, cría y explotación de animales, aprovechamiento forestal, pesca y caza",2010,1,2010-03-01,0,0.0
425095,Perú,"11 Agricultura, cría y explotación de animales, aprovechamiento forestal, pesca y caza",2019,1,2019-03-01,0,0.0
1736,"China, República Popular de","11 Agricultura, cría y explotación de animales, aprovechamiento forestal, pesca y caza",2006,1,2006-03-01,0,0.0
424071,Japón,"11 Agricultura, cría y explotación de animales, aprovechamiento forestal, pesca y caza",2019,1,2019-03-01,0,0.0
2221,"Corea, República de","11 Agricultura, cría y explotación de animales, aprovechamiento forestal, pesca y caza",2006,1,2006-03-01,0,0.0
422871,Francia,"11 Agricultura, cría y explotación de animales, aprovechamiento forestal, pesca y caza",2019,1,2019-03-01,0,0.0
2889,España,"11 Agricultura, cría y explotación de animales, aprovechamiento forestal, pesca y caza",2006,1,2006-03-01,0.042879,0.042879
421957,España,"11 Agricultura, cría y explotación de animales, aprovechamiento forestal, pesca y caza",2019,1,2019-03-01,0,0.0
420804,"China, República Popular de","11 Agricultura, cría y explotación de animales, aprovechamiento forestal, pesca y caza",2019,1,2019-03-01,0,0.0
3225,Estados Unidos de América,"11 Agricultura, cría y explotación de animales, aprovechamiento forestal, pesca y caza",2006,1,2006-03-01,-3.1903820000000001,-3.190382
3803,Francia,"11 Agricultura, cría y explotación de animales, aprovechamiento forestal, pesca y caza",2006,1,2006-03-01,0,0.0
419845,Bélgica,"11 Agricultura, cría y explotación de animales, aprovechamiento forestal, pesca y caza",2019,1,2019-03-01,0,0.0
4358,India,"11 Agricultura, cría y explotación de animales, aprovechamiento forestal, pesca y caza",2006,1,2006-03-01,0,0.0
419588,Australia,"11 Agricultura, cría y explotación de animales, aprovechamiento forestal, pesca y caza",2019,1,2019-03-01,0,0.0
394385,"Venezuela, República Bolivariana de","11 Agricultura, cría y explotación de animales, aprovechamiento forestal, pesca y caza",2018,1,2018-03-01,0,0.0
394247,Uruguay,"11 Agricultura, cría y explotación de animales, aprovechamiento forestal, pesca y caza",2018,1,2018-03-01,0,0.0
520134,India,"11 Agricultura, cría y explotación de animales, aprovechamiento forestal, pesca y caza",2022,1,2022-03-01,0,0.0
5827,Panamá,"11 Agricultura, cría y explotación de animales, aprovechamiento forestal, pesca y caza",2006,1,2006-03-01,0,0.0
393274,Reino Unido de la Gran Bretaña e Irlanda del Norte,"11 Agricultura, cría y explotación de animales, aprovechamiento forestal, pesca y caza",2018,1,2018-03-01,0,0.0
491093,"Venezuela, República Bolivariana de","11 Agricultura, cría y explotación de animales, aprovechamiento forestal, pesca y caza",2021,1,2021-03-01,0,0.0
6442,Reino Unido de la Gran Bretaña e Irlanda del Norte,"11 Agricultura, cría y explotación de animales, aprovechamiento forestal, pesca y caza",2006,1,2006-03-01,0,0.0
6774,Singapur,"11 Agricultura, cría y explotación de animales, aprovechamiento forestal, pesca y caza",2006,1,2006-03-01,0,0.0
392323,Nueva Zelandia,"11 Agricultura, cría y explotación de animales, aprovechamiento forestal, pesca y caza",2018,1,2018-03-01,0,0.0
391190,India,"11 Agricultura, cría y explotación de animales, aprovechamiento forestal, pesca y caza",2018,1,2018-03-01,0,0.0
521603,Panamá,"11 Agricultura, cría y explotación de animales, aprovechamiento forestal, pesca y caza",2022,1,2022-03-01,0,0.0
7553,"Venezuela, República Bolivariana de","11 Agricultura, cría y explotación de animales, aprovechamiento forestal, pesca y caza",2006,1,2006-03-01,0,0.0
390905,Guatemala,"11 Agricultura, cría y explotación de animales, aprovechamiento forestal, pesca y caza",2018,1,2018-03-01,0,0.0
490632,Suiza,"11 Agricultura, cría y explotación de animales, aprovechamiento forestal, pesca y caza",2021,1,2021-03-01,0,0.0
488138,Israel,"11 Agricultura, cría y explotación de animales, aprovechamiento forestal, pesca y caza",2021,1,2021-03-01,0,0.0
488026,Irlanda,"11 Agricultura, cría y explotación de animales, aprovechamiento forestal, pesca y caza",2021,1,2021-03-01,0,0.0
487898,India,"11 Agricultura, cría y explotación de animales, aprovechamiento forestal, pesca y caza",2021,1,2021-03-01,0,0.0
485988,Costa Rica,"11 Agricultura, cría y explotación de animales, aprovechamiento forestal, pesca y caza",2021,1,2021-03-01,C,
485761,"Corea, República de","11 Agricultura, cría y explotación de animales, aprovechamiento forestal, pesca y caza",2021,1,2021-03-01,0,0.0
390057,Estados Unidos de América,"11 Agricultura, cría y explotación de animales, aprovechamiento forestal, pesca y caza",2018,1,2018-03-01,7.0806703799999973,7.080670379999996
389053,"Corea, República de","11 Agricultura, cría y explotación de animales, aprovechamiento forestal, pesca y caza",2018,1,2018-03-01,C,
388798,Colombia,"11 Agricultura, cría y explotación de animales, aprovechamiento forestal, pesca y caza",2018,1,2018-03-01,0,0.0
387822,Brasil,"11 Agricultura, cría y explotación de animales, aprovechamiento forestal, pesca y caza",2018,1,2018-03-01,C,
580519,Argentina,"11 Agricultura, cría y explotación de animales, aprovechamiento forestal, pesca y caza",2024,1,2024-03-01,0,0.0
581460,Canadá,"11 Agricultura, cría y explotación de animales, aprovechamiento forestal, pesca y caza",2024,1,2024-03-01,C,
581773,Chile,"11 Agricultura, cría y explotación de animales, aprovechamiento forestal, pesca y caza",2024,1,2024-03-01,C,
582696,Costa Rica,"11 Agricultura, cría y explotación de animales, aprovechamiento forestal, pesca y caza",2024,1,2024-03-01,0,0.0
583858,Federación de Rusia,"11 Agricultura, cría y explotación de animales, aprovechamiento forestal, pesca y caza",2024,1,2024-03-01,0,0.0
584734,Irlanda,"11 Agricultura, cría y explotación de animales, aprovechamiento forestal, pesca y caza",2024,1,2024-03-01,0,0.0
584846,Israel,"11 Agricultura, cría y explotación de animales, aprovechamiento forestal, pesca y caza",2024,1,2024-03-01,0,0.0
584993,Italia,"11 Agricultura, cría y explotación de animales, aprovechamiento forestal, pesca y caza",2024,1,2024-03-01,0,0.0
585815,Países Bajos,"11 Agricultura, cría y explotación de animales, aprovechamiento forestal, pesca y caza",2024,1,2024-03-01,C,
586075,Panamá,"11 Agricultura, cría y explotación de animales, aprovechamiento forestal, pesca y caza",2024,1,2024-03-01,C,
587022,Singapur,"11 Agricultura, cría y explotación de animales, aprovechamiento forestal, pesca y caza",2024,1,2024-03-01,0,0.0
588038,Otros países,"11 Agricultura, cría y explotación de animales, aprovechamiento forestal, pesca y caza",2024,1,2024-03-01,0,0.0
484752,Canadá,"11 Agricultura, cría y explotación de animales, aprovechamiento forestal, pesca y caza",2021,1,2021-03-01,C,
483811,Argentina,"11 Agricultura, cría y explotación de animales, aprovechamiento forestal, pesca y caza",2021,1,2021-03-01,0,0.0
483541,Alemania,"11 Agricultura, cría y explotación de animales, aprovechamiento forestal, pesca y caza",2021,1,2021-03-01,C,
459094,Otros países,"11 Agricultura, cría y explotación de animales, aprovechamiento forestal, pesca y caza",2020,1,2020-03-01,0,0.0
458078,Singapur,"11 Agricultura, cría y explotación de animales, aprovechamiento forestal, pesca y caza",2020,1,2020-03-01,0,0.0
457131,Panamá,"11 Agricultura, cría y explotación de animales, aprovechamiento forestal, pesca y caza",2020,1,2020-03-01,C,
456871,Países Bajos,"11 Agricultura, cría y explotación de animales, aprovechamiento forestal, pesca y caza",2020,1,2020-03-01,0,0.0
387770,Belice,"11 Agricultura, cría y explotación de animales, aprovechamiento forestal, pesca y caza",2018,1,2018-03-01,0,0.0
386833,Alemania,"11 Agricultura, cría y explotación de animales, aprovechamiento forestal, pesca y caza",2018,1,2018-03-01,0,0.0
362149,"Venezuela, República Bolivariana de","11 Agricultura, cría y explotación de animales, aprovechamiento forestal, pesca y caza",2017,1,2017-03-01,C,
362011,Uruguay,"11 Agricultura, cría y explotación de animales, aprovechamiento forestal, pesca y caza",2017,1,2017-03-01,0,0.0
361038,Reino Unido de la Gran Bretaña e Irlanda del Norte,"11 Agricultura, cría y explotación de animales, aprovechamiento forestal, pesca y caza",2017,1,2017-03-01,0,0.0
360087,Nueva Zelandia,"11 Agricultura, cría y explotación de animales, aprovechamiento forestal, pesca y caza",2017,1,2017-03-01,0,0.0
358669,Guatemala,"11 Agricultura, cría y explotación de animales, aprovechamiento forestal, pesca y caza",2017,1,2017-03-01,0,0.0
357821,Estados Unidos de América,"11 Agricultura, cría y explotación de animales, aprovechamiento forestal, pesca y caza",2017,1,2017-03-01,32.924602095202047,32.92460209520205
356562,Colombia,"11 Agricultura, cría y explotación de animales, aprovechamiento forestal, pesca y caza",2017,1,2017-03-01,0,0.0
355586,Brasil,"11 Agricultura, cría y explotación de animales, aprovechamiento forestal, pesca y caza",2017,1,2017-03-01,C,
355534,Belice,"11 Agricultura, cría y explotación de animales, aprovechamiento forestal, pesca y caza",2017,1,2017-03-01,0,0.0
355373,Bélgica,"11 Agricultura, cría y explotación de animales, aprovechamiento forestal, pesca y caza",2017,1,2017-03-01,0,0.0
456795,Nueva Zelandia,"11 Agricultura, cría y explotación de animales, aprovechamiento forestal, pesca y caza",2020,1,2020-03-01,0,0.0
455902,Israel,"11 Agricultura, cría y explotación de animales, aprovechamiento forestal, pesca y caza",2020,1,2020-03-01,0,0.0
329913,"Venezuela, República Bolivariana de","11 Agricultura, cría y explotación de animales, aprovechamiento forestal, pesca y caza",2016,1,2016-03-01,C,
329775,Uruguay,"11 Agricultura, cría y explotación de animales, aprovechamiento forestal, pesca y caza",2016,1,2016-03-01,0,0.0
328802,Reino Unido de la Gran Bretaña e Irlanda del Norte,"11 Agricultura, cría y explotación de animales, aprovechamiento forestal, pesca y caza",2016,1,2016-03-01,0,0.0
328568,Polonia,"11 Agricultura, cría y explotación de animales, aprovechamiento forestal, pesca y caza",2016,1,2016-03-01,0,0.0
326433,Guatemala,"11 Agricultura, cría y explotación de animales, aprovechamiento forestal, pesca y caza",2016,1,2016-03-01,0,0.0
325249,España,"11 Agricultura, cría y explotación de animales, aprovechamiento forestal, pesca y caza",2016,1,2016-03-01,0,0.0
324326,Colombia,"11 Agricultura, cría y explotación de animales, aprovechamiento forestal, pesca y caza",2016,1,2016-03-01,0,0.0
323350,Brasil,"11 Agricultura, cría y explotación de animales, aprovechamiento forestal, pesca y caza",2016,1,2016-03-01,0,0.0
323298,Belice,"11 Agricultura, cría y explotación de animales, aprovechamiento forestal, pesca y caza",2016,1,2016-03-01,0,0.0
323137,Bélgica,"11 Agricultura, cría y explotación de animales, aprovechamiento forestal, pesca y caza",2016,1,2016-03-01,0,0.0
297539,Uruguay,"11 Agricultura, cría y explotación de animales, aprovechamiento forestal, pesca y caza",2015,1,2015-03-01,0,0.0
296566,Reino Unido de la Gran Bretaña e Irlanda del Norte,"11 Agricultura, cría y explotación de animales, aprovechamiento forestal, pesca y caza",2015,1,2015-03-01,0,0.0
32756,Australia,"11 Agricultura, cría y explotación de animales, aprovechamiento forestal, pesca y caza",2007,1,2007-03-01,0,0.0
33013,Bélgica,"11 Agricultura, cría y explotación de animales, aprovechamiento forestal, pesca y caza",2007,1,2007-03-01,0,0.0
33972,"China, República Popular de","11 Agricultura, cría y explotación de animales, aprovechamiento forestal, pesca y caza",2007,1,2007-03-01,0,0.0
35125,España,"11 Agricultura, cría y explotación de animales, aprovechamiento forestal, pesca y caza",2007,1,2007-03-01,C,
36039,Francia,"11 Agricultura, cría y explotación de animales, aprovechamiento forestal, pesca y caza",2007,1,2007-03-01,0,0.0
37239,Japón,"11 Agricultura, cría y explotación de animales, aprovechamiento forestal, pesca y caza",2007,1,2007-03-01,0,0.0
38263,Perú,"11 Agricultura, cría y explotación de animales, aprovechamiento forestal, pesca y caza",2007,1,2007-03-01,0,0.0
38444,Polonia,"11 Agricultura, cría y explotación de animales, aprovechamiento forestal, pesca y caza",2007,1,2007-03-01,0,0.0
39328,Suiza,"11 Agricultura, cría y explotación de animales, aprovechamiento forestal, pesca y caza",2007,1,2007-03-01,C,
522218,Reino Unido de la Gran Bretaña e Irlanda del Norte,"11 Agricultura, cría y explotación de animales, aprovechamiento forestal, pesca y caza",2022,1,2022-03-01,0,0.0
489367,Panamá,"11 Agricultura, cría y explotación de animales, aprovechamiento forestal, pesca y caza",2021,1,2021-03-01,C,
455790,Irlanda,"11 Agricultura, cría y explotación de animales, aprovechamiento forestal, pesca y caza",2020,1,2020-03-01,0,0.0
455662,India,"11 Agricultura, cría y explotación de animales, aprovechamiento forestal, pesca y caza",2020,1,2020-03-01,0,0.0
453752,Costa Rica,"11 Agricultura, cría y explotación de animales, aprovechamiento forestal, pesca y caza",2020,1,2020-03-01,0,0.0
453525,"Corea, República de","11 Agricultura, cría y explotación de animales, aprovechamiento forestal, pesca y caza",2020,1,2020-03-01,0,0.0
452516,Canadá,"11 Agricultura, cría y explotación de animales, aprovechamiento forestal, pesca y caza",2020,1,2020-03-01,0,0.0
548532,Australia,"11 Agricultura, cría y explotación de animales, aprovechamiento forestal, pesca y caza",2023,1,2023-03-01,0,0.0
548950,Belice,"11 Agricultura, cría y explotación de animales, aprovechamiento forestal, pesca y caza",2023,1,2023-03-01,0,0.0
549002,Brasil,"11 Agricultura, cría y explotación de animales, aprovechamiento forestal, pesca y caza",2023,1,2023-03-01,C,
451575,Argentina,"11 Agricultura, cría y explotación de animales, aprovechamiento forestal, pesca y caza",2020,1,2020-03-01,0,0.0
549537,Chile,"11 Agricultura, cría y explotación de animales, aprovechamiento forestal, pesca y caza",2023,1,2023-03-01,C,
549978,Colombia,"11 Agricultura, cría y explotación de animales, aprovechamiento forestal, pesca y caza",2023,1,2023-03-01,0,0.0
296332,Polonia,"11 Agricultura, cría y explotación de animales, aprovechamiento forestal, pesca y caza",2015,1,2015-03-01,0,0.0
295127,Japón,"11 Agricultura, cría y explotación de animales, aprovechamiento forestal, pesca y caza",2015,1,2015-03-01,0,0.0
294197,Guatemala,"11 Agricultura, cría y explotación de animales, aprovechamiento forestal, pesca y caza",2015,1,2015-03-01,0,0.0
293013,España,"11 Agricultura, cría y explotación de animales, aprovechamiento forestal, pesca y caza",2015,1,2015-03-01,C,
292090,Colombia,"11 Agricultura, cría y explotación de animales, aprovechamiento forestal, pesca y caza",2015,1,2015-03-01,0,0.0
291860,"China, República Popular de","11 Agricultura, cría y explotación de animales, aprovechamiento forestal, pesca y caza",2015,1,2015-03-01,0,0.0
291062,Belice,"11 Agricultura, cría y explotación de animales, aprovechamiento forestal, pesca y caza",2015,1,2015-03-01,0,0.0
290901,Bélgica,"11 Agricultura, cría y explotación de animales, aprovechamiento forestal, pesca y caza",2015,1,2015-03-01,0,0.0
265441,"Venezuela, República Bolivariana de","11 Agricultura, cría y explotación de animales, aprovechamiento forestal, pesca y caza",2014,1,2014-03-01,0,0.0
264330,Reino Unido de la Gran Bretaña e Irlanda del Norte,"11 Agricultura, cría y explotación de animales, aprovechamiento forestal, pesca y caza",2014,1,2014-03-01,0,0.0
263455,Países Bajos,"11 Agricultura, cría y explotación de animales, aprovechamiento forestal, pesca y caza",2014,1,2014-03-01,0,0.0
263379,Nueva Zelandia,"11 Agricultura, cría y explotación de animales, aprovechamiento forestal, pesca y caza",2014,1,2014-03-01,0,0.0
262374,Irlanda,"11 Agricultura, cría y explotación de animales, aprovechamiento forestal, pesca y caza",2014,1,2014-03-01,0,0.0
262246,India,"11 Agricultura, cría y explotación de animales, aprovechamiento forestal, pesca y caza",2014,1,2014-03-01,0,0.0
261113,Estados Unidos de América,"11 Agricultura, cría y explotación de animales, aprovechamiento forestal, pesca y caza",2014,1,2014-03-01,70.21790021000001,70.21790021000001
260109,"Corea, República de","11 Agricultura, cría y explotación de animales, aprovechamiento forestal, pesca y caza",2014,1,2014-03-01,0,0.0
259100,Canadá,"11 Agricultura, cría y explotación de animales, aprovechamiento forestal, pesca y caza",2014,1,2014-03-01,C,
258878,Brasil,"11 Agricultura, cría y explotación de animales, aprovechamiento forestal, pesca y caza",2014,1,2014-03-01,C,
258826,Belice,"11 Agricultura, cría y explotación de animales, aprovechamiento forestal, pesca y caza",2014,1,2014-03-01,0,0.0
257889,Alemania,"11 Agricultura, cría y explotación de animales, aprovechamiento forestal, pesca y caza",2014,1,2014-03-01,0,0.0
231219,Países Bajos,"11 Agricultura, cría y explotación de animales, aprovechamiento forestal, pesca y caza",2013,1,2013-03-01,0.008201,0.008201
64473,Alemania,"11 Agricultura, cría y explotación de animales, aprovechamiento forestal, pesca y caza",2008,1,2008-03-01,0,0.0
64743,Argentina,"11 Agricultura, cría y explotación de animales, aprovechamiento forestal, pesca y caza",2008,1,2008-03-01,0,0.0
65684,Canadá,"11 Agricultura, cría y explotación de animales, aprovechamiento forestal, pesca y caza",2008,1,2008-03-01,C,
66693,"Corea, República de","11 Agricultura, cría y explotación de animales, aprovechamiento forestal, pesca y caza",2008,1,2008-03-01,0,0.0
66920,Costa Rica,"11 Agricultura, cría y explotación de animales, aprovechamiento forestal, pesca y caza",2008,1,2008-03-01,0,0.0
68082,Federación de Rusia,"11 Agricultura, cría y explotación de animales, aprovechamiento forestal, pesca y caza",2008,1,2008-03-01,0,0.0
68958,Irlanda,"11 Agricultura, cría y explotación de animales, aprovechamiento forestal, pesca y caza",2008,1,2008-03-01,0,0.0
69070,Israel,"11 Agricultura, cría y explotación de animales, aprovechamiento forestal, pesca y caza",2008,1,2008-03-01,0,0.0
69217,Italia,"11 Agricultura, cría y explotación de animales, aprovechamiento forestal, pesca y caza",2008,1,2008-03-01,0,0.0
70039,Países Bajos,"11 Agricultura, cría y explotación de animales, aprovechamiento forestal, pesca y caza",2008,1,2008-03-01,C,
70299,Panamá,"11 Agricultura, cría y explotación de animales, aprovechamiento forestal, pesca y caza",2008,1,2008-03-01,0,0.0
368863,Polonia,"11 Agricultura, cría y explotación de animales, aprovechamiento forestal, pesca y caza",2017,2,2017-06-01,0,0.0
529662,Panamá,"11 Agricultura, cría y explotación de animales, aprovechamiento forestal, pesca y caza",2022,2,2022-06-01,C,
530609,Singapur,"11 Agricultura, cría y explotación de animales, aprovechamiento forestal, pesca y caza",2022,2,2022-06-01,0,0.0
531625,Otros países,"11 Agricultura, cría y explotación de animales, aprovechamiento forestal, pesca y caza",2022,2,2022-06-01,0,0.0
523836,Alemania,"11 Agricultura, cría y explotación de animales, aprovechamiento forestal, pesca y caza",2022,2,2022-06-01,C,
524773,Belice,"11 Agricultura, cría y explotación de animales, aprovechamiento forestal, pesca y caza",2022,2,2022-06-01,0,0.0
524825,Brasil,"11 Agricultura, cría y explotación de animales, aprovechamiento forestal, pesca y caza",2022,2,2022-06-01,C,
525047,Canadá,"11 Agricultura, cría y explotación de animales, aprovechamiento forestal, pesca y caza",2022,2,2022-06-01,C,
526056,"Corea, República de","11 Agricultura, cría y explotación de animales, aprovechamiento forestal, pesca y caza",2022,2,2022-06-01,0,0.0
527060,Estados Unidos de América,"11 Agricultura, cría y explotación de animales, aprovechamiento forestal, pesca y caza",2022,2,2022-06-01,-2.1171619700000068,-2.117161970000007
528193,India,"11 Agricultura, cría y explotación de animales, aprovechamiento forestal, pesca y caza",2022,2,2022-06-01,0,0.0
562279,Polonia,"11 Agricultura, cría y explotación de animales, aprovechamiento forestal, pesca y caza",2023,2,2023-06-01,0,0.0
562513,Reino Unido de la Gran Bretaña e Irlanda del Norte,"11 Agricultura, cría y explotación de animales, aprovechamiento forestal, pesca y caza",2023,2,2023-06-01,0,0.0
556342,Argentina,"11 Agricultura, cría y explotación de animales, aprovechamiento forestal, pesca y caza",2023,2,2023-06-01,0,0.0
557283,Canadá,"11 Agricultura, cría y explotación de animales, aprovechamiento forestal, pesca y caza",2023,2,2023-06-01,C,
557596,Chile,"11 Agricultura, cría y explotación de animales, aprovechamiento forestal, pesca y caza",2023,2,2023-06-01,0,0.0
558960,España,"11 Agricultura, cría y explotación de animales, aprovechamiento forestal, pesca y caza",2023,2,2023-06-01,0,0.0
559874,Francia,"11 Agricultura, cría y explotación de animales, aprovechamiento forestal, pesca y caza",2023,2,2023-06-01,0,0.0
561074,Japón,"11 Agricultura, cría y explotación de animales, aprovechamiento forestal, pesca y caza",2023,2,2023-06-01,0,0.0
8330,Argentina,"11 Agricultura, cría y explotación de animales, aprovechamiento forestal, pesca y caza",2006,2,2006-06-01,0,0.0
9049,Brasil,"11 Agricultura, cría y explotación de animales, aprovechamiento forestal, pesca y caza",2006,2,2006-06-01,C,
10025,Colombia,"11 Agricultura, cría y explotación de animales, aprovechamiento forestal, pesca y caza",2006,2,2006-06-01,0,0.0
12657,Israel,"11 Agricultura, cría y explotación de animales, aprovechamiento forestal, pesca y caza",2006,2,2006-06-01,C,
12804,Italia,"11 Agricultura, cría y explotación de animales, aprovechamiento forestal, pesca y caza",2006,2,2006-06-01,0,0.0
13886,Panamá,"11 Agricultura, cría y explotación de animales, aprovechamiento forestal, pesca y caza",2006,2,2006-06-01,0,0.0
14086,Perú,"11 Agricultura, cría y explotación de animales, aprovechamiento forestal, pesca y caza",2006,2,2006-06-01,0,0.0
14833,Singapur,"11 Agricultura, cría y explotación de animales, aprovechamiento forestal, pesca y caza",2006,2,2006-06-01,0,0.0
15151,Suiza,"11 Agricultura, cría y explotación de animales, aprovechamiento forestal, pesca y caza",2006,2,2006-06-01,0,0.0
589084,Bélgica,"11 Agricultura, cría y explotación de animales, aprovechamiento forestal, pesca y caza",2024,2,2024-06-01,0,0.0
589245,Belice,"11 Agricultura, cría y explotación de animales, aprovechamiento forestal, pesca y caza",2024,2,2024-06-01,0,0.0
589297,Brasil,"11 Agricultura, cría y explotación de animales, aprovechamiento forestal, pesca y caza",2024,2,2024-06-01,0,0.0
590273,Colombia,"11 Agricultura, cría y explotación de animales, aprovechamiento forestal, pesca y caza",2024,2,2024-06-01,0,0.0
591196,España,"11 Agricultura, cría y explotación de animales, aprovechamiento forestal, pesca y caza",2024,2,2024-06-01,0,0.0
591532,Estados Unidos de América,"11 Agricultura, cría y explotación de animales, aprovechamiento forestal, pesca y caza",2024,2,2024-06-01,19.915047189840347,19.915047189840347
592380,Guatemala,"11 Agricultura, cría y explotación de animales, aprovechamiento forestal, pesca y caza",2024,2,2024-06-01,0,0.0
595081,Singapur,"11 Agricultura, cría y explotación de animales, aprovechamiento forestal, pesca y caza",2024,2,2024-06-01,0,0.0
596097,Otros países,"11 Agricultura, cría y explotación de animales, aprovechamiento forestal, pesca y caza",2024,2,2024-06-01,0,0.0
40296,Alemania,"11 Agricultura, cría y explotación de animales, aprovechamiento forestal, pesca y caza",2007,2,2007-06-01,0,0.0
40566,Argentina,"11 Agricultura, cría y explotación de animales, aprovechamiento forestal, pesca y caza",2007,2,2007-06-01,0,0.0
41507,Canadá,"11 Agricultura, cría y explotación de animales, aprovechamiento forestal, pesca y caza",2007,2,2007-06-01,C,
42516,"Corea, República de","11 Agricultura, cría y explotación de animales, aprovechamiento forestal, pesca y caza",2007,2,2007-06-01,0,0.0
43184,España,"11 Agricultura, cría y explotación de animales, aprovechamiento forestal, pesca y caza",2007,2,2007-06-01,C,
42743,Costa Rica,"11 Agricultura, cría y explotación de animales, aprovechamiento forestal, pesca y caza",2007,2,2007-06-01,0,0.0
44653,India,"11 Agricultura, cría y explotación de animales, aprovechamiento forestal, pesca y caza",2007,2,2007-06-01,0,0.0
44781,Irlanda,"11 Agricultura, cría y explotación de animales, aprovechamiento forestal, pesca y caza",2007,2,2007-06-01,0,0.0
44893,Israel,"11 Agricultura, cría y explotación de animales, aprovechamiento forestal, pesca y caza",2007,2,2007-06-01,0,0.0
45786,Nueva Zelandia,"11 Agricultura, cría y explotación de animales, aprovechamiento forestal, pesca y caza",2007,2,2007-06-01,0,0.0
45862,Países Bajos,"11 Agricultura, cría y explotación de animales, aprovechamiento forestal, pesca y caza",2007,2,2007-06-01,C,
47069,Singapur,"11 Agricultura, cría y explotación de animales, aprovechamiento forestal, pesca y caza",2007,2,2007-06-01,0,0.0
48085,Otros países,"11 Agricultura, cría y explotación de animales, aprovechamiento forestal, pesca y caza",2007,2,2007-06-01,0,0.0
73308,Bélgica,"11 Agricultura, cría y explotación de animales, aprovechamiento forestal, pesca y caza",2008,2,2008-06-01,0,0.0
73469,Belice,"11 Agricultura, cría y explotación de animales, aprovechamiento forestal, pesca y caza",2008,2,2008-06-01,0,0.0
73521,Brasil,"11 Agricultura, cría y explotación de animales, aprovechamiento forestal, pesca y caza",2008,2,2008-06-01,C,
74497,Colombia,"11 Agricultura, cría y explotación de animales, aprovechamiento forestal, pesca y caza",2008,2,2008-06-01,0,0.0
75420,España,"11 Agricultura, cría y explotación de animales, aprovechamiento forestal, pesca y caza",2008,2,2008-06-01,C,
76604,Guatemala,"11 Agricultura, cría y explotación de animales, aprovechamiento forestal, pesca y caza",2008,2,2008-06-01,0,0.0
78739,Polonia,"11 Agricultura, cría y explotación de animales, aprovechamiento forestal, pesca y caza",2008,2,2008-06-01,0,0.0
78973,Reino Unido de la Gran Bretaña e Irlanda del Norte,"11 Agricultura, cría y explotación de animales, aprovechamiento forestal, pesca y caza",2008,2,2008-06-01,C,
79946,Uruguay,"11 Agricultura, cría y explotación de animales, aprovechamiento forestal, pesca y caza",2008,2,2008-06-01,0,0.0
80084,"Venezuela, República Bolivariana de","11 Agricultura, cría y explotación de animales, aprovechamiento forestal, pesca y caza",2008,2,2008-06-01,0,0.0
107656,España,"11 Agricultura, cría y explotación de animales, aprovechamiento forestal, pesca y caza",2009,2,2009-06-01,C,
109253,Irlanda,"11 Agricultura, cría y explotación de animales, aprovechamiento forestal, pesca y caza",2009,2,2009-06-01,0,0.0
109365,Israel,"11 Agricultura, cría y explotación de animales, aprovechamiento forestal, pesca y caza",2009,2,2009-06-01,0,0.0
109770,Japón,"11 Agricultura, cría y explotación de animales, aprovechamiento forestal, pesca y caza",2009,2,2009-06-01,0,0.0
110334,Países Bajos,"11 Agricultura, cría y explotación de animales, aprovechamiento forestal, pesca y caza",2009,2,2009-06-01,C,
110975,Polonia,"11 Agricultura, cría y explotación de animales, aprovechamiento forestal, pesca y caza",2009,2,2009-06-01,0,0.0
111541,Singapur,"11 Agricultura, cría y explotación de animales, aprovechamiento forestal, pesca y caza",2009,2,2009-06-01,0,0.0
105287,Australia,"11 Agricultura, cría y explotación de animales, aprovechamiento forestal, pesca y caza",2009,2,2009-06-01,0,0.0
106733,Colombia,"11 Agricultura, cría y explotación de animales, aprovechamiento forestal, pesca y caza",2009,2,2009-06-01,0,0.0
137780,Bélgica,"11 Agricultura, cría y explotación de animales, aprovechamiento forestal, pesca y caza",2010,2,2010-06-01,0,0.0
137941,Belice,"11 Agricultura, cría y explotación de animales, aprovechamiento forestal, pesca y caza",2010,2,2010-06-01,0,0.0
138739,"China, República Popular de","11 Agricultura, cría y explotación de animales, aprovechamiento forestal, pesca y caza",2010,2,2010-06-01,0,0.0
138969,Colombia,"11 Agricultura, cría y explotación de animales, aprovechamiento forestal, pesca y caza",2010,2,2010-06-01,0,0.0
139892,España,"11 Agricultura, cría y explotación de animales, aprovechamiento forestal, pesca y caza",2010,2,2010-06-01,0.23518599999999998,0.2351859999999999
141076,Guatemala,"11 Agricultura, cría y explotación de animales, aprovechamiento forestal, pesca y caza",2010,2,2010-06-01,0,0.0
142006,Japón,"11 Agricultura, cría y explotación de animales, aprovechamiento forestal, pesca y caza",2010,2,2010-06-01,0,0.0
143211,Polonia,"11 Agricultura, cría y explotación de animales, aprovechamiento forestal, pesca y caza",2010,2,2010-06-01,0,0.0
143445,Reino Unido de la Gran Bretaña e Irlanda del Norte,"11 Agricultura, cría y explotación de animales, aprovechamiento forestal, pesca y caza",2010,2,2010-06-01,0,0.0
144095,Suiza,"11 Agricultura, cría y explotación de animales, aprovechamiento forestal, pesca y caza",2010,2,2010-06-01,0,0.0
144556,"Venezuela, República Bolivariana de","11 Agricultura, cría y explotación de animales, aprovechamiento forestal, pesca y caza",2010,2,2010-06-01,0,0.0
169510,Argentina,"11 Agricultura, cría y explotación de animales, aprovechamiento forestal, pesca y caza",2011,2,2011-06-01,0,0.0
169759,Australia,"11 Agricultura, cría y explotación de animales, aprovechamiento forestal, pesca y caza",2011,2,2011-06-01,0,0.0
170764,Chile,"11 Agricultura, cría y explotación de animales, aprovechamiento forestal, pesca y caza",2011,2,2011-06-01,0,0.0
172128,España,"11 Agricultura, cría y explotación de animales, aprovechamiento forestal, pesca y caza",2011,2,2011-06-01,0,0.0
173312,Guatemala,"11 Agricultura, cría y explotación de animales, aprovechamiento forestal, pesca y caza",2011,2,2011-06-01,0,0.0
175447,Polonia,"11 Agricultura, cría y explotación de animales, aprovechamiento forestal, pesca y caza",2011,2,2011-06-01,0,0.0
175681,Reino Unido de la Gran Bretaña e Irlanda del Norte,"11 Agricultura, cría y explotación de animales, aprovechamiento forestal, pesca y caza",2011,2,2011-06-01,0,0.0
176792,"Venezuela, República Bolivariana de","11 Agricultura, cría y explotación de animales, aprovechamiento forestal, pesca y caza",2011,2,2011-06-01,0,0.0
177029,Otros países,"11 Agricultura, cría y explotación de animales, aprovechamiento forestal, pesca y caza",2011,2,2011-06-01,0,0.0
207917,Reino Unido de la Gran Bretaña e Irlanda del Norte,"11 Agricultura, cría y explotación de animales, aprovechamiento forestal, pesca y caza",2012,2,2012-06-01,0,0.0
208249,Singapur,"11 Agricultura, cría y explotación de animales, aprovechamiento forestal, pesca y caza",2012,2,2012-06-01,0,0.0
201746,Argentina,"11 Agricultura, cría y explotación de animales, aprovechamiento forestal, pesca y caza",2012,2,2012-06-01,0,0.0
202413,Belice,"11 Agricultura, cría y explotación de animales, aprovechamiento forestal, pesca y caza",2012,2,2012-06-01,0,0.0
203000,Chile,"11 Agricultura, cría y explotación de animales, aprovechamiento forestal, pesca y caza",2012,2,2012-06-01,0,0.0
203441,Colombia,"11 Agricultura, cría y explotación de animales, aprovechamiento forestal, pesca y caza",2012,2,2012-06-01,0,0.0
203923,Costa Rica,"11 Agricultura, cría y explotación de animales, aprovechamiento forestal, pesca y caza",2012,2,2012-06-01,0,0.0
205085,Federación de Rusia,"11 Agricultura, cría y explotación de animales, aprovechamiento forestal, pesca y caza",2012,2,2012-06-01,0,0.0
205548,Guatemala,"11 Agricultura, cría y explotación de animales, aprovechamiento forestal, pesca y caza",2012,2,2012-06-01,0,0.0
206478,Japón,"11 Agricultura, cría y explotación de animales, aprovechamiento forestal, pesca y caza",2012,2,2012-06-01,0,0.0
234649,Belice,"11 Agricultura, cría y explotación de animales, aprovechamiento forestal, pesca y caza",2013,2,2013-06-01,0,0.0
234701,Brasil,"11 Agricultura, cría y explotación de animales, aprovechamiento forestal, pesca y caza",2013,2,2013-06-01,0,0.0
236600,España,"11 Agricultura, cría y explotación de animales, aprovechamiento forestal, pesca y caza",2013,2,2013-06-01,0,0.0
238197,Irlanda,"11 Agricultura, cría y explotación de animales, aprovechamiento forestal, pesca y caza",2013,2,2013-06-01,0,0.0
239202,Nueva Zelandia,"11 Agricultura, cría y explotación de animales, aprovechamiento forestal, pesca y caza",2013,2,2013-06-01,0,0.0
239278,Países Bajos,"11 Agricultura, cría y explotación de animales, aprovechamiento forestal, pesca y caza",2013,2,2013-06-01,0,0.0
240153,Reino Unido de la Gran Bretaña e Irlanda del Norte,"11 Agricultura, cría y explotación de animales, aprovechamiento forestal, pesca y caza",2013,2,2013-06-01,0,0.0
240803,Suiza,"11 Agricultura, cría y explotación de animales, aprovechamiento forestal, pesca y caza",2013,2,2013-06-01,0,0.0
266467,Australia,"11 Agricultura, cría y explotación de animales, aprovechamiento forestal, pesca y caza",2014,2,2014-06-01,0,0.0
266724,Bélgica,"11 Agricultura, cría y explotación de animales, aprovechamiento forestal, pesca y caza",2014,2,2014-06-01,0,0.0
267159,Canadá,"11 Agricultura, cría y explotación de animales, aprovechamiento forestal, pesca y caza",2014,2,2014-06-01,C,
267472,Chile,"11 Agricultura, cría y explotación de animales, aprovechamiento forestal, pesca y caza",2014,2,2014-06-01,C,
268836,España,"11 Agricultura, cría y explotación de animales, aprovechamiento forestal, pesca y caza",2014,2,2014-06-01,C,
269750,Francia,"11 Agricultura, cría y explotación de animales, aprovechamiento forestal, pesca y caza",2014,2,2014-06-01,0,0.0
270020,Guatemala,"11 Agricultura, cría y explotación de animales, aprovechamiento forestal, pesca y caza",2014,2,2014-06-01,C,
270950,Japón,"11 Agricultura, cría y explotación de animales, aprovechamiento forestal, pesca y caza",2014,2,2014-06-01,0,0.0
271974,Perú,"11 Agricultura, cría y explotación de animales, aprovechamiento forestal, pesca y caza",2014,2,2014-06-01,0,0.0
272155,Polonia,"11 Agricultura, cría y explotación de animales, aprovechamiento forestal, pesca y caza",2014,2,2014-06-01,0,0.0
273362,Uruguay,"11 Agricultura, cría y explotación de animales, aprovechamiento forestal, pesca y caza",2014,2,2014-06-01,0,0.0
273500,"Venezuela, República Bolivariana de","11 Agricultura, cría y explotación de animales, aprovechamiento forestal, pesca y caza",2014,2,2014-06-01,0,0.0
298703,Australia,"11 Agricultura, cría y explotación de animales, aprovechamiento forestal, pesca y caza",2015,2,2015-06-01,0,0.0
298960,Bélgica,"11 Agricultura, cría y explotación de animales, aprovechamiento forestal, pesca y caza",2015,2,2015-06-01,0,0.0
299919,"China, República Popular de","11 Agricultura, cría y explotación de animales, aprovechamiento forestal, pesca y caza",2015,2,2015-06-01,0,0.0
300149,Colombia,"11 Agricultura, cría y explotación de animales, aprovechamiento forestal, pesca y caza",2015,2,2015-06-01,0,0.0
301072,España,"11 Agricultura, cría y explotación de animales, aprovechamiento forestal, pesca y caza",2015,2,2015-06-01,0,0.0
301986,Francia,"11 Agricultura, cría y explotación de animales, aprovechamiento forestal, pesca y caza",2015,2,2015-06-01,0,0.0
302256,Guatemala,"11 Agricultura, cría y explotación de animales, aprovechamiento forestal, pesca y caza",2015,2,2015-06-01,0,0.0
303186,Japón,"11 Agricultura, cría y explotación de animales, aprovechamiento forestal, pesca y caza",2015,2,2015-06-01,0,0.0
304210,Perú,"11 Agricultura, cría y explotación de animales, aprovechamiento forestal, pesca y caza",2015,2,2015-06-01,0,0.0
304391,Polonia,"11 Agricultura, cría y explotación de animales, aprovechamiento forestal, pesca y caza",2015,2,2015-06-01,C,
305275,Suiza,"11 Agricultura, cría y explotación de animales, aprovechamiento forestal, pesca y caza",2015,2,2015-06-01,0,0.0
305598,Uruguay,"11 Agricultura, cría y explotación de animales, aprovechamiento forestal, pesca y caza",2015,2,2015-06-01,0,0.0
331196,Bélgica,"11 Agricultura, cría y explotación de animales, aprovechamiento forestal, pesca y caza",2016,2,2016-06-01,0,0.0
331357,Belice,"11 Agricultura, cría y explotación de animales, aprovechamiento forestal, pesca y caza",2016,2,2016-06-01,0,0.0
332155,"China, República Popular de","11 Agricultura, cría y explotación de animales, aprovechamiento forestal, pesca y caza",2016,2,2016-06-01,0,0.0
332385,Colombia,"11 Agricultura, cría y explotación de animales, aprovechamiento forestal, pesca y caza",2016,2,2016-06-01,0,0.0
333308,España,"11 Agricultura, cría y explotación de animales, aprovechamiento forestal, pesca y caza",2016,2,2016-06-01,0,0.0
334492,Guatemala,"11 Agricultura, cría y explotación de animales, aprovechamiento forestal, pesca y caza",2016,2,2016-06-01,0,0.0
335422,Japón,"11 Agricultura, cría y explotación de animales, aprovechamiento forestal, pesca y caza",2016,2,2016-06-01,0,0.0
336627,Polonia,"11 Agricultura, cría y explotación de animales, aprovechamiento forestal, pesca y caza",2016,2,2016-06-01,0,0.0
336861,Reino Unido de la Gran Bretaña e Irlanda del Norte,"11 Agricultura, cría y explotación de animales, aprovechamiento forestal, pesca y caza",2016,2,2016-06-01,0,0.0
337834,Uruguay,"11 Agricultura, cría y explotación de animales, aprovechamiento forestal, pesca y caza",2016,2,2016-06-01,0,0.0
363432,Bélgica,"11 Agricultura, cría y explotación de animales, aprovechamiento forestal, pesca y caza",2017,2,2017-06-01,0,0.0
363593,Belice,"11 Agricultura, cría y explotación de animales, aprovechamiento forestal, pesca y caza",2017,2,2017-06-01,0,0.0
363645,Brasil,"11 Agricultura, cría y explotación de animales, aprovechamiento forestal, pesca y caza",2017,2,2017-06-01,C,
364621,Colombia,"11 Agricultura, cría y explotación de animales, aprovechamiento forestal, pesca y caza",2017,2,2017-06-01,0,0.0
365544,España,"11 Agricultura, cría y explotación de animales, aprovechamiento forestal, pesca y caza",2017,2,2017-06-01,C,
365880,Estados Unidos de América,"11 Agricultura, cría y explotación de animales, aprovechamiento forestal, pesca y caza",2017,2,2017-06-01,58.286437709999987,58.286437709999994
366728,Guatemala,"11 Agricultura, cría y explotación de animales, aprovechamiento forestal, pesca y caza",2017,2,2017-06-01,0,0.0
529402,Países Bajos,"11 Agricultura, cría y explotación de animales, aprovechamiento forestal, pesca y caza",2022,2,2022-06-01,C,
369097,Reino Unido de la Gran Bretaña e Irlanda del Norte,"11 Agricultura, cría y explotación de animales, aprovechamiento forestal, pesca y caza",2017,2,2017-06-01,0,0.0
370070,Uruguay,"11 Agricultura, cría y explotación de animales, aprovechamiento forestal, pesca y caza",2017,2,2017-06-01,0,0.0
370208,"Venezuela, República Bolivariana de","11 Agricultura, cría y explotación de animales, aprovechamiento forestal, pesca y caza",2017,2,2017-06-01,0,0.0
395668,Bélgica,"11 Agricultura, cría y explotación de animales, aprovechamiento forestal, pesca y caza",2018,2,2018-06-01,0,0.0
395829,Belice,"11 Agricultura, cría y explotación de animales, aprovechamiento forestal, pesca y caza",2018,2,2018-06-01,0,0.0
395881,Brasil,"11 Agricultura, cría y explotación de animales, aprovechamiento forestal, pesca y caza",2018,2,2018-06-01,0,0.0
396857,Colombia,"11 Agricultura, cría y explotación de animales, aprovechamiento forestal, pesca y caza",2018,2,2018-06-01,0,0.0
397780,España,"11 Agricultura, cría y explotación de animales, aprovechamiento forestal, pesca y caza",2018,2,2018-06-01,C,
398116,Estados Unidos de América,"11 Agricultura, cría y explotación de animales, aprovechamiento forestal, pesca y caza",2018,2,2018-06-01,23.736408900000008,23.736408900000008
398964,Guatemala,"11 Agricultura, cría y explotación de animales, aprovechamiento forestal, pesca y caza",2018,2,2018-06-01,0,0.0
401099,Polonia,"11 Agricultura, cría y explotación de animales, aprovechamiento forestal, pesca y caza",2018,2,2018-06-01,0,0.0
401333,Reino Unido de la Gran Bretaña e Irlanda del Norte,"11 Agricultura, cría y explotación de animales, aprovechamiento forestal, pesca y caza",2018,2,2018-06-01,0,0.0
402306,Uruguay,"11 Agricultura, cría y explotación de animales, aprovechamiento forestal, pesca y caza",2018,2,2018-06-01,0,0.0
402444,"Venezuela, República Bolivariana de","11 Agricultura, cría y explotación de animales, aprovechamiento forestal, pesca y caza",2018,2,2018-06-01,0,0.0
427647,Australia,"11 Agricultura, cría y explotación de animales, aprovechamiento forestal, pesca y caza",2019,2,2019-06-01,0,0.0
428652,Chile,"11 Agricultura, cría y explotación de animales, aprovechamiento forestal, pesca y caza",2019,2,2019-06-01,0,0.0
428863,"China, República Popular de","11 Agricultura, cría y explotación de animales, aprovechamiento forestal, pesca y caza",2019,2,2019-06-01,0,0.0
430352,Estados Unidos de América,"11 Agricultura, cría y explotación de animales, aprovechamiento forestal, pesca y caza",2019,2,2019-06-01,69.557798240000011,69.55779824000001
430930,Francia,"11 Agricultura, cría y explotación de animales, aprovechamiento forestal, pesca y caza",2019,2,2019-06-01,0,0.0
431485,India,"11 Agricultura, cría y explotación de animales, aprovechamiento forestal, pesca y caza",2019,2,2019-06-01,0,0.0
432130,Japón,"11 Agricultura, cría y explotación de animales, aprovechamiento forestal, pesca y caza",2019,2,2019-06-01,0,0.0
432618,Nueva Zelandia,"11 Agricultura, cría y explotación de animales, aprovechamiento forestal, pesca y caza",2019,2,2019-06-01,0,0.0
432694,Países Bajos,"11 Agricultura, cría y explotación de animales, aprovechamiento forestal, pesca y caza",2019,2,2019-06-01,C,
433154,Perú,"11 Agricultura, cría y explotación de animales, aprovechamiento forestal, pesca y caza",2019,2,2019-06-01,0,0.0
434219,Suiza,"11 Agricultura, cría y explotación de animales, aprovechamiento forestal, pesca y caza",2019,2,2019-06-01,C,
460140,Bélgica,"11 Agricultura, cría y explotación de animales, aprovechamiento forestal, pesca y caza",2020,2,2020-06-01,0,0.0
460301,Belice,"11 Agricultura, cría y explotación de animales, aprovechamiento forestal, pesca y caza",2020,2,2020-06-01,0,0.0
460353,Brasil,"11 Agricultura, cría y explotación de animales, aprovechamiento forestal, pesca y caza",2020,2,2020-06-01,C,
461329,Colombia,"11 Agricultura, cría y explotación de animales, aprovechamiento forestal, pesca y caza",2020,2,2020-06-01,0,0.0
462252,España,"11 Agricultura, cría y explotación de animales, aprovechamiento forestal, pesca y caza",2020,2,2020-06-01,C,
463436,Guatemala,"11 Agricultura, cría y explotación de animales, aprovechamiento forestal, pesca y caza",2020,2,2020-06-01,0,0.0
465571,Polonia,"11 Agricultura, cría y explotación de animales, aprovechamiento forestal, pesca y caza",2020,2,2020-06-01,0,0.0
465805,Reino Unido de la Gran Bretaña e Irlanda del Norte,"11 Agricultura, cría y explotación de animales, aprovechamiento forestal, pesca y caza",2020,2,2020-06-01,0,0.0
466778,Uruguay,"11 Agricultura, cría y explotación de animales, aprovechamiento forestal, pesca y caza",2020,2,2020-06-01,0,0.0
495672,Guatemala,"11 Agricultura, cría y explotación de animales, aprovechamiento forestal, pesca y caza",2021,2,2021-06-01,0,0.0
496344,Italia,"11 Agricultura, cría y explotación de animales, aprovechamiento forestal, pesca y caza",2021,2,2021-06-01,0,0.0
497626,Perú,"11 Agricultura, cría y explotación de animales, aprovechamiento forestal, pesca y caza",2021,2,2021-06-01,0,0.0
498041,Reino Unido de la Gran Bretaña e Irlanda del Norte,"11 Agricultura, cría y explotación de animales, aprovechamiento forestal, pesca y caza",2021,2,2021-06-01,0,0.0
492811,Canadá,"11 Agricultura, cría y explotación de animales, aprovechamiento forestal, pesca y caza",2021,2,2021-06-01,0,0.0
493335,"China, República Popular de","11 Agricultura, cría y explotación de animales, aprovechamiento forestal, pesca y caza",2021,2,2021-06-01,0,0.0
499152,"Venezuela, República Bolivariana de","11 Agricultura, cría y explotación de animales, aprovechamiento forestal, pesca y caza",2021,2,2021-06-01,0,0.0
494488,España,"11 Agricultura, cría y explotación de animales, aprovechamiento forestal, pesca y caza",2021,2,2021-06-01,C,
494824,Estados Unidos de América,"11 Agricultura, cría y explotación de animales, aprovechamiento forestal, pesca y caza",2021,2,2021-06-01,-19.275796010000001,-19.27579601
528321,Irlanda,"11 Agricultura, cría y explotación de animales, aprovechamiento forestal, pesca y caza",2022,2,2022-06-01,0,0.0
528433,Israel,"11 Agricultura, cría y explotación de animales, aprovechamiento forestal, pesca y caza",2022,2,2022-06-01,0,0.0
528580,Italia,"11 Agricultura, cría y explotación de animales, aprovechamiento forestal, pesca y caza",2022,2,2022-06-01,0,0.0
528838,Japón,"11 Agricultura, cría y explotación de animales, aprovechamiento forestal, pesca y caza",2022,2,2022-06-01,0,0.0
529862,Perú,"11 Agricultura, cría y explotación de animales, aprovechamiento forestal, pesca y caza",2022,2,2022-06-01,0,0.0
530043,Polonia,"11 Agricultura, cría y explotación de animales, aprovechamiento forestal, pesca y caza",2022,2,2022-06-01,0,0.0
530927,Suiza,"11 Agricultura, cría y explotación de animales, aprovechamiento forestal, pesca y caza",2022,2,2022-06-01,0,0.0
524612,Bélgica,"11 Agricultura, cría y explotación de animales, aprovechamiento forestal, pesca y caza",2022,2,2022-06-01,0,0.0
525571,"China, República Popular de","11 Agricultura, cría y explotación de animales, aprovechamiento forestal, pesca y caza",2022,2,2022-06-01,0,0.0
525801,Colombia,"11 Agricultura, cría y explotación de animales, aprovechamiento forestal, pesca y caza",2022,2,2022-06-01,0,0.0
526724,España,"11 Agricultura, cría y explotación de animales, aprovechamiento forestal, pesca y caza",2022,2,2022-06-01,C,
527638,Francia,"11 Agricultura, cría y explotación de animales, aprovechamiento forestal, pesca y caza",2022,2,2022-06-01,0,0.0
527908,Guatemala,"11 Agricultura, cría y explotación de animales, aprovechamiento forestal, pesca y caza",2022,2,2022-06-01,0,0.0
561562,Nueva Zelandia,"11 Agricultura, cría y explotación de animales, aprovechamiento forestal, pesca y caza",2023,2,2023-06-01,0,0.0
561638,Países Bajos,"11 Agricultura, cría y explotación de animales, aprovechamiento forestal, pesca y caza",2023,2,2023-06-01,0,0.0
563163,Suiza,"11 Agricultura, cría y explotación de animales, aprovechamiento forestal, pesca y caza",2023,2,2023-06-01,0,0.0
563624,"Venezuela, República Bolivariana de","11 Agricultura, cría y explotación de animales, aprovechamiento forestal, pesca y caza",2023,2,2023-06-01,0,0.0
556591,Australia,"11 Agricultura, cría y explotación de animales, aprovechamiento forestal, pesca y caza",2023,2,2023-06-01,0,0.0
556848,Bélgica,"11 Agricultura, cría y explotación de animales, aprovechamiento forestal, pesca y caza",2023,2,2023-06-01,0,0.0
557807,"China, República Popular de","11 Agricultura, cría y explotación de animales, aprovechamiento forestal, pesca y caza",2023,2,2023-06-01,0,0.0
558519,Costa Rica,"11 Agricultura, cría y explotación de animales, aprovechamiento forestal, pesca y caza",2023,2,2023-06-01,0,0.0
559681,Federación de Rusia,"11 Agricultura, cría y explotación de animales, aprovechamiento forestal, pesca y caza",2023,2,2023-06-01,0,0.0
560557,Irlanda,"11 Agricultura, cría y explotación de animales, aprovechamiento forestal, pesca y caza",2023,2,2023-06-01,0,0.0
560669,Israel,"11 Agricultura, cría y explotación de animales, aprovechamiento forestal, pesca y caza",2023,2,2023-06-01,0,0.0
560816,Italia,"11 Agricultura, cría y explotación de animales, aprovechamiento forestal, pesca y caza",2023,2,2023-06-01,0,0.0
8579,Australia,"11 Agricultura, cría y explotación de animales, aprovechamiento forestal, pesca y caza",2006,2,2006-06-01,0,0.0
8997,Belice,"11 Agricultura, cría y explotación de animales, aprovechamiento forestal, pesca y caza",2006,2,2006-06-01,0,0.0
9795,"China, República Popular de","11 Agricultura, cría y explotación de animales, aprovechamiento forestal, pesca y caza",2006,2,2006-06-01,0,0.0
10280,"Corea, República de","11 Agricultura, cría y explotación de animales, aprovechamiento forestal, pesca y caza",2006,2,2006-06-01,0,0.0
11669,Federación de Rusia,"11 Agricultura, cría y explotación de animales, aprovechamiento forestal, pesca y caza",2006,2,2006-06-01,0,0.0
11862,Francia,"11 Agricultura, cría y explotación de animales, aprovechamiento forestal, pesca y caza",2006,2,2006-06-01,0,0.0
12417,India,"11 Agricultura, cría y explotación de animales, aprovechamiento forestal, pesca y caza",2006,2,2006-06-01,0,0.0
12545,Irlanda,"11 Agricultura, cría y explotación de animales, aprovechamiento forestal, pesca y caza",2006,2,2006-06-01,0,0.0
13550,Nueva Zelandia,"11 Agricultura, cría y explotación de animales, aprovechamiento forestal, pesca y caza",2006,2,2006-06-01,0,0.0
13626,Países Bajos,"11 Agricultura, cría y explotación de animales, aprovechamiento forestal, pesca y caza",2006,2,2006-06-01,C,
15474,Uruguay,"11 Agricultura, cría y explotación de animales, aprovechamiento forestal, pesca y caza",2006,2,2006-06-01,0,0.0
588308,Alemania,"11 Agricultura, cría y explotación de animales, aprovechamiento forestal, pesca y caza",2024,2,2024-06-01,0,0.0
588578,Argentina,"11 Agricultura, cría y explotación de animales, aprovechamiento forestal, pesca y caza",2024,2,2024-06-01,0,0.0
589519,Canadá,"11 Agricultura, cría y explotación de animales, aprovechamiento forestal, pesca y caza",2024,2,2024-06-01,0,0.0
590528,"Corea, República de","11 Agricultura, cría y explotación de animales, aprovechamiento forestal, pesca y caza",2024,2,2024-06-01,0,0.0
590755,Costa Rica,"11 Agricultura, cría y explotación de animales, aprovechamiento forestal, pesca y caza",2024,2,2024-06-01,0,0.0
592665,India,"11 Agricultura, cría y explotación de animales, aprovechamiento forestal, pesca y caza",2024,2,2024-06-01,0,0.0
592793,Irlanda,"11 Agricultura, cría y explotación de animales, aprovechamiento forestal, pesca y caza",2024,2,2024-06-01,0,0.0
592905,Israel,"11 Agricultura, cría y explotación de animales, aprovechamiento forestal, pesca y caza",2024,2,2024-06-01,0,0.0
593798,Nueva Zelandia,"11 Agricultura, cría y explotación de animales, aprovechamiento forestal, pesca y caza",2024,2,2024-06-01,0,0.0
593874,Países Bajos,"11 Agricultura, cría y explotación de animales, aprovechamiento forestal, pesca y caza",2024,2,2024-06-01,0,0.0
594334,Perú,"11 Agricultura, cría y explotación de animales, aprovechamiento forestal, pesca y caza",2024,2,2024-06-01,0,0.0
595399,Suiza,"11 Agricultura, cría y explotación de animales, aprovechamiento forestal, pesca y caza",2024,2,2024-06-01,0,0.0
41072,Bélgica,"11 Agricultura, cría y explotación de animales, aprovechamiento forestal, pesca y caza",2007,2,2007-06-01,0,0.0
41233,Belice,"11 Agricultura, cría y explotación de animales, aprovechamiento forestal, pesca y caza",2007,2,2007-06-01,0,0.0
41285,Brasil,"11 Agricultura, cría y explotación de animales, aprovechamiento forestal, pesca y caza",2007,2,2007-06-01,C,
42261,Colombia,"11 Agricultura, cría y explotación de animales, aprovechamiento forestal, pesca y caza",2007,2,2007-06-01,0,0.0
43520,Estados Unidos de América,"11 Agricultura, cría y explotación de animales, aprovechamiento forestal, pesca y caza",2007,2,2007-06-01,0.83499899999999971,0.8349989999999997
44368,Guatemala,"11 Agricultura, cría y explotación de animales, aprovechamiento forestal, pesca y caza",2007,2,2007-06-01,0,0.0
46503,Polonia,"11 Agricultura, cría y explotación de animales, aprovechamiento forestal, pesca y caza",2007,2,2007-06-01,0,0.0
46737,Reino Unido de la Gran Bretaña e Irlanda del Norte,"11 Agricultura, cría y explotación de animales, aprovechamiento forestal, pesca y caza",2007,2,2007-06-01,C,
47387,Suiza,"11 Agricultura, cría y explotación de animales, aprovechamiento forestal, pesca y caza",2007,2,2007-06-01,C,
72532,Alemania,"11 Agricultura, cría y explotación de animales, aprovechamiento forestal, pesca y caza",2008,2,2008-06-01,C,
72802,Argentina,"11 Agricultura, cría y explotación de animales, aprovechamiento forestal, pesca y caza",2008,2,2008-06-01,0,0.0
73743,Canadá,"11 Agricultura, cría y explotación de animales, aprovechamiento forestal, pesca y caza",2008,2,2008-06-01,C,
74752,"Corea, República de","11 Agricultura, cría y explotación de animales, aprovechamiento forestal, pesca y caza",2008,2,2008-06-01,0,0.0
74979,Costa Rica,"11 Agricultura, cría y explotación de animales, aprovechamiento forestal, pesca y caza",2008,2,2008-06-01,C,
75756,Estados Unidos de América,"11 Agricultura, cría y explotación de animales, aprovechamiento forestal, pesca y caza",2008,2,2008-06-01,16.925079,16.925079
76889,India,"11 Agricultura, cría y explotación de animales, aprovechamiento forestal, pesca y caza",2008,2,2008-06-01,0,0.0
77017,Irlanda,"11 Agricultura, cría y explotación de animales, aprovechamiento forestal, pesca y caza",2008,2,2008-06-01,0,0.0
77129,Israel,"11 Agricultura, cría y explotación de animales, aprovechamiento forestal, pesca y caza",2008,2,2008-06-01,0,0.0
78022,Nueva Zelandia,"11 Agricultura, cría y explotación de animales, aprovechamiento forestal, pesca y caza",2008,2,2008-06-01,0,0.0
78098,Países Bajos,"11 Agricultura, cría y explotación de animales, aprovechamiento forestal, pesca y caza",2008,2,2008-06-01,C,
79305,Singapur,"11 Agricultura, cría y explotación de animales, aprovechamiento forestal, pesca y caza",2008,2,2008-06-01,0,0.0
80321,Otros países,"11 Agricultura, cría y explotación de animales, aprovechamiento forestal, pesca y caza",2008,2,2008-06-01,0,0.0
108570,Francia,"11 Agricultura, cría y explotación de animales, aprovechamiento forestal, pesca y caza",2009,2,2009-06-01,0,0.0
109125,India,"11 Agricultura, cría y explotación de animales, aprovechamiento forestal, pesca y caza",2009,2,2009-06-01,0,0.0
110258,Nueva Zelandia,"11 Agricultura, cría y explotación de animales, aprovechamiento forestal, pesca y caza",2009,2,2009-06-01,0,0.0
110794,Perú,"11 Agricultura, cría y explotación de animales, aprovechamiento forestal, pesca y caza",2009,2,2009-06-01,0,0.0
112320,"Venezuela, República Bolivariana de","11 Agricultura, cría y explotación de animales, aprovechamiento forestal, pesca y caza",2009,2,2009-06-01,0,0.0
104768,Alemania,"11 Agricultura, cría y explotación de animales, aprovechamiento forestal, pesca y caza",2009,2,2009-06-01,0,0.0
105038,Argentina,"11 Agricultura, cría y explotación de animales, aprovechamiento forestal, pesca y caza",2009,2,2009-06-01,0,0.0
105979,Canadá,"11 Agricultura, cría y explotación de animales, aprovechamiento forestal, pesca y caza",2009,2,2009-06-01,C,
106988,"Corea, República de","11 Agricultura, cría y explotación de animales, aprovechamiento forestal, pesca y caza",2009,2,2009-06-01,0,0.0
107215,Costa Rica,"11 Agricultura, cría y explotación de animales, aprovechamiento forestal, pesca y caza",2009,2,2009-06-01,0,0.0
137274,Argentina,"11 Agricultura, cría y explotación de animales, aprovechamiento forestal, pesca y caza",2010,2,2010-06-01,0,0.0
137523,Australia,"11 Agricultura, cría y explotación de animales, aprovechamiento forestal, pesca y caza",2010,2,2010-06-01,0,0.0
138528,Chile,"11 Agricultura, cría y explotación de animales, aprovechamiento forestal, pesca y caza",2010,2,2010-06-01,0,0.0
139451,Costa Rica,"11 Agricultura, cría y explotación de animales, aprovechamiento forestal, pesca y caza",2010,2,2010-06-01,0,0.0
140613,Federación de Rusia,"11 Agricultura, cría y explotación de animales, aprovechamiento forestal, pesca y caza",2010,2,2010-06-01,0,0.0
140806,Francia,"11 Agricultura, cría y explotación de animales, aprovechamiento forestal, pesca y caza",2010,2,2010-06-01,0,0.0
141601,Israel,"11 Agricultura, cría y explotación de animales, aprovechamiento forestal, pesca y caza",2010,2,2010-06-01,C,
141748,Italia,"11 Agricultura, cría y explotación de animales, aprovechamiento forestal, pesca y caza",2010,2,2010-06-01,0,0.0
142830,Panamá,"11 Agricultura, cría y explotación de animales, aprovechamiento forestal, pesca y caza",2010,2,2010-06-01,0,0.0
143030,Perú,"11 Agricultura, cría y explotación de animales, aprovechamiento forestal, pesca y caza",2010,2,2010-06-01,0,0.0
143777,Singapur,"11 Agricultura, cría y explotación de animales, aprovechamiento forestal, pesca y caza",2010,2,2010-06-01,C,
144418,Uruguay,"11 Agricultura, cría y explotación de animales, aprovechamiento forestal, pesca y caza",2010,2,2010-06-01,0,0.0
169240,Alemania,"11 Agricultura, cría y explotación de animales, aprovechamiento forestal, pesca y caza",2011,2,2011-06-01,0,0.0
170229,Brasil,"11 Agricultura, cría y explotación de animales, aprovechamiento forestal, pesca y caza",2011,2,2011-06-01,0,0.0
170451,Canadá,"11 Agricultura, cría y explotación de animales, aprovechamiento forestal, pesca y caza",2011,2,2011-06-01,1.0967510000000003,1.0967510000000005
171460,"Corea, República de","11 Agricultura, cría y explotación de animales, aprovechamiento forestal, pesca y caza",2011,2,2011-06-01,0,0.0
172464,Estados Unidos de América,"11 Agricultura, cría y explotación de animales, aprovechamiento forestal, pesca y caza",2011,2,2011-06-01,13.613537489999997,13.613537489999995
173984,Italia,"11 Agricultura, cría y explotación de animales, aprovechamiento forestal, pesca y caza",2011,2,2011-06-01,0,0.0
174242,Japón,"11 Agricultura, cría y explotación de animales, aprovechamiento forestal, pesca y caza",2011,2,2011-06-01,0,0.0
175066,Panamá,"11 Agricultura, cría y explotación de animales, aprovechamiento forestal, pesca y caza",2011,2,2011-06-01,C,
175266,Perú,"11 Agricultura, cría y explotación de animales, aprovechamiento forestal, pesca y caza",2011,2,2011-06-01,0,0.0
176331,Suiza,"11 Agricultura, cría y explotación de animales, aprovechamiento forestal, pesca y caza",2011,2,2011-06-01,C,
206966,Nueva Zelandia,"11 Agricultura, cría y explotación de animales, aprovechamiento forestal, pesca y caza",2012,2,2012-06-01,0,0.0
207042,Países Bajos,"11 Agricultura, cría y explotación de animales, aprovechamiento forestal, pesca y caza",2012,2,2012-06-01,C,
207502,Perú,"11 Agricultura, cría y explotación de animales, aprovechamiento forestal, pesca y caza",2012,2,2012-06-01,0,0.0
207683,Polonia,"11 Agricultura, cría y explotación de animales, aprovechamiento forestal, pesca y caza",2012,2,2012-06-01,0,0.0
208890,Uruguay,"11 Agricultura, cría y explotación de animales, aprovechamiento forestal, pesca y caza",2012,2,2012-06-01,0,0.0
209028,"Venezuela, República Bolivariana de","11 Agricultura, cría y explotación de animales, aprovechamiento forestal, pesca y caza",2012,2,2012-06-01,0,0.0
209265,Otros países,"11 Agricultura, cría y explotación de animales, aprovechamiento forestal, pesca y caza",2012,2,2012-06-01,0,0.0
201995,Australia,"11 Agricultura, cría y explotación de animales, aprovechamiento forestal, pesca y caza",2012,2,2012-06-01,0,0.0
202252,Bélgica,"11 Agricultura, cría y explotación de animales, aprovechamiento forestal, pesca y caza",2012,2,2012-06-01,0,0.0
202687,Canadá,"11 Agricultura, cría y explotación de animales, aprovechamiento forestal, pesca y caza",2012,2,2012-06-01,C,
203211,"China, República Popular de","11 Agricultura, cría y explotación de animales, aprovechamiento forestal, pesca y caza",2012,2,2012-06-01,0,0.0
203696,"Corea, República de","11 Agricultura, cría y explotación de animales, aprovechamiento forestal, pesca y caza",2012,2,2012-06-01,0,0.0
204364,España,"11 Agricultura, cría y explotación de animales, aprovechamiento forestal, pesca y caza",2012,2,2012-06-01,C,
205278,Francia,"11 Agricultura, cría y explotación de animales, aprovechamiento forestal, pesca y caza",2012,2,2012-06-01,0,0.0
205833,India,"11 Agricultura, cría y explotación de animales, aprovechamiento forestal, pesca y caza",2012,2,2012-06-01,0,0.0
205961,Irlanda,"11 Agricultura, cría y explotación de animales, aprovechamiento forestal, pesca y caza",2012,2,2012-06-01,0,0.0
206073,Israel,"11 Agricultura, cría y explotación de animales, aprovechamiento forestal, pesca y caza",2012,2,2012-06-01,0,0.0
233712,Alemania,"11 Agricultura, cría y explotación de animales, aprovechamiento forestal, pesca y caza",2013,2,2013-06-01,0,0.0
234231,Australia,"11 Agricultura, cría y explotación de animales, aprovechamiento forestal, pesca y caza",2013,2,2013-06-01,0,0.0
234923,Canadá,"11 Agricultura, cría y explotación de animales, aprovechamiento forestal, pesca y caza",2013,2,2013-06-01,C,
235447,"China, República Popular de","11 Agricultura, cría y explotación de animales, aprovechamiento forestal, pesca y caza",2013,2,2013-06-01,0,0.0
235932,"Corea, República de","11 Agricultura, cría y explotación de animales, aprovechamiento forestal, pesca y caza",2013,2,2013-06-01,0,0.0
236936,Estados Unidos de América,"11 Agricultura, cría y explotación de animales, aprovechamiento forestal, pesca y caza",2013,2,2013-06-01,52.595341000000005,52.595341000000005
237514,Francia,"11 Agricultura, cría y explotación de animales, aprovechamiento forestal, pesca y caza",2013,2,2013-06-01,0,0.0
238069,India,"11 Agricultura, cría y explotación de animales, aprovechamiento forestal, pesca y caza",2013,2,2013-06-01,0,0.0
238714,Japón,"11 Agricultura, cría y explotación de animales, aprovechamiento forestal, pesca y caza",2013,2,2013-06-01,0,0.0
239738,Perú,"11 Agricultura, cría y explotación de animales, aprovechamiento forestal, pesca y caza",2013,2,2013-06-01,0,0.0
239919,Polonia,"11 Agricultura, cría y explotación de animales, aprovechamiento forestal, pesca y caza",2013,2,2013-06-01,0,0.0
241126,Uruguay,"11 Agricultura, cría y explotación de animales, aprovechamiento forestal, pesca y caza",2013,2,2013-06-01,0,0.0
241264,"Venezuela, República Bolivariana de","11 Agricultura, cría y explotación de animales, aprovechamiento forestal, pesca y caza",2013,2,2013-06-01,0,0.0
265948,Alemania,"11 Agricultura, cría y explotación de animales, aprovechamiento forestal, pesca y caza",2014,2,2014-06-01,0,0.0
266885,Belice,"11 Agricultura, cría y explotación de animales, aprovechamiento forestal, pesca y caza",2014,2,2014-06-01,0,0.0
266937,Brasil,"11 Agricultura, cría y explotación de animales, aprovechamiento forestal, pesca y caza",2014,2,2014-06-01,0,0.0
267913,Colombia,"11 Agricultura, cría y explotación de animales, aprovechamiento forestal, pesca y caza",2014,2,2014-06-01,0,0.0
268168,"Corea, República de","11 Agricultura, cría y explotación de animales, aprovechamiento forestal, pesca y caza",2014,2,2014-06-01,0,0.0
269172,Estados Unidos de América,"11 Agricultura, cría y explotación de animales, aprovechamiento forestal, pesca y caza",2014,2,2014-06-01,81.983837999999992,81.98383799999998
270305,India,"11 Agricultura, cría y explotación de animales, aprovechamiento forestal, pesca y caza",2014,2,2014-06-01,0,0.0
271438,Nueva Zelandia,"11 Agricultura, cría y explotación de animales, aprovechamiento forestal, pesca y caza",2014,2,2014-06-01,C,
271514,Países Bajos,"11 Agricultura, cría y explotación de animales, aprovechamiento forestal, pesca y caza",2014,2,2014-06-01,C,
272389,Reino Unido de la Gran Bretaña e Irlanda del Norte,"11 Agricultura, cría y explotación de animales, aprovechamiento forestal, pesca y caza",2014,2,2014-06-01,0,0.0
273039,Suiza,"11 Agricultura, cría y explotación de animales, aprovechamiento forestal, pesca y caza",2014,2,2014-06-01,C,
298454,Argentina,"11 Agricultura, cría y explotación de animales, aprovechamiento forestal, pesca y caza",2015,2,2015-06-01,0,0.0
299708,Chile,"11 Agricultura, cría y explotación de animales, aprovechamiento forestal, pesca y caza",2015,2,2015-06-01,0,0.0
300631,Costa Rica,"11 Agricultura, cría y explotación de animales, aprovechamiento forestal, pesca y caza",2015,2,2015-06-01,0,0.0
301793,Federación de Rusia,"11 Agricultura, cría y explotación de animales, aprovechamiento forestal, pesca y caza",2015,2,2015-06-01,0,0.0
302781,Israel,"11 Agricultura, cría y explotación de animales, aprovechamiento forestal, pesca y caza",2015,2,2015-06-01,0,0.0
302928,Italia,"11 Agricultura, cría y explotación de animales, aprovechamiento forestal, pesca y caza",2015,2,2015-06-01,0,0.0
304010,Panamá,"11 Agricultura, cría y explotación de animales, aprovechamiento forestal, pesca y caza",2015,2,2015-06-01,C,
304957,Singapur,"11 Agricultura, cría y explotación de animales, aprovechamiento forestal, pesca y caza",2015,2,2015-06-01,0,0.0
305973,Otros países,"11 Agricultura, cría y explotación de animales, aprovechamiento forestal, pesca y caza",2015,2,2015-06-01,0,0.0
330420,Alemania,"11 Agricultura, cría y explotación de animales, aprovechamiento forestal, pesca y caza",2016,2,2016-06-01,0,0.0
331409,Brasil,"11 Agricultura, cría y explotación de animales, aprovechamiento forestal, pesca y caza",2016,2,2016-06-01,C,
331631,Canadá,"11 Agricultura, cría y explotación de animales, aprovechamiento forestal, pesca y caza",2016,2,2016-06-01,C,
332640,"Corea, República de","11 Agricultura, cría y explotación de animales, aprovechamiento forestal, pesca y caza",2016,2,2016-06-01,0,0.0
333644,Estados Unidos de América,"11 Agricultura, cría y explotación de animales, aprovechamiento forestal, pesca y caza",2016,2,2016-06-01,82.153855710000016,82.15385571000002
334777,India,"11 Agricultura, cría y explotación de animales, aprovechamiento forestal, pesca y caza",2016,2,2016-06-01,0,0.0
334905,Irlanda,"11 Agricultura, cría y explotación de animales, aprovechamiento forestal, pesca y caza",2016,2,2016-06-01,0,0.0
335910,Nueva Zelandia,"11 Agricultura, cría y explotación de animales, aprovechamiento forestal, pesca y caza",2016,2,2016-06-01,0,0.0
335986,Países Bajos,"11 Agricultura, cría y explotación de animales, aprovechamiento forestal, pesca y caza",2016,2,2016-06-01,0,0.0
337972,"Venezuela, República Bolivariana de","11 Agricultura, cría y explotación de animales, aprovechamiento forestal, pesca y caza",2016,2,2016-06-01,0,0.0
338209,Otros países,"11 Agricultura, cría y explotación de animales, aprovechamiento forestal, pesca y caza",2016,2,2016-06-01,C,
362926,Argentina,"11 Agricultura, cría y explotación de animales, aprovechamiento forestal, pesca y caza",2017,2,2017-06-01,0,0.0
363175,Australia,"11 Agricultura, cría y explotación de animales, aprovechamiento forestal, pesca y caza",2017,2,2017-06-01,0,0.0
364180,Chile,"11 Agricultura, cría y explotación de animales, aprovechamiento forestal, pesca y caza",2017,2,2017-06-01,C,
364391,"China, República Popular de","11 Agricultura, cría y explotación de animales, aprovechamiento forestal, pesca y caza",2017,2,2017-06-01,0,0.0
366265,Federación de Rusia,"11 Agricultura, cría y explotación de animales, aprovechamiento forestal, pesca y caza",2017,2,2017-06-01,0,0.0
366458,Francia,"11 Agricultura, cría y explotación de animales, aprovechamiento forestal, pesca y caza",2017,2,2017-06-01,C,
367400,Italia,"11 Agricultura, cría y explotación de animales, aprovechamiento forestal, pesca y caza",2017,2,2017-06-01,0,0.0
367658,Japón,"11 Agricultura, cría y explotación de animales, aprovechamiento forestal, pesca y caza",2017,2,2017-06-01,0,0.0
368482,Panamá,"11 Agricultura, cría y explotación de animales, aprovechamiento forestal, pesca y caza",2017,2,2017-06-01,0,0.0
368682,Perú,"11 Agricultura, cría y explotación de animales, aprovechamiento forestal, pesca y caza",2017,2,2017-06-01,0,0.0
369747,Suiza,"11 Agricultura, cría y explotación de animales, aprovechamiento forestal, pesca y caza",2017,2,2017-06-01,0,0.0
395411,Australia,"11 Agricultura, cría y explotación de animales, aprovechamiento forestal, pesca y caza",2018,2,2018-06-01,0,0.0
396416,Chile,"11 Agricultura, cría y explotación de animales, aprovechamiento forestal, pesca y caza",2018,2,2018-06-01,C,
396627,"China, República Popular de","11 Agricultura, cría y explotación de animales, aprovechamiento forestal, pesca y caza",2018,2,2018-06-01,0,0.0
398501,Federación de Rusia,"11 Agricultura, cría y explotación de animales, aprovechamiento forestal, pesca y caza",2018,2,2018-06-01,0,0.0
398694,Francia,"11 Agricultura, cría y explotación de animales, aprovechamiento forestal, pesca y caza",2018,2,2018-06-01,0,0.0
399636,Italia,"11 Agricultura, cría y explotación de animales, aprovechamiento forestal, pesca y caza",2018,2,2018-06-01,0,0.0
399894,Japón,"11 Agricultura, cría y explotación de animales, aprovechamiento forestal, pesca y caza",2018,2,2018-06-01,0,0.0
400718,Panamá,"11 Agricultura, cría y explotación de animales, aprovechamiento forestal, pesca y caza",2018,2,2018-06-01,0,0.0
400918,Perú,"11 Agricultura, cría y explotación de animales, aprovechamiento forestal, pesca y caza",2018,2,2018-06-01,0,0.0
401983,Suiza,"11 Agricultura, cría y explotación de animales, aprovechamiento forestal, pesca y caza",2018,2,2018-06-01,C,
427128,Alemania,"11 Agricultura, cría y explotación de animales, aprovechamiento forestal, pesca y caza",2019,2,2019-06-01,0,0.0
427398,Argentina,"11 Agricultura, cría y explotación de animales, aprovechamiento forestal, pesca y caza",2019,2,2019-06-01,0,0.0
428339,Canadá,"11 Agricultura, cría y explotación de animales, aprovechamiento forestal, pesca y caza",2019,2,2019-06-01,0,0.0
429348,"Corea, República de","11 Agricultura, cría y explotación de animales, aprovechamiento forestal, pesca y caza",2019,2,2019-06-01,0,0.0
429575,Costa Rica,"11 Agricultura, cría y explotación de animales, aprovechamiento forestal, pesca y caza",2019,2,2019-06-01,0,0.0
430737,Federación de Rusia,"11 Agricultura, cría y explotación de animales, aprovechamiento forestal, pesca y caza",2019,2,2019-06-01,0,0.0
431872,Italia,"11 Agricultura, cría y explotación de animales, aprovechamiento forestal, pesca y caza",2019,2,2019-06-01,0,0.0
432954,Panamá,"11 Agricultura, cría y explotación de animales, aprovechamiento forestal, pesca y caza",2019,2,2019-06-01,0,0.0
433569,Reino Unido de la Gran Bretaña e Irlanda del Norte,"11 Agricultura, cría y explotación de animales, aprovechamiento forestal, pesca y caza",2019,2,2019-06-01,0,0.0
434542,Uruguay,"11 Agricultura, cría y explotación de animales, aprovechamiento forestal, pesca y caza",2019,2,2019-06-01,0,0.0
434680,"Venezuela, República Bolivariana de","11 Agricultura, cría y explotación de animales, aprovechamiento forestal, pesca y caza",2019,2,2019-06-01,0,0.0
459634,Argentina,"11 Agricultura, cría y explotación de animales, aprovechamiento forestal, pesca y caza",2020,2,2020-06-01,0,0.0
459883,Australia,"11 Agricultura, cría y explotación de animales, aprovechamiento forestal, pesca y caza",2020,2,2020-06-01,0,0.0
460888,Chile,"11 Agricultura, cría y explotación de animales, aprovechamiento forestal, pesca y caza",2020,2,2020-06-01,C,
461099,"China, República Popular de","11 Agricultura, cría y explotación de animales, aprovechamiento forestal, pesca y caza",2020,2,2020-06-01,0,0.0
462973,Federación de Rusia,"11 Agricultura, cría y explotación de animales, aprovechamiento forestal, pesca y caza",2020,2,2020-06-01,0,0.0
463166,Francia,"11 Agricultura, cría y explotación de animales, aprovechamiento forestal, pesca y caza",2020,2,2020-06-01,0,0.0
464108,Italia,"11 Agricultura, cría y explotación de animales, aprovechamiento forestal, pesca y caza",2020,2,2020-06-01,0,0.0
464366,Japón,"11 Agricultura, cría y explotación de animales, aprovechamiento forestal, pesca y caza",2020,2,2020-06-01,0,0.0
465190,Panamá,"11 Agricultura, cría y explotación de animales, aprovechamiento forestal, pesca y caza",2020,2,2020-06-01,C,
465390,Perú,"11 Agricultura, cría y explotación de animales, aprovechamiento forestal, pesca y caza",2020,2,2020-06-01,0,0.0
466137,Singapur,"11 Agricultura, cría y explotación de animales, aprovechamiento forestal, pesca y caza",2020,2,2020-06-01,0,0.0
466455,Suiza,"11 Agricultura, cría y explotación de animales, aprovechamiento forestal, pesca y caza",2020,2,2020-06-01,C,
496197,Israel,"11 Agricultura, cría y explotación de animales, aprovechamiento forestal, pesca y caza",2021,2,2021-06-01,0,0.0
497426,Panamá,"11 Agricultura, cría y explotación de animales, aprovechamiento forestal, pesca y caza",2021,2,2021-06-01,0,0.0
491600,Alemania,"11 Agricultura, cría y explotación de animales, aprovechamiento forestal, pesca y caza",2021,2,2021-06-01,C,
497807,Polonia,"11 Agricultura, cría y explotación de animales, aprovechamiento forestal, pesca y caza",2021,2,2021-06-01,0,0.0
492119,Australia,"11 Agricultura, cría y explotación de animales, aprovechamiento forestal, pesca y caza",2021,2,2021-06-01,0,0.0
492537,Belice,"11 Agricultura, cría y explotación de animales, aprovechamiento forestal, pesca y caza",2021,2,2021-06-01,0,0.0
492589,Brasil,"11 Agricultura, cría y explotación de animales, aprovechamiento forestal, pesca y caza",2021,2,2021-06-01,C,
498373,Singapur,"11 Agricultura, cría y explotación de animales, aprovechamiento forestal, pesca y caza",2021,2,2021-06-01,0,0.0
493124,Chile,"11 Agricultura, cría y explotación de animales, aprovechamiento forestal, pesca y caza",2021,2,2021-06-01,C,
499014,Uruguay,"11 Agricultura, cría y explotación de animales, aprovechamiento forestal, pesca y caza",2021,2,2021-06-01,0,0.0
499389,Otros países,"11 Agricultura, cría y explotación de animales, aprovechamiento forestal, pesca y caza",2021,2,2021-06-01,0,0.0
493820,"Corea, República de","11 Agricultura, cría y explotación de animales, aprovechamiento forestal, pesca y caza",2021,2,2021-06-01,0,0.0
495209,Federación de Rusia,"11 Agricultura, cría y explotación de animales, aprovechamiento forestal, pesca y caza",2021,2,2021-06-01,0,0.0
495402,Francia,"11 Agricultura, cría y explotación de animales, aprovechamiento forestal, pesca y caza",2021,2,2021-06-01,0,0.0
77534,Japón,"11 Agricultura, cría y explotación de animales, aprovechamiento forestal, pesca y caza",2008,2,2008-06-01,0,0.0
78358,Panamá,"11 Agricultura, cría y explotación de animales, aprovechamiento forestal, pesca y caza",2008,2,2008-06-01,0,0.0
78558,Perú,"11 Agricultura, cría y explotación de animales, aprovechamiento forestal, pesca y caza",2008,2,2008-06-01,0,0.0
79623,Suiza,"11 Agricultura, cría y explotación de animales, aprovechamiento forestal, pesca y caza",2008,2,2008-06-01,C,
525360,Chile,"11 Agricultura, cría y explotación de animales, aprovechamiento forestal, pesca y caza",2022,2,2022-06-01,C,
526283,Costa Rica,"11 Agricultura, cría y explotación de animales, aprovechamiento forestal, pesca y caza",2022,2,2022-06-01,0,0.0
527445,Federación de Rusia,"11 Agricultura, cría y explotación de animales, aprovechamiento forestal, pesca y caza",2022,2,2022-06-01,0,0.0
201476,Alemania,"11 Agricultura, cría y explotación de animales, aprovechamiento forestal, pesca y caza",2012,2,2012-06-01,0,0.0
202465,Brasil,"11 Agricultura, cría y explotación de animales, aprovechamiento forestal, pesca y caza",2012,2,2012-06-01,0,0.0
233982,Argentina,"11 Agricultura, cría y explotación de animales, aprovechamiento forestal, pesca y caza",2013,2,2013-06-01,0,0.0
234488,Bélgica,"11 Agricultura, cría y explotación de animales, aprovechamiento forestal, pesca y caza",2013,2,2013-06-01,0,0.0
14267,Polonia,"11 Agricultura, cría y explotación de animales, aprovechamiento forestal, pesca y caza",2006,2,2006-06-01,0,0.0
235236,Chile,"11 Agricultura, cría y explotación de animales, aprovechamiento forestal, pesca y caza",2013,2,2013-06-01,14.200624999999997,14.200624999999995
235677,Colombia,"11 Agricultura, cría y explotación de animales, aprovechamiento forestal, pesca y caza",2013,2,2013-06-01,0,0.0
236159,Costa Rica,"11 Agricultura, cría y explotación de animales, aprovechamiento forestal, pesca y caza",2013,2,2013-06-01,0,0.0
14501,Reino Unido de la Gran Bretaña e Irlanda del Norte,"11 Agricultura, cría y explotación de animales, aprovechamiento forestal, pesca y caza",2006,2,2006-06-01,C,
15612,"Venezuela, República Bolivariana de","11 Agricultura, cría y explotación de animales, aprovechamiento forestal, pesca y caza",2006,2,2006-06-01,0,0.0
402681,Otros países,"11 Agricultura, cría y explotación de animales, aprovechamiento forestal, pesca y caza",2018,2,2018-06-01,0,0.0
237321,Federación de Rusia,"11 Agricultura, cría y explotación de animales, aprovechamiento forestal, pesca y caza",2013,2,2013-06-01,0,0.0
237784,Guatemala,"11 Agricultura, cría y explotación de animales, aprovechamiento forestal, pesca y caza",2013,2,2013-06-01,0,0.0
238309,Israel,"11 Agricultura, cría y explotación de animales, aprovechamiento forestal, pesca y caza",2013,2,2013-06-01,0,0.0
238456,Italia,"11 Agricultura, cría y explotación de animales, aprovechamiento forestal, pesca y caza",2013,2,2013-06-01,0,0.0
239538,Panamá,"11 Agricultura, cría y explotación de animales, aprovechamiento forestal, pesca y caza",2013,2,2013-06-01,C,
240485,Singapur,"11 Agricultura, cría y explotación de animales, aprovechamiento forestal, pesca y caza",2013,2,2013-06-01,0,0.0
241501,Otros países,"11 Agricultura, cría y explotación de animales, aprovechamiento forestal, pesca y caza",2013,2,2013-06-01,0,0.0
434917,Otros países,"11 Agricultura, cría y explotación de animales, aprovechamiento forestal, pesca y caza",2019,2,2019-06-01,0,0.0
433901,Singapur,"11 Agricultura, cría y explotación de animales, aprovechamiento forestal, pesca y caza",2019,2,2019-06-01,0,0.0
433335,Polonia,"11 Agricultura, cría y explotación de animales, aprovechamiento forestal, pesca y caza",2019,2,2019-06-01,0,0.0
401665,Singapur,"11 Agricultura, cría y explotación de animales, aprovechamiento forestal, pesca y caza",2018,2,2018-06-01,0,0.0
400458,Países Bajos,"11 Agricultura, cría y explotación de animales, aprovechamiento forestal, pesca y caza",2018,2,2018-06-01,0,0.0
400382,Nueva Zelandia,"11 Agricultura, cría y explotación de animales, aprovechamiento forestal, pesca y caza",2018,2,2018-06-01,0,0.0
399489,Israel,"11 Agricultura, cría y explotación de animales, aprovechamiento forestal, pesca y caza",2018,2,2018-06-01,0,0.0
399377,Irlanda,"11 Agricultura, cría y explotación de animales, aprovechamiento forestal, pesca y caza",2018,2,2018-06-01,0,0.0
365103,Costa Rica,"11 Agricultura, cría y explotación de animales, aprovechamiento forestal, pesca y caza",2017,2,2017-06-01,0,0.0
364876,"Corea, República de","11 Agricultura, cría y explotación de animales, aprovechamiento forestal, pesca y caza",2017,2,2017-06-01,0,0.0
363867,Canadá,"11 Agricultura, cría y explotación de animales, aprovechamiento forestal, pesca y caza",2017,2,2017-06-01,C,
362656,Alemania,"11 Agricultura, cría y explotación de animales, aprovechamiento forestal, pesca y caza",2017,2,2017-06-01,0,0.0
107992,Estados Unidos de América,"11 Agricultura, cría y explotación de animales, aprovechamiento forestal, pesca y caza",2009,2,2009-06-01,-4.5492730000000003,-4.549273
108377,Federación de Rusia,"11 Agricultura, cría y explotación de animales, aprovechamiento forestal, pesca y caza",2009,2,2009-06-01,0,0.0
15849,Otros países,"11 Agricultura, cría y explotación de animales, aprovechamiento forestal, pesca y caza",2006,2,2006-06-01,C,
108840,Guatemala,"11 Agricultura, cría y explotación de animales, aprovechamiento forestal, pesca y caza",2009,2,2009-06-01,0,0.0
204700,Estados Unidos de América,"11 Agricultura, cría y explotación de animales, aprovechamiento forestal, pesca y caza",2012,2,2012-06-01,31.554843000000002,31.554843
109512,Italia,"11 Agricultura, cría y explotación de animales, aprovechamiento forestal, pesca y caza",2009,2,2009-06-01,0,0.0
206220,Italia,"11 Agricultura, cría y explotación de animales, aprovechamiento forestal, pesca y caza",2012,2,2012-06-01,0,0.0
370445,Otros países,"11 Agricultura, cría y explotación de animales, aprovechamiento forestal, pesca y caza",2017,2,2017-06-01,0,0.0
369429,Singapur,"11 Agricultura, cría y explotación de animales, aprovechamiento forestal, pesca y caza",2017,2,2017-06-01,0,0.0
110594,Panamá,"11 Agricultura, cría y explotación de animales, aprovechamiento forestal, pesca y caza",2009,2,2009-06-01,C,
111209,Reino Unido de la Gran Bretaña e Irlanda del Norte,"11 Agricultura, cría y explotación de animales, aprovechamiento forestal, pesca y caza",2009,2,2009-06-01,0,0.0
368222,Países Bajos,"11 Agricultura, cría y explotación de animales, aprovechamiento forestal, pesca y caza",2017,2,2017-06-01,0,0.0
111859,Suiza,"11 Agricultura, cría y explotación de animales, aprovechamiento forestal, pesca y caza",2009,2,2009-06-01,0,0.0
556072,Alemania,"11 Agricultura, cría y explotación de animales, aprovechamiento forestal, pesca y caza",2023,2,2023-06-01,0,0.0
112182,Uruguay,"11 Agricultura, cría y explotación de animales, aprovechamiento forestal, pesca y caza",2009,2,2009-06-01,0,0.0
112557,Otros países,"11 Agricultura, cría y explotación de animales, aprovechamiento forestal, pesca y caza",2009,2,2009-06-01,0,0.0
557009,Belice,"11 Agricultura, cría y explotación de animales, aprovechamiento forestal, pesca y caza",2023,2,2023-06-01,0,0.0
557061,Brasil,"11 Agricultura, cría y explotación de animales, aprovechamiento forestal, pesca y caza",2023,2,2023-06-01,C,
266218,Argentina,"11 Agricultura, cría y explotación de animales, aprovechamiento forestal, pesca y caza",2014,2,2014-06-01,0,0.0
267683,"China, República Popular de","11 Agricultura, cría y explotación de animales, aprovechamiento forestal, pesca y caza",2014,2,2014-06-01,C,
268395,Costa Rica,"11 Agricultura, cría y explotación de animales, aprovechamiento forestal, pesca y caza",2014,2,2014-06-01,0,0.0
269557,Federación de Rusia,"11 Agricultura, cría y explotación de animales, aprovechamiento forestal, pesca y caza",2014,2,2014-06-01,0,0.0
270433,Irlanda,"11 Agricultura, cría y explotación de animales, aprovechamiento forestal, pesca y caza",2014,2,2014-06-01,0,0.0
270545,Israel,"11 Agricultura, cría y explotación de animales, aprovechamiento forestal, pesca y caza",2014,2,2014-06-01,0,0.0
270692,Italia,"11 Agricultura, cría y explotación de animales, aprovechamiento forestal, pesca y caza",2014,2,2014-06-01,0,0.0
271774,Panamá,"11 Agricultura, cría y explotación de animales, aprovechamiento forestal, pesca y caza",2014,2,2014-06-01,C,
272721,Singapur,"11 Agricultura, cría y explotación de animales, aprovechamiento forestal, pesca y caza",2014,2,2014-06-01,0,0.0
273737,Otros países,"11 Agricultura, cría y explotación de animales, aprovechamiento forestal, pesca y caza",2014,2,2014-06-01,0,0.0
558037,Colombia,"11 Agricultura, cría y explotación de animales, aprovechamiento forestal, pesca y caza",2023,2,2023-06-01,0,0.0
558292,"Corea, República de","11 Agricultura, cría y explotación de animales, aprovechamiento forestal, pesca y caza",2023,2,2023-06-01,0,0.0
588827,Australia,"11 Agricultura, cría y explotación de animales, aprovechamiento forestal, pesca y caza",2024,2,2024-06-01,0,0.0
589832,Chile,"11 Agricultura, cría y explotación de animales, aprovechamiento forestal, pesca y caza",2024,2,2024-06-01,C,
590043,"China, República Popular de","11 Agricultura, cría y explotación de animales, aprovechamiento forestal, pesca y caza",2024,2,2024-06-01,0,0.0
591917,Federación de Rusia,"11 Agricultura, cría y explotación de animales, aprovechamiento forestal, pesca y caza",2024,2,2024-06-01,0,0.0
592110,Francia,"11 Agricultura, cría y explotación de animales, aprovechamiento forestal, pesca y caza",2024,2,2024-06-01,0,0.0
593052,Italia,"11 Agricultura, cría y explotación de animales, aprovechamiento forestal, pesca y caza",2024,2,2024-06-01,0,0.0
593310,Japón,"11 Agricultura, cría y explotación de animales, aprovechamiento forestal, pesca y caza",2024,2,2024-06-01,0,0.0
559296,Estados Unidos de América,"11 Agricultura, cría y explotación de animales, aprovechamiento forestal, pesca y caza",2023,2,2023-06-01,7.3348543634635881,7.334854363463587
560144,Guatemala,"11 Agricultura, cría y explotación de animales, aprovechamiento forestal, pesca y caza",2023,2,2023-06-01,0,0.0
431725,Israel,"11 Agricultura, cría y explotación de animales, aprovechamiento forestal, pesca y caza",2019,2,2019-06-01,0,0.0
337511,Suiza,"11 Agricultura, cría y explotación de animales, aprovechamiento forestal, pesca y caza",2016,2,2016-06-01,0,0.0
337193,Singapur,"11 Agricultura, cría y explotación de animales, aprovechamiento forestal, pesca y caza",2016,2,2016-06-01,0,0.0
336446,Perú,"11 Agricultura, cría y explotación de animales, aprovechamiento forestal, pesca y caza",2016,2,2016-06-01,0,0.0
336246,Panamá,"11 Agricultura, cría y explotación de animales, aprovechamiento forestal, pesca y caza",2016,2,2016-06-01,0,0.0
335164,Italia,"11 Agricultura, cría y explotación de animales, aprovechamiento forestal, pesca y caza",2016,2,2016-06-01,0,0.0
560429,India,"11 Agricultura, cría y explotación de animales, aprovechamiento forestal, pesca y caza",2023,2,2023-06-01,0,0.0
368146,Nueva Zelandia,"11 Agricultura, cría y explotación de animales, aprovechamiento forestal, pesca y caza",2017,2,2017-06-01,0,0.0
367253,Israel,"11 Agricultura, cría y explotación de animales, aprovechamiento forestal, pesca y caza",2017,2,2017-06-01,0,0.0
207302,Panamá,"11 Agricultura, cría y explotación de animales, aprovechamiento forestal, pesca y caza",2012,2,2012-06-01,C,
431613,Irlanda,"11 Agricultura, cría y explotación de animales, aprovechamiento forestal, pesca y caza",2019,2,2019-06-01,C,
208567,Suiza,"11 Agricultura, cría y explotación de animales, aprovechamiento forestal, pesca y caza",2012,2,2012-06-01,C,
367141,Irlanda,"11 Agricultura, cría y explotación de animales, aprovechamiento forestal, pesca y caza",2017,2,2017-06-01,0,0.0
367013,India,"11 Agricultura, cría y explotación de animales, aprovechamiento forestal, pesca y caza",2017,2,2017-06-01,0,0.0
529326,Nueva Zelandia,"11 Agricultura, cría y explotación de animales, aprovechamiento forestal, pesca y caza",2022,2,2022-06-01,0,0.0
8060,Alemania,"11 Agricultura, cría y explotación de animales, aprovechamiento forestal, pesca y caza",2006,2,2006-06-01,C,
170016,Bélgica,"11 Agricultura, cría y explotación de animales, aprovechamiento forestal, pesca y caza",2011,2,2011-06-01,C,
170177,Belice,"11 Agricultura, cría y explotación de animales, aprovechamiento forestal, pesca y caza",2011,2,2011-06-01,0,0.0
298184,Alemania,"11 Agricultura, cría y explotación de animales, aprovechamiento forestal, pesca y caza",2015,2,2015-06-01,0,0.0
299121,Belice,"11 Agricultura, cría y explotación de animales, aprovechamiento forestal, pesca y caza",2015,2,2015-06-01,0,0.0
299173,Brasil,"11 Agricultura, cría y explotación de animales, aprovechamiento forestal, pesca y caza",2015,2,2015-06-01,0,0.0
299395,Canadá,"11 Agricultura, cría y explotación de animales, aprovechamiento forestal, pesca y caza",2015,2,2015-06-01,0,0.0
300404,"Corea, República de","11 Agricultura, cría y explotación de animales, aprovechamiento forestal, pesca y caza",2015,2,2015-06-01,0,0.0
301408,Estados Unidos de América,"11 Agricultura, cría y explotación de animales, aprovechamiento forestal, pesca y caza",2015,2,2015-06-01,10.731380890000002,10.731380890000002
302541,India,"11 Agricultura, cría y explotación de animales, aprovechamiento forestal, pesca y caza",2015,2,2015-06-01,0,0.0
302669,Irlanda,"11 Agricultura, cría y explotación de animales, aprovechamiento forestal, pesca y caza",2015,2,2015-06-01,0,0.0
303674,Nueva Zelandia,"11 Agricultura, cría y explotación de animales, aprovechamiento forestal, pesca y caza",2015,2,2015-06-01,0,0.0
303750,Países Bajos,"11 Agricultura, cría y explotación de animales, aprovechamiento forestal, pesca y caza",2015,2,2015-06-01,0,0.0
304625,Reino Unido de la Gran Bretaña e Irlanda del Norte,"11 Agricultura, cría y explotación de animales, aprovechamiento forestal, pesca y caza",2015,2,2015-06-01,0,0.0
305736,"Venezuela, República Bolivariana de","11 Agricultura, cría y explotación de animales, aprovechamiento forestal, pesca y caza",2015,2,2015-06-01,0,0.0
594134,Panamá,"11 Agricultura, cría y explotación de animales, aprovechamiento forestal, pesca y caza",2024,2,2024-06-01,0,0.0
105544,Bélgica,"11 Agricultura, cría y explotación de animales, aprovechamiento forestal, pesca y caza",2009,2,2009-06-01,0,0.0
105705,Belice,"11 Agricultura, cría y explotación de animales, aprovechamiento forestal, pesca y caza",2009,2,2009-06-01,0,0.0
105757,Brasil,"11 Agricultura, cría y explotación de animales, aprovechamiento forestal, pesca y caza",2009,2,2009-06-01,0,0.0
106292,Chile,"11 Agricultura, cría y explotación de animales, aprovechamiento forestal, pesca y caza",2009,2,2009-06-01,0,0.0
106503,"China, República Popular de","11 Agricultura, cría y explotación de animales, aprovechamiento forestal, pesca y caza",2009,2,2009-06-01,0,0.0
531388,"Venezuela, República Bolivariana de","11 Agricultura, cría y explotación de animales, aprovechamiento forestal, pesca y caza",2022,2,2022-06-01,0,0.0
561898,Panamá,"11 Agricultura, cría y explotación de animales, aprovechamiento forestal, pesca y caza",2023,2,2023-06-01,0,0.0
562098,Perú,"11 Agricultura, cría y explotación de animales, aprovechamiento forestal, pesca y caza",2023,2,2023-06-01,0,0.0
335017,Israel,"11 Agricultura, cría y explotación de animales, aprovechamiento forestal, pesca y caza",2016,2,2016-06-01,0,0.0
334222,Francia,"11 Agricultura, cría y explotación de animales, aprovechamiento forestal, pesca y caza",2016,2,2016-06-01,0,0.0
334029,Federación de Rusia,"11 Agricultura, cría y explotación de animales, aprovechamiento forestal, pesca y caza",2016,2,2016-06-01,0,0.0
332867,Costa Rica,"11 Agricultura, cría y explotación de animales, aprovechamiento forestal, pesca y caza",2016,2,2016-06-01,0,0.0
331944,Chile,"11 Agricultura, cría y explotación de animales, aprovechamiento forestal, pesca y caza",2016,2,2016-06-01,C,
330939,Australia,"11 Agricultura, cría y explotación de animales, aprovechamiento forestal, pesca y caza",2016,2,2016-06-01,0,0.0
330690,Argentina,"11 Agricultura, cría y explotación de animales, aprovechamiento forestal, pesca y caza",2016,2,2016-06-01,0,0.0
170975,"China, República Popular de","11 Agricultura, cría y explotación de animales, aprovechamiento forestal, pesca y caza",2011,2,2011-06-01,0,0.0
171205,Colombia,"11 Agricultura, cría y explotación de animales, aprovechamiento forestal, pesca y caza",2011,2,2011-06-01,0,0.0
171687,Costa Rica,"11 Agricultura, cría y explotación de animales, aprovechamiento forestal, pesca y caza",2011,2,2011-06-01,0,0.0
172849,Federación de Rusia,"11 Agricultura, cría y explotación de animales, aprovechamiento forestal, pesca y caza",2011,2,2011-06-01,0,0.0
431200,Guatemala,"11 Agricultura, cría y explotación de animales, aprovechamiento forestal, pesca y caza",2019,2,2019-06-01,0,0.0
430016,España,"11 Agricultura, cría y explotación de animales, aprovechamiento forestal, pesca y caza",2019,2,2019-06-01,0,0.0
429093,Colombia,"11 Agricultura, cría y explotación de animales, aprovechamiento forestal, pesca y caza",2019,2,2019-06-01,0,0.0
428117,Brasil,"11 Agricultura, cría y explotación de animales, aprovechamiento forestal, pesca y caza",2019,2,2019-06-01,C,
428065,Belice,"11 Agricultura, cría y explotación de animales, aprovechamiento forestal, pesca y caza",2019,2,2019-06-01,0,0.0
427904,Bélgica,"11 Agricultura, cría y explotación de animales, aprovechamiento forestal, pesca y caza",2019,2,2019-06-01,0,0.0
173042,Francia,"11 Agricultura, cría y explotación de animales, aprovechamiento forestal, pesca y caza",2011,2,2011-06-01,0,0.0
496602,Japón,"11 Agricultura, cría y explotación de animales, aprovechamiento forestal, pesca y caza",2021,2,2021-06-01,0,0.0
562845,Singapur,"11 Agricultura, cría y explotación de animales, aprovechamiento forestal, pesca y caza",2023,2,2023-06-01,0,0.0
8836,Bélgica,"11 Agricultura, cría y explotación de animales, aprovechamiento forestal, pesca y caza",2006,2,2006-06-01,0,0.0
494047,Costa Rica,"11 Agricultura, cría y explotación de animales, aprovechamiento forestal, pesca y caza",2021,2,2021-06-01,0,0.0
9271,Canadá,"11 Agricultura, cría y explotación de animales, aprovechamiento forestal, pesca y caza",2006,2,2006-06-01,C,
594515,Polonia,"11 Agricultura, cría y explotación de animales, aprovechamiento forestal, pesca y caza",2024,2,2024-06-01,0,0.0
594749,Reino Unido de la Gran Bretaña e Irlanda del Norte,"11 Agricultura, cría y explotación de animales, aprovechamiento forestal, pesca y caza",2024,2,2024-06-01,0,0.0
595722,Uruguay,"11 Agricultura, cría y explotación de animales, aprovechamiento forestal, pesca y caza",2024,2,2024-06-01,0,0.0
595860,"Venezuela, República Bolivariana de","11 Agricultura, cría y explotación de animales, aprovechamiento forestal, pesca y caza",2024,2,2024-06-01,0,0.0
11284,Estados Unidos de América,"11 Agricultura, cría y explotación de animales, aprovechamiento forestal, pesca y caza",2006,2,2006-06-01,0.83738600000000019,0.8373860000000001
496085,Irlanda,"11 Agricultura, cría y explotación de animales, aprovechamiento forestal, pesca y caza",2021,2,2021-06-01,0,0.0
399249,India,"11 Agricultura, cría y explotación de animales, aprovechamiento forestal, pesca y caza",2018,2,2018-06-01,0,0.0
397339,Costa Rica,"11 Agricultura, cría y explotación de animales, aprovechamiento forestal, pesca y caza",2018,2,2018-06-01,0,0.0
467153,Otros países,"11 Agricultura, cría y explotación de animales, aprovechamiento forestal, pesca y caza",2020,2,2020-06-01,0,0.0
466916,"Venezuela, República Bolivariana de","11 Agricultura, cría y explotación de animales, aprovechamiento forestal, pesca y caza",2020,2,2020-06-01,0,0.0
464930,Países Bajos,"11 Agricultura, cría y explotación de animales, aprovechamiento forestal, pesca y caza",2020,2,2020-06-01,0,0.0
464854,Nueva Zelandia,"11 Agricultura, cría y explotación de animales, aprovechamiento forestal, pesca y caza",2020,2,2020-06-01,0,0.0
397112,"Corea, República de","11 Agricultura, cría y explotación de animales, aprovechamiento forestal, pesca y caza",2018,2,2018-06-01,0,0.0
396103,Canadá,"11 Agricultura, cría y explotación de animales, aprovechamiento forestal, pesca y caza",2018,2,2018-06-01,1.64108371,1.64108371
395162,Argentina,"11 Agricultura, cría y explotación de animales, aprovechamiento forestal, pesca y caza",2018,2,2018-06-01,0,0.0
394892,Alemania,"11 Agricultura, cría y explotación de animales, aprovechamiento forestal, pesca y caza",2018,2,2018-06-01,0,0.0
173597,India,"11 Agricultura, cría y explotación de animales, aprovechamiento forestal, pesca y caza",2011,2,2011-06-01,0,0.0
173725,Irlanda,"11 Agricultura, cría y explotación de animales, aprovechamiento forestal, pesca y caza",2011,2,2011-06-01,0,0.0
173837,Israel,"11 Agricultura, cría y explotación de animales, aprovechamiento forestal, pesca y caza",2011,2,2011-06-01,0,0.0
174730,Nueva Zelandia,"11 Agricultura, cría y explotación de animales, aprovechamiento forestal, pesca y caza",2011,2,2011-06-01,0,0.0
174806,Países Bajos,"11 Agricultura, cría y explotación de animales, aprovechamiento forestal, pesca y caza",2011,2,2011-06-01,C,
137004,Alemania,"11 Agricultura, cría y explotación de animales, aprovechamiento forestal, pesca y caza",2010,2,2010-06-01,0,0.0
137993,Brasil,"11 Agricultura, cría y explotación de animales, aprovechamiento forestal, pesca y caza",2010,2,2010-06-01,0,0.0
138215,Canadá,"11 Agricultura, cría y explotación de animales, aprovechamiento forestal, pesca y caza",2010,2,2010-06-01,0,0.0
40815,Australia,"11 Agricultura, cría y explotación de animales, aprovechamiento forestal, pesca y caza",2007,2,2007-06-01,0,0.0
41820,Chile,"11 Agricultura, cría y explotación de animales, aprovechamiento forestal, pesca y caza",2007,2,2007-06-01,0,0.0
42031,"China, República Popular de","11 Agricultura, cría y explotación de animales, aprovechamiento forestal, pesca y caza",2007,2,2007-06-01,0,0.0
43905,Federación de Rusia,"11 Agricultura, cría y explotación de animales, aprovechamiento forestal, pesca y caza",2007,2,2007-06-01,0,0.0
44098,Francia,"11 Agricultura, cría y explotación de animales, aprovechamiento forestal, pesca y caza",2007,2,2007-06-01,0,0.0
45040,Italia,"11 Agricultura, cría y explotación de animales, aprovechamiento forestal, pesca y caza",2007,2,2007-06-01,0,0.0
45298,Japón,"11 Agricultura, cría y explotación de animales, aprovechamiento forestal, pesca y caza",2007,2,2007-06-01,0,0.0
46122,Panamá,"11 Agricultura, cría y explotación de animales, aprovechamiento forestal, pesca y caza",2007,2,2007-06-01,0,0.0
46322,Perú,"11 Agricultura, cría y explotación de animales, aprovechamiento forestal, pesca y caza",2007,2,2007-06-01,0,0.0
47710,Uruguay,"11 Agricultura, cría y explotación de animales, aprovechamiento forestal, pesca y caza",2007,2,2007-06-01,0,0.0
47848,"Venezuela, República Bolivariana de","11 Agricultura, cría y explotación de animales, aprovechamiento forestal, pesca y caza",2007,2,2007-06-01,0,0.0
563486,Uruguay,"11 Agricultura, cría y explotación de animales, aprovechamiento forestal, pesca y caza",2023,2,2023-06-01,0,0.0
493565,Colombia,"11 Agricultura, cría y explotación de animales, aprovechamiento forestal, pesca y caza",2021,2,2021-06-01,0,0.0
563861,Otros países,"11 Agricultura, cría y explotación de animales, aprovechamiento forestal, pesca y caza",2023,2,2023-06-01,0,0.0
530277,Reino Unido de la Gran Bretaña e Irlanda del Norte,"11 Agricultura, cría y explotación de animales, aprovechamiento forestal, pesca y caza",2022,2,2022-06-01,0,0.0
531250,Uruguay,"11 Agricultura, cría y explotación de animales, aprovechamiento forestal, pesca y caza",2022,2,2022-06-01,0,0.0
498691,Suiza,"11 Agricultura, cría y explotación de animales, aprovechamiento forestal, pesca y caza",2021,2,2021-06-01,C,
492376,Bélgica,"11 Agricultura, cría y explotación de animales, aprovechamiento forestal, pesca y caza",2021,2,2021-06-01,0,0.0
139224,"Corea, República de","11 Agricultura, cría y explotación de animales, aprovechamiento forestal, pesca y caza",2010,2,2010-06-01,0,0.0
140228,Estados Unidos de América,"11 Agricultura, cría y explotación de animales, aprovechamiento forestal, pesca y caza",2010,2,2010-06-01,0.24047329000000084,0.2404732900000008
524106,Argentina,"11 Agricultura, cría y explotación de animales, aprovechamiento forestal, pesca y caza",2022,2,2022-06-01,0,0.0
524355,Australia,"11 Agricultura, cría y explotación de animales, aprovechamiento forestal, pesca y caza",2022,2,2022-06-01,0,0.0
141361,India,"11 Agricultura, cría y explotación de animales, aprovechamiento forestal, pesca y caza",2010,2,2010-06-01,0,0.0
463961,Israel,"11 Agricultura, cría y explotación de animales, aprovechamiento forestal, pesca y caza",2020,2,2020-06-01,0,0.0
463849,Irlanda,"11 Agricultura, cría y explotación de animales, aprovechamiento forestal, pesca y caza",2020,2,2020-06-01,0,0.0
463721,India,"11 Agricultura, cría y explotación de animales, aprovechamiento forestal, pesca y caza",2020,2,2020-06-01,0,0.0
462588,Estados Unidos de América,"11 Agricultura, cría y explotación de animales, aprovechamiento forestal, pesca y caza",2020,2,2020-06-01,-0.91772099000000085,-0.9177209900000008
461811,Costa Rica,"11 Agricultura, cría y explotación de animales, aprovechamiento forestal, pesca y caza",2020,2,2020-06-01,0,0.0
461584,"Corea, República de","11 Agricultura, cría y explotación de animales, aprovechamiento forestal, pesca y caza",2020,2,2020-06-01,0,0.0
460575,Canadá,"11 Agricultura, cría y explotación de animales, aprovechamiento forestal, pesca y caza",2020,2,2020-06-01,0,0.0
459364,Alemania,"11 Agricultura, cría y explotación de animales, aprovechamiento forestal, pesca y caza",2020,2,2020-06-01,0,0.0
141489,Irlanda,"11 Agricultura, cría y explotación de animales, aprovechamiento forestal, pesca y caza",2010,2,2010-06-01,0,0.0
142494,Nueva Zelandia,"11 Agricultura, cría y explotación de animales, aprovechamiento forestal, pesca y caza",2010,2,2010-06-01,0,0.0
142570,Países Bajos,"11 Agricultura, cría y explotación de animales, aprovechamiento forestal, pesca y caza",2010,2,2010-06-01,C,
176013,Singapur,"11 Agricultura, cría y explotación de animales, aprovechamiento forestal, pesca y caza",2011,2,2011-06-01,0,0.0
491870,Argentina,"11 Agricultura, cría y explotación de animales, aprovechamiento forestal, pesca y caza",2021,2,2021-06-01,0,0.0
144793,Otros países,"11 Agricultura, cría y explotación de animales, aprovechamiento forestal, pesca y caza",2010,2,2010-06-01,0,0.0
176654,Uruguay,"11 Agricultura, cría y explotación de animales, aprovechamiento forestal, pesca y caza",2011,2,2011-06-01,0,0.0
9584,Chile,"11 Agricultura, cría y explotación de animales, aprovechamiento forestal, pesca y caza",2006,2,2006-06-01,0,0.0
495957,India,"11 Agricultura, cría y explotación de animales, aprovechamiento forestal, pesca y caza",2021,2,2021-06-01,0,0.0
497166,Países Bajos,"11 Agricultura, cría y explotación de animales, aprovechamiento forestal, pesca y caza",2021,2,2021-06-01,0,0.0
12132,Guatemala,"11 Agricultura, cría y explotación de animales, aprovechamiento forestal, pesca y caza",2006,2,2006-06-01,0,0.0
497090,Nueva Zelandia,"11 Agricultura, cría y explotación de animales, aprovechamiento forestal, pesca y caza",2021,2,2021-06-01,0,0.0
13062,Japón,"11 Agricultura, cría y explotación de animales, aprovechamiento forestal, pesca y caza",2006,2,2006-06-01,0,0.0
10507,Costa Rica,"11 Agricultura, cría y explotación de animales, aprovechamiento forestal, pesca y caza",2006,2,2006-06-01,0,0.0
10948,España,"11 Agricultura, cría y explotación de animales, aprovechamiento forestal, pesca y caza",2006,2,2006-06-01,C,
73051,Australia,"11 Agricultura, cría y explotación de animales, aprovechamiento forestal, pesca y caza",2008,2,2008-06-01,0,0.0
74056,Chile,"11 Agricultura, cría y explotación de animales, aprovechamiento forestal, pesca y caza",2008,2,2008-06-01,C,
74267,"China, República Popular de","11 Agricultura, cría y explotación de animales, aprovechamiento forestal, pesca y caza",2008,2,2008-06-01,0,0.0
76141,Federación de Rusia,"11 Agricultura, cría y explotación de animales, aprovechamiento forestal, pesca y caza",2008,2,2008-06-01,0,0.0
76334,Francia,"11 Agricultura, cría y explotación de animales, aprovechamiento forestal, pesca y caza",2008,2,2008-06-01,0,0.0
77276,Italia,"11 Agricultura, cría y explotación de animales, aprovechamiento forestal, pesca y caza",2008,2,2008-06-01,0,0.0
372450,"China, República Popular de","11 Agricultura, cría y explotación de animales, aprovechamiento forestal, pesca y caza",2017,3,2017-09-01,0,0.0
532414,Australia,"11 Agricultura, cría y explotación de animales, aprovechamiento forestal, pesca y caza",2022,3,2022-09-01,0,0.0
533419,Chile,"11 Agricultura, cría y explotación de animales, aprovechamiento forestal, pesca y caza",2022,3,2022-09-01,0,0.0
533630,"China, República Popular de","11 Agricultura, cría y explotación de animales, aprovechamiento forestal, pesca y caza",2022,3,2022-09-01,0,0.0
534783,España,"11 Agricultura, cría y explotación de animales, aprovechamiento forestal, pesca y caza",2022,3,2022-09-01,C,
535697,Francia,"11 Agricultura, cría y explotación de animales, aprovechamiento forestal, pesca y caza",2022,3,2022-09-01,0,0.0
536639,Italia,"11 Agricultura, cría y explotación de animales, aprovechamiento forestal, pesca y caza",2022,3,2022-09-01,0,0.0
536897,Japón,"11 Agricultura, cría y explotación de animales, aprovechamiento forestal, pesca y caza",2022,3,2022-09-01,0,0.0
537921,Perú,"11 Agricultura, cría y explotación de animales, aprovechamiento forestal, pesca y caza",2022,3,2022-09-01,0,0.0
538986,Suiza,"11 Agricultura, cría y explotación de animales, aprovechamiento forestal, pesca y caza",2022,3,2022-09-01,0,0.0
564401,Argentina,"11 Agricultura, cría y explotación de animales, aprovechamiento forestal, pesca y caza",2023,3,2023-09-01,0,0.0
565068,Belice,"11 Agricultura, cría y explotación de animales, aprovechamiento forestal, pesca y caza",2023,3,2023-09-01,0,0.0
565655,Chile,"11 Agricultura, cría y explotación de animales, aprovechamiento forestal, pesca y caza",2023,3,2023-09-01,0,0.0
566096,Colombia,"11 Agricultura, cría y explotación de animales, aprovechamiento forestal, pesca y caza",2023,3,2023-09-01,0,0.0
566578,Costa Rica,"11 Agricultura, cría y explotación de animales, aprovechamiento forestal, pesca y caza",2023,3,2023-09-01,0,0.0
568488,India,"11 Agricultura, cría y explotación de animales, aprovechamiento forestal, pesca y caza",2023,3,2023-09-01,0,0.0
568616,Irlanda,"11 Agricultura, cría y explotación de animales, aprovechamiento forestal, pesca y caza",2023,3,2023-09-01,0,0.0
569133,Japón,"11 Agricultura, cría y explotación de animales, aprovechamiento forestal, pesca y caza",2023,3,2023-09-01,0,0.0
570157,Perú,"11 Agricultura, cría y explotación de animales, aprovechamiento forestal, pesca y caza",2023,3,2023-09-01,0,0.0
570572,Reino Unido de la Gran Bretaña e Irlanda del Norte,"11 Agricultura, cría y explotación de animales, aprovechamiento forestal, pesca y caza",2023,3,2023-09-01,0,0.0
571683,"Venezuela, República Bolivariana de","11 Agricultura, cría y explotación de animales, aprovechamiento forestal, pesca y caza",2023,3,2023-09-01,0,0.0
571920,Otros países,"11 Agricultura, cría y explotación de animales, aprovechamiento forestal, pesca y caza",2023,3,2023-09-01,0,0.0
16638,Australia,"11 Agricultura, cría y explotación de animales, aprovechamiento forestal, pesca y caza",2006,3,2006-09-01,0,0.0
17643,Chile,"11 Agricultura, cría y explotación de animales, aprovechamiento forestal, pesca y caza",2006,3,2006-09-01,0,0.0
18566,Costa Rica,"11 Agricultura, cría y explotación de animales, aprovechamiento forestal, pesca y caza",2006,3,2006-09-01,0,0.0
19728,Federación de Rusia,"11 Agricultura, cría y explotación de animales, aprovechamiento forestal, pesca y caza",2006,3,2006-09-01,0,0.0
19921,Francia,"11 Agricultura, cría y explotación de animales, aprovechamiento forestal, pesca y caza",2006,3,2006-09-01,0,0.0
20716,Israel,"11 Agricultura, cría y explotación de animales, aprovechamiento forestal, pesca y caza",2006,3,2006-09-01,C,
20863,Italia,"11 Agricultura, cría y explotación de animales, aprovechamiento forestal, pesca y caza",2006,3,2006-09-01,0,0.0
21945,Panamá,"11 Agricultura, cría y explotación de animales, aprovechamiento forestal, pesca y caza",2006,3,2006-09-01,0,0.0
22145,Perú,"11 Agricultura, cría y explotación de animales, aprovechamiento forestal, pesca y caza",2006,3,2006-09-01,0,0.0
22892,Singapur,"11 Agricultura, cría y explotación de animales, aprovechamiento forestal, pesca y caza",2006,3,2006-09-01,0,0.0
23210,Suiza,"11 Agricultura, cría y explotación de animales, aprovechamiento forestal, pesca y caza",2006,3,2006-09-01,0,0.0
48625,Argentina,"11 Agricultura, cría y explotación de animales, aprovechamiento forestal, pesca y caza",2007,3,2007-09-01,0,0.0
48874,Australia,"11 Agricultura, cría y explotación de animales, aprovechamiento forestal, pesca y caza",2007,3,2007-09-01,0,0.0
49879,Chile,"11 Agricultura, cría y explotación de animales, aprovechamiento forestal, pesca y caza",2007,3,2007-09-01,0,0.0
50802,Costa Rica,"11 Agricultura, cría y explotación de animales, aprovechamiento forestal, pesca y caza",2007,3,2007-09-01,0,0.0
51964,Federación de Rusia,"11 Agricultura, cría y explotación de animales, aprovechamiento forestal, pesca y caza",2007,3,2007-09-01,0,0.0
52157,Francia,"11 Agricultura, cría y explotación de animales, aprovechamiento forestal, pesca y caza",2007,3,2007-09-01,0,0.0
52952,Israel,"11 Agricultura, cría y explotación de animales, aprovechamiento forestal, pesca y caza",2007,3,2007-09-01,C,
53099,Italia,"11 Agricultura, cría y explotación de animales, aprovechamiento forestal, pesca y caza",2007,3,2007-09-01,0,0.0
54181,Panamá,"11 Agricultura, cría y explotación de animales, aprovechamiento forestal, pesca y caza",2007,3,2007-09-01,0,0.0
54381,Perú,"11 Agricultura, cría y explotación de animales, aprovechamiento forestal, pesca y caza",2007,3,2007-09-01,0,0.0
55128,Singapur,"11 Agricultura, cría y explotación de animales, aprovechamiento forestal, pesca y caza",2007,3,2007-09-01,0,0.0
55446,Suiza,"11 Agricultura, cría y explotación de animales, aprovechamiento forestal, pesca y caza",2007,3,2007-09-01,C,
80591,Alemania,"11 Agricultura, cría y explotación de animales, aprovechamiento forestal, pesca y caza",2008,3,2008-09-01,0,0.0
81580,Brasil,"11 Agricultura, cría y explotación de animales, aprovechamiento forestal, pesca y caza",2008,3,2008-09-01,0,0.0
81802,Canadá,"11 Agricultura, cría y explotación de animales, aprovechamiento forestal, pesca y caza",2008,3,2008-09-01,0,0.0
82811,"Corea, República de","11 Agricultura, cría y explotación de animales, aprovechamiento forestal, pesca y caza",2008,3,2008-09-01,0,0.0
83479,España,"11 Agricultura, cría y explotación de animales, aprovechamiento forestal, pesca y caza",2008,3,2008-09-01,C,
84393,Francia,"11 Agricultura, cría y explotación de animales, aprovechamiento forestal, pesca y caza",2008,3,2008-09-01,0,0.0
84948,India,"11 Agricultura, cría y explotación de animales, aprovechamiento forestal, pesca y caza",2008,3,2008-09-01,C,
85076,Irlanda,"11 Agricultura, cría y explotación de animales, aprovechamiento forestal, pesca y caza",2008,3,2008-09-01,0,0.0
85593,Japón,"11 Agricultura, cría y explotación de animales, aprovechamiento forestal, pesca y caza",2008,3,2008-09-01,0,0.0
86157,Países Bajos,"11 Agricultura, cría y explotación de animales, aprovechamiento forestal, pesca y caza",2008,3,2008-09-01,C,
87032,Reino Unido de la Gran Bretaña e Irlanda del Norte,"11 Agricultura, cría y explotación de animales, aprovechamiento forestal, pesca y caza",2008,3,2008-09-01,0,0.0
112827,Alemania,"11 Agricultura, cría y explotación de animales, aprovechamiento forestal, pesca y caza",2009,3,2009-09-01,0,0.0
88143,"Venezuela, República Bolivariana de","11 Agricultura, cría y explotación de animales, aprovechamiento forestal, pesca y caza",2008,3,2008-09-01,0,0.0
113346,Australia,"11 Agricultura, cría y explotación de animales, aprovechamiento forestal, pesca y caza",2009,3,2009-09-01,0,0.0
113816,Brasil,"11 Agricultura, cría y explotación de animales, aprovechamiento forestal, pesca y caza",2009,3,2009-09-01,0,0.0
114038,Canadá,"11 Agricultura, cría y explotación de animales, aprovechamiento forestal, pesca y caza",2009,3,2009-09-01,0,0.0
114562,"China, República Popular de","11 Agricultura, cría y explotación de animales, aprovechamiento forestal, pesca y caza",2009,3,2009-09-01,0,0.0
115047,"Corea, República de","11 Agricultura, cría y explotación de animales, aprovechamiento forestal, pesca y caza",2009,3,2009-09-01,0,0.0
115715,España,"11 Agricultura, cría y explotación de animales, aprovechamiento forestal, pesca y caza",2009,3,2009-09-01,C,
116629,Francia,"11 Agricultura, cría y explotación de animales, aprovechamiento forestal, pesca y caza",2009,3,2009-09-01,0,0.0
116899,Guatemala,"11 Agricultura, cría y explotación de animales, aprovechamiento forestal, pesca y caza",2009,3,2009-09-01,0,0.0
117829,Japón,"11 Agricultura, cría y explotación de animales, aprovechamiento forestal, pesca y caza",2009,3,2009-09-01,0,0.0
119268,Reino Unido de la Gran Bretaña e Irlanda del Norte,"11 Agricultura, cría y explotación de animales, aprovechamiento forestal, pesca y caza",2009,3,2009-09-01,0,0.0
119918,Suiza,"11 Agricultura, cría y explotación de animales, aprovechamiento forestal, pesca y caza",2009,3,2009-09-01,C,
149135,Guatemala,"11 Agricultura, cría y explotación de animales, aprovechamiento forestal, pesca y caza",2010,3,2010-09-01,0,0.0
149807,Italia,"11 Agricultura, cría y explotación de animales, aprovechamiento forestal, pesca y caza",2010,3,2010-09-01,0,0.0
145333,Argentina,"11 Agricultura, cría y explotación de animales, aprovechamiento forestal, pesca y caza",2010,3,2010-09-01,0,0.0
145839,Bélgica,"11 Agricultura, cría y explotación de animales, aprovechamiento forestal, pesca y caza",2010,3,2010-09-01,0,0.0
150889,Panamá,"11 Agricultura, cría y explotación de animales, aprovechamiento forestal, pesca y caza",2010,3,2010-09-01,0,0.0
151504,Reino Unido de la Gran Bretaña e Irlanda del Norte,"11 Agricultura, cría y explotación de animales, aprovechamiento forestal, pesca y caza",2010,3,2010-09-01,0,0.0
152154,Suiza,"11 Agricultura, cría y explotación de animales, aprovechamiento forestal, pesca y caza",2010,3,2010-09-01,C,
147283,"Corea, República de","11 Agricultura, cría y explotación de animales, aprovechamiento forestal, pesca y caza",2010,3,2010-09-01,0,0.0
152477,Uruguay,"11 Agricultura, cría y explotación de animales, aprovechamiento forestal, pesca y caza",2010,3,2010-09-01,0,0.0
147951,España,"11 Agricultura, cría y explotación de animales, aprovechamiento forestal, pesca y caza",2010,3,2010-09-01,C,
182301,Japón,"11 Agricultura, cría y explotación de animales, aprovechamiento forestal, pesca y caza",2011,3,2011-09-01,0,0.0
183325,Perú,"11 Agricultura, cría y explotación de animales, aprovechamiento forestal, pesca y caza",2011,3,2011-09-01,0,0.0
183506,Polonia,"11 Agricultura, cría y explotación de animales, aprovechamiento forestal, pesca y caza",2011,3,2011-09-01,0,0.0
184713,Uruguay,"11 Agricultura, cría y explotación de animales, aprovechamiento forestal, pesca y caza",2011,3,2011-09-01,0,0.0
184851,"Venezuela, República Bolivariana de","11 Agricultura, cría y explotación de animales, aprovechamiento forestal, pesca y caza",2011,3,2011-09-01,0,0.0
178075,Bélgica,"11 Agricultura, cría y explotación de animales, aprovechamiento forestal, pesca y caza",2011,3,2011-09-01,0,0.0
179034,"China, República Popular de","11 Agricultura, cría y explotación de animales, aprovechamiento forestal, pesca y caza",2011,3,2011-09-01,0,0.0
179264,Colombia,"11 Agricultura, cría y explotación de animales, aprovechamiento forestal, pesca y caza",2011,3,2011-09-01,0,0.0
180187,España,"11 Agricultura, cría y explotación de animales, aprovechamiento forestal, pesca y caza",2011,3,2011-09-01,C,
180908,Federación de Rusia,"11 Agricultura, cría y explotación de animales, aprovechamiento forestal, pesca y caza",2011,3,2011-09-01,0,0.0
181101,Francia,"11 Agricultura, cría y explotación de animales, aprovechamiento forestal, pesca y caza",2011,3,2011-09-01,0,0.0
209805,Argentina,"11 Agricultura, cría y explotación de animales, aprovechamiento forestal, pesca y caza",2012,3,2012-09-01,0,0.0
210311,Bélgica,"11 Agricultura, cría y explotación de animales, aprovechamiento forestal, pesca y caza",2012,3,2012-09-01,0,0.0
210472,Belice,"11 Agricultura, cría y explotación de animales, aprovechamiento forestal, pesca y caza",2012,3,2012-09-01,0,0.0
210746,Canadá,"11 Agricultura, cría y explotación de animales, aprovechamiento forestal, pesca y caza",2012,3,2012-09-01,C,
211755,"Corea, República de","11 Agricultura, cría y explotación de animales, aprovechamiento forestal, pesca y caza",2012,3,2012-09-01,0,0.0
212423,España,"11 Agricultura, cría y explotación de animales, aprovechamiento forestal, pesca y caza",2012,3,2012-09-01,C,
213892,India,"11 Agricultura, cría y explotación de animales, aprovechamiento forestal, pesca y caza",2012,3,2012-09-01,0,0.0
214020,Irlanda,"11 Agricultura, cría y explotación de animales, aprovechamiento forestal, pesca y caza",2012,3,2012-09-01,0,0.0
215561,Perú,"11 Agricultura, cría y explotación de animales, aprovechamiento forestal, pesca y caza",2012,3,2012-09-01,0,0.0
215742,Polonia,"11 Agricultura, cría y explotación de animales, aprovechamiento forestal, pesca y caza",2012,3,2012-09-01,0,0.0
216626,Suiza,"11 Agricultura, cría y explotación de animales, aprovechamiento forestal, pesca y caza",2012,3,2012-09-01,9.1105479999999996,9.110548
242547,Bélgica,"11 Agricultura, cría y explotación de animales, aprovechamiento forestal, pesca y caza",2013,3,2013-09-01,C,
242708,Belice,"11 Agricultura, cría y explotación de animales, aprovechamiento forestal, pesca y caza",2013,3,2013-09-01,0,0.0
242760,Brasil,"11 Agricultura, cría y explotación de animales, aprovechamiento forestal, pesca y caza",2013,3,2013-09-01,0,0.0
243736,Colombia,"11 Agricultura, cría y explotación de animales, aprovechamiento forestal, pesca y caza",2013,3,2013-09-01,0,0.0
244995,Estados Unidos de América,"11 Agricultura, cría y explotación de animales, aprovechamiento forestal, pesca y caza",2013,3,2013-09-01,31.740736290000005,31.740736290000005
245843,Guatemala,"11 Agricultura, cría y explotación de animales, aprovechamiento forestal, pesca y caza",2013,3,2013-09-01,0,0.0
248212,Reino Unido de la Gran Bretaña e Irlanda del Norte,"11 Agricultura, cría y explotación de animales, aprovechamiento forestal, pesca y caza",2013,3,2013-09-01,0,0.0
248862,Suiza,"11 Agricultura, cría y explotación de animales, aprovechamiento forestal, pesca y caza",2013,3,2013-09-01,0,0.0
274783,Bélgica,"11 Agricultura, cría y explotación de animales, aprovechamiento forestal, pesca y caza",2014,3,2014-09-01,0,0.0
274944,Belice,"11 Agricultura, cría y explotación de animales, aprovechamiento forestal, pesca y caza",2014,3,2014-09-01,0,0.0
274996,Brasil,"11 Agricultura, cría y explotación de animales, aprovechamiento forestal, pesca y caza",2014,3,2014-09-01,0,0.0
275972,Colombia,"11 Agricultura, cría y explotación de animales, aprovechamiento forestal, pesca y caza",2014,3,2014-09-01,0,0.0
277231,Estados Unidos de América,"11 Agricultura, cría y explotación de animales, aprovechamiento forestal, pesca y caza",2014,3,2014-09-01,21.366475999999999,21.366476
278079,Guatemala,"11 Agricultura, cría y explotación de animales, aprovechamiento forestal, pesca y caza",2014,3,2014-09-01,0,0.0
279497,Nueva Zelandia,"11 Agricultura, cría y explotación de animales, aprovechamiento forestal, pesca y caza",2014,3,2014-09-01,0,0.0
280448,Reino Unido de la Gran Bretaña e Irlanda del Norte,"11 Agricultura, cría y explotación de animales, aprovechamiento forestal, pesca y caza",2014,3,2014-09-01,C,
281796,Otros países,"11 Agricultura, cría y explotación de animales, aprovechamiento forestal, pesca y caza",2014,3,2014-09-01,0,0.0
306762,Australia,"11 Agricultura, cría y explotación de animales, aprovechamiento forestal, pesca y caza",2015,3,2015-09-01,0,0.0
307019,Bélgica,"11 Agricultura, cría y explotación de animales, aprovechamiento forestal, pesca y caza",2015,3,2015-09-01,0,0.0
307978,"China, República Popular de","11 Agricultura, cría y explotación de animales, aprovechamiento forestal, pesca y caza",2015,3,2015-09-01,0,0.0
309131,España,"11 Agricultura, cría y explotación de animales, aprovechamiento forestal, pesca y caza",2015,3,2015-09-01,0,0.0
310045,Francia,"11 Agricultura, cría y explotación de animales, aprovechamiento forestal, pesca y caza",2015,3,2015-09-01,0,0.0
311245,Japón,"11 Agricultura, cría y explotación de animales, aprovechamiento forestal, pesca y caza",2015,3,2015-09-01,0,0.0
312269,Perú,"11 Agricultura, cría y explotación de animales, aprovechamiento forestal, pesca y caza",2015,3,2015-09-01,0,0.0
312450,Polonia,"11 Agricultura, cría y explotación de animales, aprovechamiento forestal, pesca y caza",2015,3,2015-09-01,0,0.0
313334,Suiza,"11 Agricultura, cría y explotación de animales, aprovechamiento forestal, pesca y caza",2015,3,2015-09-01,0,0.0
338479,Alemania,"11 Agricultura, cría y explotación de animales, aprovechamiento forestal, pesca y caza",2016,3,2016-09-01,0,0.0
339416,Belice,"11 Agricultura, cría y explotación de animales, aprovechamiento forestal, pesca y caza",2016,3,2016-09-01,0,0.0
339468,Brasil,"11 Agricultura, cría y explotación de animales, aprovechamiento forestal, pesca y caza",2016,3,2016-09-01,0,0.0
339690,Canadá,"11 Agricultura, cría y explotación de animales, aprovechamiento forestal, pesca y caza",2016,3,2016-09-01,C,
340699,"Corea, República de","11 Agricultura, cría y explotación de animales, aprovechamiento forestal, pesca y caza",2016,3,2016-09-01,0,0.0
341703,Estados Unidos de América,"11 Agricultura, cría y explotación de animales, aprovechamiento forestal, pesca y caza",2016,3,2016-09-01,-13.929957310000006,-13.929957310000006
342836,India,"11 Agricultura, cría y explotación de animales, aprovechamiento forestal, pesca y caza",2016,3,2016-09-01,0,0.0
342964,Irlanda,"11 Agricultura, cría y explotación de animales, aprovechamiento forestal, pesca y caza",2016,3,2016-09-01,0,0.0
343969,Nueva Zelandia,"11 Agricultura, cría y explotación de animales, aprovechamiento forestal, pesca y caza",2016,3,2016-09-01,0,0.0
344045,Países Bajos,"11 Agricultura, cría y explotación de animales, aprovechamiento forestal, pesca y caza",2016,3,2016-09-01,0,0.0
344920,Reino Unido de la Gran Bretaña e Irlanda del Norte,"11 Agricultura, cría y explotación de animales, aprovechamiento forestal, pesca y caza",2016,3,2016-09-01,0,0.0
345893,Uruguay,"11 Agricultura, cría y explotación de animales, aprovechamiento forestal, pesca y caza",2016,3,2016-09-01,0,0.0
346031,"Venezuela, República Bolivariana de","11 Agricultura, cría y explotación de animales, aprovechamiento forestal, pesca y caza",2016,3,2016-09-01,0,0.0
371491,Bélgica,"11 Agricultura, cría y explotación de animales, aprovechamiento forestal, pesca y caza",2017,3,2017-09-01,0,0.0
371652,Belice,"11 Agricultura, cría y explotación de animales, aprovechamiento forestal, pesca y caza",2017,3,2017-09-01,0,0.0
372680,Colombia,"11 Agricultura, cría y explotación de animales, aprovechamiento forestal, pesca y caza",2017,3,2017-09-01,0,0.0
373162,Costa Rica,"11 Agricultura, cría y explotación de animales, aprovechamiento forestal, pesca y caza",2017,3,2017-09-01,0,0.0
374324,Federación de Rusia,"11 Agricultura, cría y explotación de animales, aprovechamiento forestal, pesca y caza",2017,3,2017-09-01,0,0.0
374517,Francia,"11 Agricultura, cría y explotación de animales, aprovechamiento forestal, pesca y caza",2017,3,2017-09-01,0,0.0
375312,Israel,"11 Agricultura, cría y explotación de animales, aprovechamiento forestal, pesca y caza",2017,3,2017-09-01,C,
375459,Italia,"11 Agricultura, cría y explotación de animales, aprovechamiento forestal, pesca y caza",2017,3,2017-09-01,0,0.0
376541,Panamá,"11 Agricultura, cría y explotación de animales, aprovechamiento forestal, pesca y caza",2017,3,2017-09-01,0,0.0
376741,Perú,"11 Agricultura, cría y explotación de animales, aprovechamiento forestal, pesca y caza",2017,3,2017-09-01,0,0.0
377488,Singapur,"11 Agricultura, cría y explotación de animales, aprovechamiento forestal, pesca y caza",2017,3,2017-09-01,0,0.0
377806,Suiza,"11 Agricultura, cría y explotación de animales, aprovechamiento forestal, pesca y caza",2017,3,2017-09-01,0,0.0
403727,Bélgica,"11 Agricultura, cría y explotación de animales, aprovechamiento forestal, pesca y caza",2018,3,2018-09-01,0,0.0
403888,Belice,"11 Agricultura, cría y explotación de animales, aprovechamiento forestal, pesca y caza",2018,3,2018-09-01,0,0.0
404916,Colombia,"11 Agricultura, cría y explotación de animales, aprovechamiento forestal, pesca y caza",2018,3,2018-09-01,0,0.0
405839,España,"11 Agricultura, cría y explotación de animales, aprovechamiento forestal, pesca y caza",2018,3,2018-09-01,C,
407023,Guatemala,"11 Agricultura, cría y explotación de animales, aprovechamiento forestal, pesca y caza",2018,3,2018-09-01,C,
407953,Japón,"11 Agricultura, cría y explotación de animales, aprovechamiento forestal, pesca y caza",2018,3,2018-09-01,0,0.0
409158,Polonia,"11 Agricultura, cría y explotación de animales, aprovechamiento forestal, pesca y caza",2018,3,2018-09-01,0,0.0
409392,Reino Unido de la Gran Bretaña e Irlanda del Norte,"11 Agricultura, cría y explotación de animales, aprovechamiento forestal, pesca y caza",2018,3,2018-09-01,0,0.0
410365,Uruguay,"11 Agricultura, cría y explotación de animales, aprovechamiento forestal, pesca y caza",2018,3,2018-09-01,0,0.0
438075,España,"11 Agricultura, cría y explotación de animales, aprovechamiento forestal, pesca y caza",2019,3,2019-09-01,0.4583441399999999,0.4583441399999999
438989,Francia,"11 Agricultura, cría y explotación de animales, aprovechamiento forestal, pesca y caza",2019,3,2019-09-01,C,
439672,Irlanda,"11 Agricultura, cría y explotación de animales, aprovechamiento forestal, pesca y caza",2019,3,2019-09-01,0,0.0
440189,Japón,"11 Agricultura, cría y explotación de animales, aprovechamiento forestal, pesca y caza",2019,3,2019-09-01,0,0.0
440677,Nueva Zelandia,"11 Agricultura, cría y explotación de animales, aprovechamiento forestal, pesca y caza",2019,3,2019-09-01,0,0.0
440753,Países Bajos,"11 Agricultura, cría y explotación de animales, aprovechamiento forestal, pesca y caza",2019,3,2019-09-01,0,0.0
441213,Perú,"11 Agricultura, cría y explotación de animales, aprovechamiento forestal, pesca y caza",2019,3,2019-09-01,0,0.0
442278,Suiza,"11 Agricultura, cría y explotación de animales, aprovechamiento forestal, pesca y caza",2019,3,2019-09-01,0,0.0
442739,"Venezuela, República Bolivariana de","11 Agricultura, cría y explotación de animales, aprovechamiento forestal, pesca y caza",2019,3,2019-09-01,0,0.0
442976,Otros países,"11 Agricultura, cría y explotación de animales, aprovechamiento forestal, pesca y caza",2019,3,2019-09-01,0,0.0
435963,Bélgica,"11 Agricultura, cría y explotación de animales, aprovechamiento forestal, pesca y caza",2019,3,2019-09-01,0,0.0
436124,Belice,"11 Agricultura, cría y explotación de animales, aprovechamiento forestal, pesca y caza",2019,3,2019-09-01,0,0.0
436398,Canadá,"11 Agricultura, cría y explotación de animales, aprovechamiento forestal, pesca y caza",2019,3,2019-09-01,C,
467693,Argentina,"11 Agricultura, cría y explotación de animales, aprovechamiento forestal, pesca y caza",2020,3,2020-09-01,0,0.0
467942,Australia,"11 Agricultura, cría y explotación de animales, aprovechamiento forestal, pesca y caza",2020,3,2020-09-01,0,0.0
468947,Chile,"11 Agricultura, cría y explotación de animales, aprovechamiento forestal, pesca y caza",2020,3,2020-09-01,0,0.0
469870,Costa Rica,"11 Agricultura, cría y explotación de animales, aprovechamiento forestal, pesca y caza",2020,3,2020-09-01,0,0.0
471032,Federación de Rusia,"11 Agricultura, cría y explotación de animales, aprovechamiento forestal, pesca y caza",2020,3,2020-09-01,0,0.0
472020,Israel,"11 Agricultura, cría y explotación de animales, aprovechamiento forestal, pesca y caza",2020,3,2020-09-01,0,0.0
472167,Italia,"11 Agricultura, cría y explotación de animales, aprovechamiento forestal, pesca y caza",2020,3,2020-09-01,0,0.0
473249,Panamá,"11 Agricultura, cría y explotación de animales, aprovechamiento forestal, pesca y caza",2020,3,2020-09-01,C,
473449,Perú,"11 Agricultura, cría y explotación de animales, aprovechamiento forestal, pesca y caza",2020,3,2020-09-01,0,0.0
474196,Singapur,"11 Agricultura, cría y explotación de animales, aprovechamiento forestal, pesca y caza",2020,3,2020-09-01,0,0.0
475212,Otros países,"11 Agricultura, cría y explotación de animales, aprovechamiento forestal, pesca y caza",2020,3,2020-09-01,C,
500596,Belice,"11 Agricultura, cría y explotación de animales, aprovechamiento forestal, pesca y caza",2021,3,2021-09-01,0,0.0
500870,Canadá,"11 Agricultura, cría y explotación de animales, aprovechamiento forestal, pesca y caza",2021,3,2021-09-01,C,
501183,Chile,"11 Agricultura, cría y explotación de animales, aprovechamiento forestal, pesca y caza",2021,3,2021-09-01,0,0.0
503461,Francia,"11 Agricultura, cría y explotación de animales, aprovechamiento forestal, pesca y caza",2021,3,2021-09-01,0,0.0
504256,Israel,"11 Agricultura, cría y explotación de animales, aprovechamiento forestal, pesca y caza",2021,3,2021-09-01,0,0.0
505866,Polonia,"11 Agricultura, cría y explotación de animales, aprovechamiento forestal, pesca y caza",2021,3,2021-09-01,0,0.0
506432,Singapur,"11 Agricultura, cría y explotación de animales, aprovechamiento forestal, pesca y caza",2021,3,2021-09-01,0,0.0
507448,Otros países,"11 Agricultura, cría y explotación de animales, aprovechamiento forestal, pesca y caza",2021,3,2021-09-01,0,0.0
532884,Brasil,"11 Agricultura, cría y explotación de animales, aprovechamiento forestal, pesca y caza",2022,3,2022-09-01,0,0.0
82556,Colombia,"11 Agricultura, cría y explotación de animales, aprovechamiento forestal, pesca y caza",2008,3,2008-09-01,0,0.0
437152,Colombia,"11 Agricultura, cría y explotación de animales, aprovechamiento forestal, pesca y caza",2019,3,2019-09-01,0,0.0
437634,Costa Rica,"11 Agricultura, cría y explotación de animales, aprovechamiento forestal, pesca y caza",2019,3,2019-09-01,0,0.0
82326,"China, República Popular de","11 Agricultura, cría y explotación de animales, aprovechamiento forestal, pesca y caza",2008,3,2008-09-01,0,0.0
81528,Belice,"11 Agricultura, cría y explotación de animales, aprovechamiento forestal, pesca y caza",2008,3,2008-09-01,0,0.0
81367,Bélgica,"11 Agricultura, cría y explotación de animales, aprovechamiento forestal, pesca y caza",2008,3,2008-09-01,0,0.0
568203,Guatemala,"11 Agricultura, cría y explotación de animales, aprovechamiento forestal, pesca y caza",2023,3,2023-09-01,0,0.0
567019,España,"11 Agricultura, cría y explotación de animales, aprovechamiento forestal, pesca y caza",2023,3,2023-09-01,0,0.0
242290,Australia,"11 Agricultura, cría y explotación de animales, aprovechamiento forestal, pesca y caza",2013,3,2013-09-01,0,0.0
243295,Chile,"11 Agricultura, cría y explotación de animales, aprovechamiento forestal, pesca y caza",2013,3,2013-09-01,C,
243506,"China, República Popular de","11 Agricultura, cría y explotación de animales, aprovechamiento forestal, pesca y caza",2013,3,2013-09-01,0,0.0
244659,España,"11 Agricultura, cría y explotación de animales, aprovechamiento forestal, pesca y caza",2013,3,2013-09-01,3.53124218,3.53124218
245380,Federación de Rusia,"11 Agricultura, cría y explotación de animales, aprovechamiento forestal, pesca y caza",2013,3,2013-09-01,0,0.0
245573,Francia,"11 Agricultura, cría y explotación de animales, aprovechamiento forestal, pesca y caza",2013,3,2013-09-01,C,
246515,Italia,"11 Agricultura, cría y explotación de animales, aprovechamiento forestal, pesca y caza",2013,3,2013-09-01,0,0.0
246773,Japón,"11 Agricultura, cría y explotación de animales, aprovechamiento forestal, pesca y caza",2013,3,2013-09-01,0,0.0
247797,Perú,"11 Agricultura, cría y explotación de animales, aprovechamiento forestal, pesca y caza",2013,3,2013-09-01,0,0.0
247978,Polonia,"11 Agricultura, cría y explotación de animales, aprovechamiento forestal, pesca y caza",2013,3,2013-09-01,0,0.0
249185,Uruguay,"11 Agricultura, cría y explotación de animales, aprovechamiento forestal, pesca y caza",2013,3,2013-09-01,0,0.0
249323,"Venezuela, República Bolivariana de","11 Agricultura, cría y explotación de animales, aprovechamiento forestal, pesca y caza",2013,3,2013-09-01,0,0.0
55769,Uruguay,"11 Agricultura, cría y explotación de animales, aprovechamiento forestal, pesca y caza",2007,3,2007-09-01,0,0.0
54796,Reino Unido de la Gran Bretaña e Irlanda del Norte,"11 Agricultura, cría y explotación de animales, aprovechamiento forestal, pesca y caza",2007,3,2007-09-01,0,0.0
564907,Bélgica,"11 Agricultura, cría y explotación de animales, aprovechamiento forestal, pesca y caza",2023,3,2023-09-01,0,0.0
504403,Italia,"11 Agricultura, cría y explotación de animales, aprovechamiento forestal, pesca y caza",2021,3,2021-09-01,0,0.0
274526,Australia,"11 Agricultura, cría y explotación de animales, aprovechamiento forestal, pesca y caza",2014,3,2014-09-01,0,0.0
275531,Chile,"11 Agricultura, cría y explotación de animales, aprovechamiento forestal, pesca y caza",2014,3,2014-09-01,0,0.0
275742,"China, República Popular de","11 Agricultura, cría y explotación de animales, aprovechamiento forestal, pesca y caza",2014,3,2014-09-01,0,0.0
276895,España,"11 Agricultura, cría y explotación de animales, aprovechamiento forestal, pesca y caza",2014,3,2014-09-01,C,
277809,Francia,"11 Agricultura, cría y explotación de animales, aprovechamiento forestal, pesca y caza",2014,3,2014-09-01,0,0.0
278751,Italia,"11 Agricultura, cría y explotación de animales, aprovechamiento forestal, pesca y caza",2014,3,2014-09-01,0,0.0
279009,Japón,"11 Agricultura, cría y explotación de animales, aprovechamiento forestal, pesca y caza",2014,3,2014-09-01,0,0.0
280033,Perú,"11 Agricultura, cría y explotación de animales, aprovechamiento forestal, pesca y caza",2014,3,2014-09-01,0,0.0
280214,Polonia,"11 Agricultura, cría y explotación de animales, aprovechamiento forestal, pesca y caza",2014,3,2014-09-01,0,0.0
281098,Suiza,"11 Agricultura, cría y explotación de animales, aprovechamiento forestal, pesca y caza",2014,3,2014-09-01,0,0.0
54562,Polonia,"11 Agricultura, cría y explotación de animales, aprovechamiento forestal, pesca y caza",2007,3,2007-09-01,0,0.0
53357,Japón,"11 Agricultura, cría y explotación de animales, aprovechamiento forestal, pesca y caza",2007,3,2007-09-01,C,
52427,Guatemala,"11 Agricultura, cría y explotación de animales, aprovechamiento forestal, pesca y caza",2007,3,2007-09-01,0,0.0
51243,España,"11 Agricultura, cría y explotación de animales, aprovechamiento forestal, pesca y caza",2007,3,2007-09-01,C,
50320,Colombia,"11 Agricultura, cría y explotación de animales, aprovechamiento forestal, pesca y caza",2007,3,2007-09-01,0,0.0
50090,"China, República Popular de","11 Agricultura, cría y explotación de animales, aprovechamiento forestal, pesca y caza",2007,3,2007-09-01,0,0.0
49292,Belice,"11 Agricultura, cría y explotación de animales, aprovechamiento forestal, pesca y caza",2007,3,2007-09-01,0,0.0
49131,Bélgica,"11 Agricultura, cría y explotación de animales, aprovechamiento forestal, pesca y caza",2007,3,2007-09-01,0,0.0
505685,Perú,"11 Agricultura, cría y explotación de animales, aprovechamiento forestal, pesca y caza",2021,3,2021-09-01,0,0.0
506750,Suiza,"11 Agricultura, cría y explotación de animales, aprovechamiento forestal, pesca y caza",2021,3,2021-09-01,0,0.0
468199,Bélgica,"11 Agricultura, cría y explotación de animales, aprovechamiento forestal, pesca y caza",2020,3,2020-09-01,C,
469158,"China, República Popular de","11 Agricultura, cría y explotación de animales, aprovechamiento forestal, pesca y caza",2020,3,2020-09-01,0,0.0
469388,Colombia,"11 Agricultura, cría y explotación de animales, aprovechamiento forestal, pesca y caza",2020,3,2020-09-01,0,0.0
470311,España,"11 Agricultura, cría y explotación de animales, aprovechamiento forestal, pesca y caza",2020,3,2020-09-01,C,
306513,Argentina,"11 Agricultura, cría y explotación de animales, aprovechamiento forestal, pesca y caza",2015,3,2015-09-01,0,0.0
307454,Canadá,"11 Agricultura, cría y explotación de animales, aprovechamiento forestal, pesca y caza",2015,3,2015-09-01,C,
307767,Chile,"11 Agricultura, cría y explotación de animales, aprovechamiento forestal, pesca y caza",2015,3,2015-09-01,C,
308690,Costa Rica,"11 Agricultura, cría y explotación de animales, aprovechamiento forestal, pesca y caza",2015,3,2015-09-01,0,0.0
309852,Federación de Rusia,"11 Agricultura, cría y explotación de animales, aprovechamiento forestal, pesca y caza",2015,3,2015-09-01,0,0.0
310728,Irlanda,"11 Agricultura, cría y explotación de animales, aprovechamiento forestal, pesca y caza",2015,3,2015-09-01,0,0.0
310840,Israel,"11 Agricultura, cría y explotación de animales, aprovechamiento forestal, pesca y caza",2015,3,2015-09-01,0,0.0
310987,Italia,"11 Agricultura, cría y explotación de animales, aprovechamiento forestal, pesca y caza",2015,3,2015-09-01,0,0.0
312069,Panamá,"11 Agricultura, cría y explotación de animales, aprovechamiento forestal, pesca y caza",2015,3,2015-09-01,C,
313016,Singapur,"11 Agricultura, cría y explotación de animales, aprovechamiento forestal, pesca y caza",2015,3,2015-09-01,0,0.0
314032,Otros países,"11 Agricultura, cría y explotación de animales, aprovechamiento forestal, pesca y caza",2015,3,2015-09-01,0,0.0
471225,Francia,"11 Agricultura, cría y explotación de animales, aprovechamiento forestal, pesca y caza",2020,3,2020-09-01,0,0.0
471495,Guatemala,"11 Agricultura, cría y explotación de animales, aprovechamiento forestal, pesca y caza",2020,3,2020-09-01,0,0.0
472425,Japón,"11 Agricultura, cría y explotación de animales, aprovechamiento forestal, pesca y caza",2020,3,2020-09-01,0,0.0
473630,Polonia,"11 Agricultura, cría y explotación de animales, aprovechamiento forestal, pesca y caza",2020,3,2020-09-01,0,0.0
474514,Suiza,"11 Agricultura, cría y explotación de animales, aprovechamiento forestal, pesca y caza",2020,3,2020-09-01,0,0.0
474837,Uruguay,"11 Agricultura, cría y explotación de animales, aprovechamiento forestal, pesca y caza",2020,3,2020-09-01,0,0.0
338998,Australia,"11 Agricultura, cría y explotación de animales, aprovechamiento forestal, pesca y caza",2016,3,2016-09-01,0,0.0
339255,Bélgica,"11 Agricultura, cría y explotación de animales, aprovechamiento forestal, pesca y caza",2016,3,2016-09-01,0,0.0
340214,"China, República Popular de","11 Agricultura, cría y explotación de animales, aprovechamiento forestal, pesca y caza",2016,3,2016-09-01,0,0.0
340444,Colombia,"11 Agricultura, cría y explotación de animales, aprovechamiento forestal, pesca y caza",2016,3,2016-09-01,0,0.0
341367,España,"11 Agricultura, cría y explotación de animales, aprovechamiento forestal, pesca y caza",2016,3,2016-09-01,0,0.0
342281,Francia,"11 Agricultura, cría y explotación de animales, aprovechamiento forestal, pesca y caza",2016,3,2016-09-01,0,0.0
342551,Guatemala,"11 Agricultura, cría y explotación de animales, aprovechamiento forestal, pesca y caza",2016,3,2016-09-01,0,0.0
343481,Japón,"11 Agricultura, cría y explotación de animales, aprovechamiento forestal, pesca y caza",2016,3,2016-09-01,0,0.0
344505,Perú,"11 Agricultura, cría y explotación de animales, aprovechamiento forestal, pesca y caza",2016,3,2016-09-01,0,0.0
344686,Polonia,"11 Agricultura, cría y explotación de animales, aprovechamiento forestal, pesca y caza",2016,3,2016-09-01,0,0.0
345570,Suiza,"11 Agricultura, cría y explotación de animales, aprovechamiento forestal, pesca y caza",2016,3,2016-09-01,0,0.0
23908,Otros países,"11 Agricultura, cría y explotación de animales, aprovechamiento forestal, pesca y caza",2006,3,2006-09-01,0,0.0
23671,"Venezuela, República Bolivariana de","11 Agricultura, cría y explotación de animales, aprovechamiento forestal, pesca y caza",2006,3,2006-09-01,0,0.0
22560,Reino Unido de la Gran Bretaña e Irlanda del Norte,"11 Agricultura, cría y explotación de animales, aprovechamiento forestal, pesca y caza",2006,3,2006-09-01,0,0.0
22326,Polonia,"11 Agricultura, cría y explotación de animales, aprovechamiento forestal, pesca y caza",2006,3,2006-09-01,0,0.0
21121,Japón,"11 Agricultura, cría y explotación de animales, aprovechamiento forestal, pesca y caza",2006,3,2006-09-01,0,0.0
20191,Guatemala,"11 Agricultura, cría y explotación de animales, aprovechamiento forestal, pesca y caza",2006,3,2006-09-01,0,0.0
19007,España,"11 Agricultura, cría y explotación de animales, aprovechamiento forestal, pesca y caza",2006,3,2006-09-01,C,
18084,Colombia,"11 Agricultura, cría y explotación de animales, aprovechamiento forestal, pesca y caza",2006,3,2006-09-01,0,0.0
17854,"China, República Popular de","11 Agricultura, cría y explotación de animales, aprovechamiento forestal, pesca y caza",2006,3,2006-09-01,0,0.0
539684,Otros países,"11 Agricultura, cría y explotación de animales, aprovechamiento forestal, pesca y caza",2022,3,2022-09-01,0,0.0
538668,Singapur,"11 Agricultura, cría y explotación de animales, aprovechamiento forestal, pesca y caza",2022,3,2022-09-01,0,0.0
537721,Panamá,"11 Agricultura, cría y explotación de animales, aprovechamiento forestal, pesca y caza",2022,3,2022-09-01,0,0.0
370985,Argentina,"11 Agricultura, cría y explotación de animales, aprovechamiento forestal, pesca y caza",2017,3,2017-09-01,0,0.0
371234,Australia,"11 Agricultura, cría y explotación de animales, aprovechamiento forestal, pesca y caza",2017,3,2017-09-01,0,0.0
372239,Chile,"11 Agricultura, cría y explotación de animales, aprovechamiento forestal, pesca y caza",2017,3,2017-09-01,C,
373603,España,"11 Agricultura, cría y explotación de animales, aprovechamiento forestal, pesca y caza",2017,3,2017-09-01,C,
374787,Guatemala,"11 Agricultura, cría y explotación de animales, aprovechamiento forestal, pesca y caza",2017,3,2017-09-01,0,0.0
375717,Japón,"11 Agricultura, cría y explotación de animales, aprovechamiento forestal, pesca y caza",2017,3,2017-09-01,0,0.0
376922,Polonia,"11 Agricultura, cría y explotación de animales, aprovechamiento forestal, pesca y caza",2017,3,2017-09-01,0,0.0
377156,Reino Unido de la Gran Bretaña e Irlanda del Norte,"11 Agricultura, cría y explotación de animales, aprovechamiento forestal, pesca y caza",2017,3,2017-09-01,0,0.0
378129,Uruguay,"11 Agricultura, cría y explotación de animales, aprovechamiento forestal, pesca y caza",2017,3,2017-09-01,0,0.0
17056,Belice,"11 Agricultura, cría y explotación de animales, aprovechamiento forestal, pesca y caza",2006,3,2006-09-01,C,
16895,Bélgica,"11 Agricultura, cría y explotación de animales, aprovechamiento forestal, pesca y caza",2006,3,2006-09-01,0,0.0
16119,Alemania,"11 Agricultura, cría y explotación de animales, aprovechamiento forestal, pesca y caza",2006,3,2006-09-01,0,0.0
537461,Países Bajos,"11 Agricultura, cría y explotación de animales, aprovechamiento forestal, pesca y caza",2022,3,2022-09-01,0,0.0
537385,Nueva Zelandia,"11 Agricultura, cría y explotación de animales, aprovechamiento forestal, pesca y caza",2022,3,2022-09-01,0,0.0
536380,Irlanda,"11 Agricultura, cría y explotación de animales, aprovechamiento forestal, pesca y caza",2022,3,2022-09-01,0,0.0
536252,India,"11 Agricultura, cría y explotación de animales, aprovechamiento forestal, pesca y caza",2022,3,2022-09-01,0,0.0
535967,Guatemala,"11 Agricultura, cría y explotación de animales, aprovechamiento forestal, pesca y caza",2022,3,2022-09-01,C,
535504,Federación de Rusia,"11 Agricultura, cría y explotación de animales, aprovechamiento forestal, pesca y caza",2022,3,2022-09-01,0,0.0
534342,Costa Rica,"11 Agricultura, cría y explotación de animales, aprovechamiento forestal, pesca y caza",2022,3,2022-09-01,C,
403221,Argentina,"11 Agricultura, cría y explotación de animales, aprovechamiento forestal, pesca y caza",2018,3,2018-09-01,0,0.0
403470,Australia,"11 Agricultura, cría y explotación de animales, aprovechamiento forestal, pesca y caza",2018,3,2018-09-01,0,0.0
404475,Chile,"11 Agricultura, cría y explotación de animales, aprovechamiento forestal, pesca y caza",2018,3,2018-09-01,C,
404686,"China, República Popular de","11 Agricultura, cría y explotación de animales, aprovechamiento forestal, pesca y caza",2018,3,2018-09-01,0,0.0
405398,Costa Rica,"11 Agricultura, cría y explotación de animales, aprovechamiento forestal, pesca y caza",2018,3,2018-09-01,C,
406560,Federación de Rusia,"11 Agricultura, cría y explotación de animales, aprovechamiento forestal, pesca y caza",2018,3,2018-09-01,0,0.0
406753,Francia,"11 Agricultura, cría y explotación de animales, aprovechamiento forestal, pesca y caza",2018,3,2018-09-01,C,
407695,Italia,"11 Agricultura, cría y explotación de animales, aprovechamiento forestal, pesca y caza",2018,3,2018-09-01,C,
408777,Panamá,"11 Agricultura, cría y explotación de animales, aprovechamiento forestal, pesca y caza",2018,3,2018-09-01,0,0.0
408977,Perú,"11 Agricultura, cría y explotación de animales, aprovechamiento forestal, pesca y caza",2018,3,2018-09-01,0,0.0
409724,Singapur,"11 Agricultura, cría y explotación de animales, aprovechamiento forestal, pesca y caza",2018,3,2018-09-01,0,0.0
410042,Suiza,"11 Agricultura, cría y explotación de animales, aprovechamiento forestal, pesca y caza",2018,3,2018-09-01,0,0.0
120616,Otros países,"11 Agricultura, cría y explotación de animales, aprovechamiento forestal, pesca y caza",2009,3,2009-09-01,0,0.0
119600,Singapur,"11 Agricultura, cría y explotación de animales, aprovechamiento forestal, pesca y caza",2009,3,2009-09-01,0,0.0
118653,Panamá,"11 Agricultura, cría y explotación de animales, aprovechamiento forestal, pesca y caza",2009,3,2009-09-01,0,0.0
117571,Italia,"11 Agricultura, cría y explotación de animales, aprovechamiento forestal, pesca y caza",2009,3,2009-09-01,0,0.0
571545,Uruguay,"11 Agricultura, cría y explotación de animales, aprovechamiento forestal, pesca y caza",2023,3,2023-09-01,0,0.0
570904,Singapur,"11 Agricultura, cría y explotación de animales, aprovechamiento forestal, pesca y caza",2023,3,2023-09-01,0,0.0
570338,Polonia,"11 Agricultura, cría y explotación de animales, aprovechamiento forestal, pesca y caza",2023,3,2023-09-01,0,0.0
569957,Panamá,"11 Agricultura, cría y explotación de animales, aprovechamiento forestal, pesca y caza",2023,3,2023-09-01,C,
568875,Italia,"11 Agricultura, cría y explotación de animales, aprovechamiento forestal, pesca y caza",2023,3,2023-09-01,0,0.0
568728,Israel,"11 Agricultura, cría y explotación de animales, aprovechamiento forestal, pesca y caza",2023,3,2023-09-01,0,0.0
499659,Alemania,"11 Agricultura, cría y explotación de animales, aprovechamiento forestal, pesca y caza",2021,3,2021-09-01,0,0.0
149660,Israel,"11 Agricultura, cría y explotación de animales, aprovechamiento forestal, pesca y caza",2010,3,2010-09-01,0,0.0
145063,Alemania,"11 Agricultura, cría y explotación de animales, aprovechamiento forestal, pesca y caza",2010,3,2010-09-01,0,0.0
151270,Polonia,"11 Agricultura, cría y explotación de animales, aprovechamiento forestal, pesca y caza",2010,3,2010-09-01,0,0.0
146274,Canadá,"11 Agricultura, cría y explotación de animales, aprovechamiento forestal, pesca y caza",2010,3,2010-09-01,0,0.0
151836,Singapur,"11 Agricultura, cría y explotación de animales, aprovechamiento forestal, pesca y caza",2010,3,2010-09-01,0,0.0
146798,"China, República Popular de","11 Agricultura, cría y explotación de animales, aprovechamiento forestal, pesca y caza",2010,3,2010-09-01,0,0.0
152615,"Venezuela, República Bolivariana de","11 Agricultura, cría y explotación de animales, aprovechamiento forestal, pesca y caza",2010,3,2010-09-01,0,0.0
147510,Costa Rica,"11 Agricultura, cría y explotación de animales, aprovechamiento forestal, pesca y caza",2010,3,2010-09-01,C,
148287,Estados Unidos de América,"11 Agricultura, cría y explotación de animales, aprovechamiento forestal, pesca y caza",2010,3,2010-09-01,-5.2572521800000001,-5.25725218
117424,Israel,"11 Agricultura, cría y explotación de animales, aprovechamiento forestal, pesca y caza",2009,3,2009-09-01,0,0.0
116436,Federación de Rusia,"11 Agricultura, cría y explotación de animales, aprovechamiento forestal, pesca y caza",2009,3,2009-09-01,0,0.0
115274,Costa Rica,"11 Agricultura, cría y explotación de animales, aprovechamiento forestal, pesca y caza",2009,3,2009-09-01,0,0.0
114792,Colombia,"11 Agricultura, cría y explotación de animales, aprovechamiento forestal, pesca y caza",2009,3,2009-09-01,0,0.0
500178,Australia,"11 Agricultura, cría y explotación de animales, aprovechamiento forestal, pesca y caza",2021,3,2021-09-01,0,0.0
532832,Belice,"11 Agricultura, cría y explotación de animales, aprovechamiento forestal, pesca y caza",2022,3,2022-09-01,0,0.0
439544,India,"11 Agricultura, cría y explotación de animales, aprovechamiento forestal, pesca y caza",2019,3,2019-09-01,0,0.0
439931,Italia,"11 Agricultura, cría y explotación de animales, aprovechamiento forestal, pesca y caza",2019,3,2019-09-01,0,0.0
532671,Bélgica,"11 Agricultura, cría y explotación de animales, aprovechamiento forestal, pesca y caza",2022,3,2022-09-01,0,0.0
182789,Nueva Zelandia,"11 Agricultura, cría y explotación de animales, aprovechamiento forestal, pesca y caza",2011,3,2011-09-01,0,0.0
183740,Reino Unido de la Gran Bretaña e Irlanda del Norte,"11 Agricultura, cría y explotación de animales, aprovechamiento forestal, pesca y caza",2011,3,2011-09-01,0,0.0
184390,Suiza,"11 Agricultura, cría y explotación de animales, aprovechamiento forestal, pesca y caza",2011,3,2011-09-01,C,
501394,"China, República Popular de","11 Agricultura, cría y explotación de animales, aprovechamiento forestal, pesca y caza",2021,3,2021-09-01,0,0.0
501879,"Corea, República de","11 Agricultura, cría y explotación de animales, aprovechamiento forestal, pesca y caza",2021,3,2021-09-01,0,0.0
502883,Estados Unidos de América,"11 Agricultura, cría y explotación de animales, aprovechamiento forestal, pesca y caza",2021,3,2021-09-01,186.97198776999997,186.97198777
441628,Reino Unido de la Gran Bretaña e Irlanda del Norte,"11 Agricultura, cría y explotación de animales, aprovechamiento forestal, pesca y caza",2019,3,2019-09-01,0.031890120000000008,0.03189012
177569,Argentina,"11 Agricultura, cría y explotación de animales, aprovechamiento forestal, pesca y caza",2011,3,2011-09-01,0,0.0
177818,Australia,"11 Agricultura, cría y explotación de animales, aprovechamiento forestal, pesca y caza",2011,3,2011-09-01,0,0.0
178823,Chile,"11 Agricultura, cría y explotación de animales, aprovechamiento forestal, pesca y caza",2011,3,2011-09-01,0,0.0
179746,Costa Rica,"11 Agricultura, cría y explotación de animales, aprovechamiento forestal, pesca y caza",2011,3,2011-09-01,0,0.0
181371,Guatemala,"11 Agricultura, cría y explotación de animales, aprovechamiento forestal, pesca y caza",2011,3,2011-09-01,0,0.0
114351,Chile,"11 Agricultura, cría y explotación de animales, aprovechamiento forestal, pesca y caza",2009,3,2009-09-01,0,0.0
113764,Belice,"11 Agricultura, cría y explotación de animales, aprovechamiento forestal, pesca y caza",2009,3,2009-09-01,0,0.0
88005,Uruguay,"11 Agricultura, cría y explotación de animales, aprovechamiento forestal, pesca y caza",2008,3,2008-09-01,0,0.0
441960,Singapur,"11 Agricultura, cría y explotación de animales, aprovechamiento forestal, pesca y caza",2019,3,2019-09-01,0,0.0
87682,Suiza,"11 Agricultura, cría y explotación de animales, aprovechamiento forestal, pesca y caza",2008,3,2008-09-01,C,
503268,Federación de Rusia,"11 Agricultura, cría y explotación de animales, aprovechamiento forestal, pesca y caza",2021,3,2021-09-01,0,0.0
86617,Perú,"11 Agricultura, cría y explotación de animales, aprovechamiento forestal, pesca y caza",2008,3,2008-09-01,0,0.0
86081,Nueva Zelandia,"11 Agricultura, cría y explotación de animales, aprovechamiento forestal, pesca y caza",2008,3,2008-09-01,0,0.0
84200,Federación de Rusia,"11 Agricultura, cría y explotación de animales, aprovechamiento forestal, pesca y caza",2008,3,2008-09-01,0,0.0
83815,Estados Unidos de América,"11 Agricultura, cría y explotación de animales, aprovechamiento forestal, pesca y caza",2008,3,2008-09-01,3.500055549999999,3.500055549999999
210524,Brasil,"11 Agricultura, cría y explotación de animales, aprovechamiento forestal, pesca y caza",2012,3,2012-09-01,C,
211059,Chile,"11 Agricultura, cría y explotación de animales, aprovechamiento forestal, pesca y caza",2012,3,2012-09-01,0,0.0
211270,"China, República Popular de","11 Agricultura, cría y explotación de animales, aprovechamiento forestal, pesca y caza",2012,3,2012-09-01,0,0.0
442601,Uruguay,"11 Agricultura, cría y explotación de animales, aprovechamiento forestal, pesca y caza",2019,3,2019-09-01,0,0.0
435706,Australia,"11 Agricultura, cría y explotación de animales, aprovechamiento forestal, pesca y caza",2019,3,2019-09-01,0,0.0
212759,Estados Unidos de América,"11 Agricultura, cría y explotación de animales, aprovechamiento forestal, pesca y caza",2012,3,2012-09-01,10.462218,10.462218
213144,Federación de Rusia,"11 Agricultura, cría y explotación de animales, aprovechamiento forestal, pesca y caza",2012,3,2012-09-01,0,0.0
213337,Francia,"11 Agricultura, cría y explotación de animales, aprovechamiento forestal, pesca y caza",2012,3,2012-09-01,0,0.0
436922,"China, República Popular de","11 Agricultura, cría y explotación de animales, aprovechamiento forestal, pesca y caza",2019,3,2019-09-01,0,0.0
215025,Nueva Zelandia,"11 Agricultura, cría y explotación de animales, aprovechamiento forestal, pesca y caza",2012,3,2012-09-01,0,0.0
215101,Países Bajos,"11 Agricultura, cría y explotación de animales, aprovechamiento forestal, pesca y caza",2012,3,2012-09-01,C,
215976,Reino Unido de la Gran Bretaña e Irlanda del Norte,"11 Agricultura, cría y explotación de animales, aprovechamiento forestal, pesca y caza",2012,3,2012-09-01,0,0.0
216949,Uruguay,"11 Agricultura, cría y explotación de animales, aprovechamiento forestal, pesca y caza",2012,3,2012-09-01,0,0.0
217087,"Venezuela, República Bolivariana de","11 Agricultura, cría y explotación de animales, aprovechamiento forestal, pesca y caza",2012,3,2012-09-01,0,0.0
85188,Israel,"11 Agricultura, cría y explotación de animales, aprovechamiento forestal, pesca y caza",2008,3,2008-09-01,0,0.0
84663,Guatemala,"11 Agricultura, cría y explotación de animales, aprovechamiento forestal, pesca y caza",2008,3,2008-09-01,0,0.0
505149,Nueva Zelandia,"11 Agricultura, cría y explotación de animales, aprovechamiento forestal, pesca y caza",2021,3,2021-09-01,0,0.0
505225,Países Bajos,"11 Agricultura, cría y explotación de animales, aprovechamiento forestal, pesca y caza",2021,3,2021-09-01,0,0.0
505485,Panamá,"11 Agricultura, cría y explotación de animales, aprovechamiento forestal, pesca y caza",2021,3,2021-09-01,C,
506100,Reino Unido de la Gran Bretaña e Irlanda del Norte,"11 Agricultura, cría y explotación de animales, aprovechamiento forestal, pesca y caza",2021,3,2021-09-01,0,0.0
507073,Uruguay,"11 Agricultura, cría y explotación de animales, aprovechamiento forestal, pesca y caza",2021,3,2021-09-01,0,0.0
507211,"Venezuela, República Bolivariana de","11 Agricultura, cría y explotación de animales, aprovechamiento forestal, pesca y caza",2021,3,2021-09-01,0,0.0
241771,Alemania,"11 Agricultura, cría y explotación de animales, aprovechamiento forestal, pesca y caza",2013,3,2013-09-01,0,0.0
242041,Argentina,"11 Agricultura, cría y explotación de animales, aprovechamiento forestal, pesca y caza",2013,3,2013-09-01,0,0.0
242982,Canadá,"11 Agricultura, cría y explotación de animales, aprovechamiento forestal, pesca y caza",2013,3,2013-09-01,C,
243991,"Corea, República de","11 Agricultura, cría y explotación de animales, aprovechamiento forestal, pesca y caza",2013,3,2013-09-01,0,0.0
244218,Costa Rica,"11 Agricultura, cría y explotación de animales, aprovechamiento forestal, pesca y caza",2013,3,2013-09-01,0,0.0
246128,India,"11 Agricultura, cría y explotación de animales, aprovechamiento forestal, pesca y caza",2013,3,2013-09-01,0,0.0
246256,Irlanda,"11 Agricultura, cría y explotación de animales, aprovechamiento forestal, pesca y caza",2013,3,2013-09-01,0,0.0
246368,Israel,"11 Agricultura, cría y explotación de animales, aprovechamiento forestal, pesca y caza",2013,3,2013-09-01,0,0.0
247261,Nueva Zelandia,"11 Agricultura, cría y explotación de animales, aprovechamiento forestal, pesca y caza",2013,3,2013-09-01,0,0.0
247337,Países Bajos,"11 Agricultura, cría y explotación de animales, aprovechamiento forestal, pesca y caza",2013,3,2013-09-01,C,
247597,Panamá,"11 Agricultura, cría y explotación de animales, aprovechamiento forestal, pesca y caza",2013,3,2013-09-01,0,0.0
248544,Singapur,"11 Agricultura, cría y explotación de animales, aprovechamiento forestal, pesca y caza",2013,3,2013-09-01,0,0.0
249560,Otros países,"11 Agricultura, cría y explotación de animales, aprovechamiento forestal, pesca y caza",2013,3,2013-09-01,0,0.0
274007,Alemania,"11 Agricultura, cría y explotación de animales, aprovechamiento forestal, pesca y caza",2014,3,2014-09-01,0,0.0
274277,Argentina,"11 Agricultura, cría y explotación de animales, aprovechamiento forestal, pesca y caza",2014,3,2014-09-01,0,0.0
275218,Canadá,"11 Agricultura, cría y explotación de animales, aprovechamiento forestal, pesca y caza",2014,3,2014-09-01,C,
276227,"Corea, República de","11 Agricultura, cría y explotación de animales, aprovechamiento forestal, pesca y caza",2014,3,2014-09-01,0,0.0
276454,Costa Rica,"11 Agricultura, cría y explotación de animales, aprovechamiento forestal, pesca y caza",2014,3,2014-09-01,0,0.0
277616,Federación de Rusia,"11 Agricultura, cría y explotación de animales, aprovechamiento forestal, pesca y caza",2014,3,2014-09-01,0,0.0
278364,India,"11 Agricultura, cría y explotación de animales, aprovechamiento forestal, pesca y caza",2014,3,2014-09-01,0,0.0
278492,Irlanda,"11 Agricultura, cría y explotación de animales, aprovechamiento forestal, pesca y caza",2014,3,2014-09-01,0,0.0
278604,Israel,"11 Agricultura, cría y explotación de animales, aprovechamiento forestal, pesca y caza",2014,3,2014-09-01,0,0.0
279573,Países Bajos,"11 Agricultura, cría y explotación de animales, aprovechamiento forestal, pesca y caza",2014,3,2014-09-01,C,
279833,Panamá,"11 Agricultura, cría y explotación de animales, aprovechamiento forestal, pesca y caza",2014,3,2014-09-01,C,
280780,Singapur,"11 Agricultura, cría y explotación de animales, aprovechamiento forestal, pesca y caza",2014,3,2014-09-01,0,0.0
281421,Uruguay,"11 Agricultura, cría y explotación de animales, aprovechamiento forestal, pesca y caza",2014,3,2014-09-01,0,0.0
281559,"Venezuela, República Bolivariana de","11 Agricultura, cría y explotación de animales, aprovechamiento forestal, pesca y caza",2014,3,2014-09-01,0,0.0
80861,Argentina,"11 Agricultura, cría y explotación de animales, aprovechamiento forestal, pesca y caza",2008,3,2008-09-01,0,0.0
56144,Otros países,"11 Agricultura, cría y explotación de animales, aprovechamiento forestal, pesca y caza",2007,3,2007-09-01,C,
470647,Estados Unidos de América,"11 Agricultura, cría y explotación de animales, aprovechamiento forestal, pesca y caza",2020,3,2020-09-01,54.404040129999991,54.40404012999999
471780,India,"11 Agricultura, cría y explotación de animales, aprovechamiento forestal, pesca y caza",2020,3,2020-09-01,0,0.0
471908,Irlanda,"11 Agricultura, cría y explotación de animales, aprovechamiento forestal, pesca y caza",2020,3,2020-09-01,0,0.0
472913,Nueva Zelandia,"11 Agricultura, cría y explotación de animales, aprovechamiento forestal, pesca y caza",2020,3,2020-09-01,0,0.0
472989,Países Bajos,"11 Agricultura, cría y explotación de animales, aprovechamiento forestal, pesca y caza",2020,3,2020-09-01,C,
473864,Reino Unido de la Gran Bretaña e Irlanda del Norte,"11 Agricultura, cría y explotación de animales, aprovechamiento forestal, pesca y caza",2020,3,2020-09-01,0,0.0
474975,"Venezuela, República Bolivariana de","11 Agricultura, cría y explotación de animales, aprovechamiento forestal, pesca y caza",2020,3,2020-09-01,0,0.0
306243,Alemania,"11 Agricultura, cría y explotación de animales, aprovechamiento forestal, pesca y caza",2015,3,2015-09-01,0,0.0
307180,Belice,"11 Agricultura, cría y explotación de animales, aprovechamiento forestal, pesca y caza",2015,3,2015-09-01,0,0.0
307232,Brasil,"11 Agricultura, cría y explotación de animales, aprovechamiento forestal, pesca y caza",2015,3,2015-09-01,0,0.0
308208,Colombia,"11 Agricultura, cría y explotación de animales, aprovechamiento forestal, pesca y caza",2015,3,2015-09-01,0,0.0
308463,"Corea, República de","11 Agricultura, cría y explotación de animales, aprovechamiento forestal, pesca y caza",2015,3,2015-09-01,0,0.0
309467,Estados Unidos de América,"11 Agricultura, cría y explotación de animales, aprovechamiento forestal, pesca y caza",2015,3,2015-09-01,41.227698128583789,41.22769812858378
310315,Guatemala,"11 Agricultura, cría y explotación de animales, aprovechamiento forestal, pesca y caza",2015,3,2015-09-01,0,0.0
310600,India,"11 Agricultura, cría y explotación de animales, aprovechamiento forestal, pesca y caza",2015,3,2015-09-01,0,0.0
311733,Nueva Zelandia,"11 Agricultura, cría y explotación de animales, aprovechamiento forestal, pesca y caza",2015,3,2015-09-01,0,0.0
311809,Países Bajos,"11 Agricultura, cría y explotación de animales, aprovechamiento forestal, pesca y caza",2015,3,2015-09-01,0,0.0
312684,Reino Unido de la Gran Bretaña e Irlanda del Norte,"11 Agricultura, cría y explotación de animales, aprovechamiento forestal, pesca y caza",2015,3,2015-09-01,C,
313657,Uruguay,"11 Agricultura, cría y explotación de animales, aprovechamiento forestal, pesca y caza",2015,3,2015-09-01,0,0.0
313795,"Venezuela, República Bolivariana de","11 Agricultura, cría y explotación de animales, aprovechamiento forestal, pesca y caza",2015,3,2015-09-01,0,0.0
55907,"Venezuela, República Bolivariana de","11 Agricultura, cría y explotación de animales, aprovechamiento forestal, pesca y caza",2007,3,2007-09-01,0,0.0
53921,Países Bajos,"11 Agricultura, cría y explotación de animales, aprovechamiento forestal, pesca y caza",2007,3,2007-09-01,C,
53845,Nueva Zelandia,"11 Agricultura, cría y explotación de animales, aprovechamiento forestal, pesca y caza",2007,3,2007-09-01,0,0.0
52840,Irlanda,"11 Agricultura, cría y explotación de animales, aprovechamiento forestal, pesca y caza",2007,3,2007-09-01,0,0.0
52712,India,"11 Agricultura, cría y explotación de animales, aprovechamiento forestal, pesca y caza",2007,3,2007-09-01,0,0.0
51579,Estados Unidos de América,"11 Agricultura, cría y explotación de animales, aprovechamiento forestal, pesca y caza",2007,3,2007-09-01,4.5000769999999992,4.500076999999999
50575,"Corea, República de","11 Agricultura, cría y explotación de animales, aprovechamiento forestal, pesca y caza",2007,3,2007-09-01,0,0.0
49566,Canadá,"11 Agricultura, cría y explotación de animales, aprovechamiento forestal, pesca y caza",2007,3,2007-09-01,0,0.0
49344,Brasil,"11 Agricultura, cría y explotación de animales, aprovechamiento forestal, pesca y caza",2007,3,2007-09-01,C,
48355,Alemania,"11 Agricultura, cría y explotación de animales, aprovechamiento forestal, pesca y caza",2007,3,2007-09-01,0,0.0
338749,Argentina,"11 Agricultura, cría y explotación de animales, aprovechamiento forestal, pesca y caza",2016,3,2016-09-01,0,0.0
340003,Chile,"11 Agricultura, cría y explotación de animales, aprovechamiento forestal, pesca y caza",2016,3,2016-09-01,0,0.0
340926,Costa Rica,"11 Agricultura, cría y explotación de animales, aprovechamiento forestal, pesca y caza",2016,3,2016-09-01,0,0.0
342088,Federación de Rusia,"11 Agricultura, cría y explotación de animales, aprovechamiento forestal, pesca y caza",2016,3,2016-09-01,0,0.0
343076,Israel,"11 Agricultura, cría y explotación de animales, aprovechamiento forestal, pesca y caza",2016,3,2016-09-01,0,0.0
343223,Italia,"11 Agricultura, cría y explotación de animales, aprovechamiento forestal, pesca y caza",2016,3,2016-09-01,0,0.0
344305,Panamá,"11 Agricultura, cría y explotación de animales, aprovechamiento forestal, pesca y caza",2016,3,2016-09-01,0,0.0
345252,Singapur,"11 Agricultura, cría y explotación de animales, aprovechamiento forestal, pesca y caza",2016,3,2016-09-01,0,0.0
346268,Otros países,"11 Agricultura, cría y explotación de animales, aprovechamiento forestal, pesca y caza",2016,3,2016-09-01,0,0.0
23533,Uruguay,"11 Agricultura, cría y explotación de animales, aprovechamiento forestal, pesca y caza",2006,3,2006-09-01,0,0.0
21685,Países Bajos,"11 Agricultura, cría y explotación de animales, aprovechamiento forestal, pesca y caza",2006,3,2006-09-01,C,
539447,"Venezuela, República Bolivariana de","11 Agricultura, cría y explotación de animales, aprovechamiento forestal, pesca y caza",2022,3,2022-09-01,0,0.0
539309,Uruguay,"11 Agricultura, cría y explotación de animales, aprovechamiento forestal, pesca y caza",2022,3,2022-09-01,0,0.0
538336,Reino Unido de la Gran Bretaña e Irlanda del Norte,"11 Agricultura, cría y explotación de animales, aprovechamiento forestal, pesca y caza",2022,3,2022-09-01,0,0.0
538102,Polonia,"11 Agricultura, cría y explotación de animales, aprovechamiento forestal, pesca y caza",2022,3,2022-09-01,0,0.0
370715,Alemania,"11 Agricultura, cría y explotación de animales, aprovechamiento forestal, pesca y caza",2017,3,2017-09-01,0,0.0
371704,Brasil,"11 Agricultura, cría y explotación de animales, aprovechamiento forestal, pesca y caza",2017,3,2017-09-01,C,
371926,Canadá,"11 Agricultura, cría y explotación de animales, aprovechamiento forestal, pesca y caza",2017,3,2017-09-01,C,
372935,"Corea, República de","11 Agricultura, cría y explotación de animales, aprovechamiento forestal, pesca y caza",2017,3,2017-09-01,0,0.0
373939,Estados Unidos de América,"11 Agricultura, cría y explotación de animales, aprovechamiento forestal, pesca y caza",2017,3,2017-09-01,45.82237301,45.82237301
375072,India,"11 Agricultura, cría y explotación de animales, aprovechamiento forestal, pesca y caza",2017,3,2017-09-01,0,0.0
375200,Irlanda,"11 Agricultura, cría y explotación de animales, aprovechamiento forestal, pesca y caza",2017,3,2017-09-01,0,0.0
376205,Nueva Zelandia,"11 Agricultura, cría y explotación de animales, aprovechamiento forestal, pesca y caza",2017,3,2017-09-01,0,0.0
376281,Países Bajos,"11 Agricultura, cría y explotación de animales, aprovechamiento forestal, pesca y caza",2017,3,2017-09-01,0,0.0
378267,"Venezuela, República Bolivariana de","11 Agricultura, cría y explotación de animales, aprovechamiento forestal, pesca y caza",2017,3,2017-09-01,0,0.0
378504,Otros países,"11 Agricultura, cría y explotación de animales, aprovechamiento forestal, pesca y caza",2017,3,2017-09-01,0,0.0
21609,Nueva Zelandia,"11 Agricultura, cría y explotación de animales, aprovechamiento forestal, pesca y caza",2006,3,2006-09-01,0,0.0
20604,Irlanda,"11 Agricultura, cría y explotación de animales, aprovechamiento forestal, pesca y caza",2006,3,2006-09-01,0,0.0
20476,India,"11 Agricultura, cría y explotación de animales, aprovechamiento forestal, pesca y caza",2006,3,2006-09-01,0,0.0
19343,Estados Unidos de América,"11 Agricultura, cría y explotación de animales, aprovechamiento forestal, pesca y caza",2006,3,2006-09-01,1.4372069999999999,1.437207
18339,"Corea, República de","11 Agricultura, cría y explotación de animales, aprovechamiento forestal, pesca y caza",2006,3,2006-09-01,0,0.0
17330,Canadá,"11 Agricultura, cría y explotación de animales, aprovechamiento forestal, pesca y caza",2006,3,2006-09-01,C,
17108,Brasil,"11 Agricultura, cría y explotación de animales, aprovechamiento forestal, pesca y caza",2006,3,2006-09-01,C,
16389,Argentina,"11 Agricultura, cría y explotación de animales, aprovechamiento forestal, pesca y caza",2006,3,2006-09-01,0,0.0
536492,Israel,"11 Agricultura, cría y explotación de animales, aprovechamiento forestal, pesca y caza",2022,3,2022-09-01,0,0.0
535119,Estados Unidos de América,"11 Agricultura, cría y explotación de animales, aprovechamiento forestal, pesca y caza",2022,3,2022-09-01,21.504328006291082,21.50432800629108
534115,"Corea, República de","11 Agricultura, cría y explotación de animales, aprovechamiento forestal, pesca y caza",2022,3,2022-09-01,0,0.0
533860,Colombia,"11 Agricultura, cría y explotación de animales, aprovechamiento forestal, pesca y caza",2022,3,2022-09-01,0,0.0
533106,Canadá,"11 Agricultura, cría y explotación de animales, aprovechamiento forestal, pesca y caza",2022,3,2022-09-01,C,
499929,Argentina,"11 Agricultura, cría y explotación de animales, aprovechamiento forestal, pesca y caza",2021,3,2021-09-01,0,0.0
402951,Alemania,"11 Agricultura, cría y explotación de animales, aprovechamiento forestal, pesca y caza",2018,3,2018-09-01,0,0.0
403940,Brasil,"11 Agricultura, cría y explotación de animales, aprovechamiento forestal, pesca y caza",2018,3,2018-09-01,C,
404162,Canadá,"11 Agricultura, cría y explotación de animales, aprovechamiento forestal, pesca y caza",2018,3,2018-09-01,C,
405171,"Corea, República de","11 Agricultura, cría y explotación de animales, aprovechamiento forestal, pesca y caza",2018,3,2018-09-01,0,0.0
406175,Estados Unidos de América,"11 Agricultura, cría y explotación de animales, aprovechamiento forestal, pesca y caza",2018,3,2018-09-01,-23.498599339999998,-23.49859934
407308,India,"11 Agricultura, cría y explotación de animales, aprovechamiento forestal, pesca y caza",2018,3,2018-09-01,0,0.0
407436,Irlanda,"11 Agricultura, cría y explotación de animales, aprovechamiento forestal, pesca y caza",2018,3,2018-09-01,0,0.0
407548,Israel,"11 Agricultura, cría y explotación de animales, aprovechamiento forestal, pesca y caza",2018,3,2018-09-01,0,0.0
408441,Nueva Zelandia,"11 Agricultura, cría y explotación de animales, aprovechamiento forestal, pesca y caza",2018,3,2018-09-01,0,0.0
408517,Países Bajos,"11 Agricultura, cría y explotación de animales, aprovechamiento forestal, pesca y caza",2018,3,2018-09-01,C,
410503,"Venezuela, República Bolivariana de","11 Agricultura, cría y explotación de animales, aprovechamiento forestal, pesca y caza",2018,3,2018-09-01,0,0.0
410740,Otros países,"11 Agricultura, cría y explotación de animales, aprovechamiento forestal, pesca y caza",2018,3,2018-09-01,0,0.0
571222,Suiza,"11 Agricultura, cría y explotación de animales, aprovechamiento forestal, pesca y caza",2023,3,2023-09-01,0,0.0
569697,Países Bajos,"11 Agricultura, cría y explotación de animales, aprovechamiento forestal, pesca y caza",2023,3,2023-09-01,0,0.0
569621,Nueva Zelandia,"11 Agricultura, cría y explotación de animales, aprovechamiento forestal, pesca y caza",2023,3,2023-09-01,0,0.0
567933,Francia,"11 Agricultura, cría y explotación de animales, aprovechamiento forestal, pesca y caza",2023,3,2023-09-01,0,0.0
567740,Federación de Rusia,"11 Agricultura, cría y explotación de animales, aprovechamiento forestal, pesca y caza",2023,3,2023-09-01,0,0.0
567355,Estados Unidos de América,"11 Agricultura, cría y explotación de animales, aprovechamiento forestal, pesca y caza",2023,3,2023-09-01,45.559310213453834,45.55931021345384
566351,"Corea, República de","11 Agricultura, cría y explotación de animales, aprovechamiento forestal, pesca y caza",2023,3,2023-09-01,0,0.0
500435,Bélgica,"11 Agricultura, cría y explotación de animales, aprovechamiento forestal, pesca y caza",2021,3,2021-09-01,0,0.0
500648,Brasil,"11 Agricultura, cría y explotación de animales, aprovechamiento forestal, pesca y caza",2021,3,2021-09-01,C,
532165,Argentina,"11 Agricultura, cría y explotación de animales, aprovechamiento forestal, pesca y caza",2022,3,2022-09-01,0,0.0
531895,Alemania,"11 Agricultura, cría y explotación de animales, aprovechamiento forestal, pesca y caza",2022,3,2022-09-01,0,0.0
501624,Colombia,"11 Agricultura, cría y explotación de animales, aprovechamiento forestal, pesca y caza",2021,3,2021-09-01,0,0.0
438411,Estados Unidos de América,"11 Agricultura, cría y explotación de animales, aprovechamiento forestal, pesca y caza",2019,3,2019-09-01,3.4843484800000004,3.4843484800000004
502106,Costa Rica,"11 Agricultura, cría y explotación de animales, aprovechamiento forestal, pesca y caza",2021,3,2021-09-01,0,0.0
146052,Brasil,"11 Agricultura, cría y explotación de animales, aprovechamiento forestal, pesca y caza",2010,3,2010-09-01,C,
151089,Perú,"11 Agricultura, cría y explotación de animales, aprovechamiento forestal, pesca y caza",2010,3,2010-09-01,0,0.0
146587,Chile,"11 Agricultura, cría y explotación de animales, aprovechamiento forestal, pesca y caza",2010,3,2010-09-01,0,0.0
147028,Colombia,"11 Agricultura, cría y explotación de animales, aprovechamiento forestal, pesca y caza",2010,3,2010-09-01,0,0.0
152852,Otros países,"11 Agricultura, cría y explotación de animales, aprovechamiento forestal, pesca y caza",2010,3,2010-09-01,0,0.0
148672,Federación de Rusia,"11 Agricultura, cría y explotación de animales, aprovechamiento forestal, pesca y caza",2010,3,2010-09-01,0,0.0
146000,Belice,"11 Agricultura, cría y explotación de animales, aprovechamiento forestal, pesca y caza",2010,3,2010-09-01,0,0.0
150629,Países Bajos,"11 Agricultura, cría y explotación de animales, aprovechamiento forestal, pesca y caza",2010,3,2010-09-01,C,
145582,Australia,"11 Agricultura, cría y explotación de animales, aprovechamiento forestal, pesca y caza",2010,3,2010-09-01,0,0.0
150553,Nueva Zelandia,"11 Agricultura, cría y explotación de animales, aprovechamiento forestal, pesca y caza",2010,3,2010-09-01,0,0.0
150065,Japón,"11 Agricultura, cría y explotación de animales, aprovechamiento forestal, pesca y caza",2010,3,2010-09-01,0,0.0
149548,Irlanda,"11 Agricultura, cría y explotación de animales, aprovechamiento forestal, pesca y caza",2010,3,2010-09-01,0,0.0
149420,India,"11 Agricultura, cría y explotación de animales, aprovechamiento forestal, pesca y caza",2010,3,2010-09-01,0,0.0
148865,Francia,"11 Agricultura, cría y explotación de animales, aprovechamiento forestal, pesca y caza",2010,3,2010-09-01,0,0.0
438796,Federación de Rusia,"11 Agricultura, cría y explotación de animales, aprovechamiento forestal, pesca y caza",2019,3,2019-09-01,0,0.0
439259,Guatemala,"11 Agricultura, cría y explotación de animales, aprovechamiento forestal, pesca y caza",2019,3,2019-09-01,C,
439784,Israel,"11 Agricultura, cría y explotación de animales, aprovechamiento forestal, pesca y caza",2019,3,2019-09-01,0,0.0
502547,España,"11 Agricultura, cría y explotación de animales, aprovechamiento forestal, pesca y caza",2021,3,2021-09-01,C,
503731,Guatemala,"11 Agricultura, cría y explotación de animales, aprovechamiento forestal, pesca y caza",2021,3,2021-09-01,0,0.0
181896,Israel,"11 Agricultura, cría y explotación de animales, aprovechamiento forestal, pesca y caza",2011,3,2011-09-01,0,0.0
182043,Italia,"11 Agricultura, cría y explotación de animales, aprovechamiento forestal, pesca y caza",2011,3,2011-09-01,0,0.0
182865,Países Bajos,"11 Agricultura, cría y explotación de animales, aprovechamiento forestal, pesca y caza",2011,3,2011-09-01,C,
183125,Panamá,"11 Agricultura, cría y explotación de animales, aprovechamiento forestal, pesca y caza",2011,3,2011-09-01,0,0.0
184072,Singapur,"11 Agricultura, cría y explotación de animales, aprovechamiento forestal, pesca y caza",2011,3,2011-09-01,0,0.0
185088,Otros países,"11 Agricultura, cría y explotación de animales, aprovechamiento forestal, pesca y caza",2011,3,2011-09-01,0,0.0
441013,Panamá,"11 Agricultura, cría y explotación de animales, aprovechamiento forestal, pesca y caza",2019,3,2019-09-01,C,
504016,India,"11 Agricultura, cría y explotación de animales, aprovechamiento forestal, pesca y caza",2021,3,2021-09-01,0,0.0
441394,Polonia,"11 Agricultura, cría y explotación de animales, aprovechamiento forestal, pesca y caza",2019,3,2019-09-01,0,0.0
504144,Irlanda,"11 Agricultura, cría y explotación de animales, aprovechamiento forestal, pesca y caza",2021,3,2021-09-01,0,0.0
504661,Japón,"11 Agricultura, cría y explotación de animales, aprovechamiento forestal, pesca y caza",2021,3,2021-09-01,C,
177299,Alemania,"11 Agricultura, cría y explotación de animales, aprovechamiento forestal, pesca y caza",2011,3,2011-09-01,0,0.0
178236,Belice,"11 Agricultura, cría y explotación de animales, aprovechamiento forestal, pesca y caza",2011,3,2011-09-01,0,0.0
178288,Brasil,"11 Agricultura, cría y explotación de animales, aprovechamiento forestal, pesca y caza",2011,3,2011-09-01,C,
178510,Canadá,"11 Agricultura, cría y explotación de animales, aprovechamiento forestal, pesca y caza",2011,3,2011-09-01,0.0055999999999999999,0.0055999999999999
179519,"Corea, República de","11 Agricultura, cría y explotación de animales, aprovechamiento forestal, pesca y caza",2011,3,2011-09-01,0,0.0
180523,Estados Unidos de América,"11 Agricultura, cría y explotación de animales, aprovechamiento forestal, pesca y caza",2011,3,2011-09-01,-7.9431371799999972,-7.943137179999997
181656,India,"11 Agricultura, cría y explotación de animales, aprovechamiento forestal, pesca y caza",2011,3,2011-09-01,0,0.0
181784,Irlanda,"11 Agricultura, cría y explotación de animales, aprovechamiento forestal, pesca y caza",2011,3,2011-09-01,0,0.0
120379,"Venezuela, República Bolivariana de","11 Agricultura, cría y explotación de animales, aprovechamiento forestal, pesca y caza",2009,3,2009-09-01,0,0.0
120241,Uruguay,"11 Agricultura, cría y explotación de animales, aprovechamiento forestal, pesca y caza",2009,3,2009-09-01,0,0.0
119034,Polonia,"11 Agricultura, cría y explotación de animales, aprovechamiento forestal, pesca y caza",2009,3,2009-09-01,0,0.0
118853,Perú,"11 Agricultura, cría y explotación de animales, aprovechamiento forestal, pesca y caza",2009,3,2009-09-01,0,0.0
435187,Alemania,"11 Agricultura, cría y explotación de animales, aprovechamiento forestal, pesca y caza",2019,3,2019-09-01,0,0.0
435457,Argentina,"11 Agricultura, cría y explotación de animales, aprovechamiento forestal, pesca y caza",2019,3,2019-09-01,0,0.0
436176,Brasil,"11 Agricultura, cría y explotación de animales, aprovechamiento forestal, pesca y caza",2019,3,2019-09-01,C,
118393,Países Bajos,"11 Agricultura, cría y explotación de animales, aprovechamiento forestal, pesca y caza",2009,3,2009-09-01,C,
436711,Chile,"11 Agricultura, cría y explotación de animales, aprovechamiento forestal, pesca y caza",2019,3,2019-09-01,0,0.0
209535,Alemania,"11 Agricultura, cría y explotación de animales, aprovechamiento forestal, pesca y caza",2012,3,2012-09-01,0,0.0
210054,Australia,"11 Agricultura, cría y explotación de animales, aprovechamiento forestal, pesca y caza",2012,3,2012-09-01,0,0.0
118317,Nueva Zelandia,"11 Agricultura, cría y explotación de animales, aprovechamiento forestal, pesca y caza",2009,3,2009-09-01,0,0.0
117312,Irlanda,"11 Agricultura, cría y explotación de animales, aprovechamiento forestal, pesca y caza",2009,3,2009-09-01,0,0.0
437407,"Corea, República de","11 Agricultura, cría y explotación de animales, aprovechamiento forestal, pesca y caza",2019,3,2019-09-01,0,0.0
211500,Colombia,"11 Agricultura, cría y explotación de animales, aprovechamiento forestal, pesca y caza",2012,3,2012-09-01,0,0.0
211982,Costa Rica,"11 Agricultura, cría y explotación de animales, aprovechamiento forestal, pesca y caza",2012,3,2012-09-01,0,0.0
213607,Guatemala,"11 Agricultura, cría y explotación de animales, aprovechamiento forestal, pesca y caza",2012,3,2012-09-01,0.011280999999999999,0.0112809999999999
214132,Israel,"11 Agricultura, cría y explotación de animales, aprovechamiento forestal, pesca y caza",2012,3,2012-09-01,C,
214279,Italia,"11 Agricultura, cría y explotación de animales, aprovechamiento forestal, pesca y caza",2012,3,2012-09-01,0,0.0
214537,Japón,"11 Agricultura, cría y explotación de animales, aprovechamiento forestal, pesca y caza",2012,3,2012-09-01,C,
565866,"China, República Popular de","11 Agricultura, cría y explotación de animales, aprovechamiento forestal, pesca y caza",2023,3,2023-09-01,0,0.0
215361,Panamá,"11 Agricultura, cría y explotación de animales, aprovechamiento forestal, pesca y caza",2012,3,2012-09-01,0,0.0
216308,Singapur,"11 Agricultura, cría y explotación de animales, aprovechamiento forestal, pesca y caza",2012,3,2012-09-01,0,0.0
217324,Otros países,"11 Agricultura, cría y explotación de animales, aprovechamiento forestal, pesca y caza",2012,3,2012-09-01,0,0.0
117184,India,"11 Agricultura, cría y explotación de animales, aprovechamiento forestal, pesca y caza",2009,3,2009-09-01,0,0.0
116051,Estados Unidos de América,"11 Agricultura, cría y explotación de animales, aprovechamiento forestal, pesca y caza",2009,3,2009-09-01,-8.8935169999999992,-8.893517
113603,Bélgica,"11 Agricultura, cría y explotación de animales, aprovechamiento forestal, pesca y caza",2009,3,2009-09-01,0,0.0
565342,Canadá,"11 Agricultura, cría y explotación de animales, aprovechamiento forestal, pesca y caza",2023,3,2023-09-01,C,
88380,Otros países,"11 Agricultura, cría y explotación de animales, aprovechamiento forestal, pesca y caza",2008,3,2008-09-01,0,0.0
565120,Brasil,"11 Agricultura, cría y explotación de animales, aprovechamiento forestal, pesca y caza",2023,3,2023-09-01,C,
113097,Argentina,"11 Agricultura, cría y explotación de animales, aprovechamiento forestal, pesca y caza",2009,3,2009-09-01,0,0.0
87364,Singapur,"11 Agricultura, cría y explotación de animales, aprovechamiento forestal, pesca y caza",2008,3,2008-09-01,0,0.0
564650,Australia,"11 Agricultura, cría y explotación de animales, aprovechamiento forestal, pesca y caza",2023,3,2023-09-01,0,0.0
564131,Alemania,"11 Agricultura, cría y explotación de animales, aprovechamiento forestal, pesca y caza",2023,3,2023-09-01,0,0.0
86798,Polonia,"11 Agricultura, cría y explotación de animales, aprovechamiento forestal, pesca y caza",2008,3,2008-09-01,0,0.0
86417,Panamá,"11 Agricultura, cría y explotación de animales, aprovechamiento forestal, pesca y caza",2008,3,2008-09-01,0,0.0
85335,Italia,"11 Agricultura, cría y explotación de animales, aprovechamiento forestal, pesca y caza",2008,3,2008-09-01,0,0.0
83038,Costa Rica,"11 Agricultura, cría y explotación de animales, aprovechamiento forestal, pesca y caza",2008,3,2008-09-01,0,0.0
82115,Chile,"11 Agricultura, cría y explotación de animales, aprovechamiento forestal, pesca y caza",2008,3,2008-09-01,0,0.0
81110,Australia,"11 Agricultura, cría y explotación de animales, aprovechamiento forestal, pesca y caza",2008,3,2008-09-01,0,0.0
467423,Alemania,"11 Agricultura, cría y explotación de animales, aprovechamiento forestal, pesca y caza",2020,3,2020-09-01,C,
468360,Belice,"11 Agricultura, cría y explotación de animales, aprovechamiento forestal, pesca y caza",2020,3,2020-09-01,0,0.0
468412,Brasil,"11 Agricultura, cría y explotación de animales, aprovechamiento forestal, pesca y caza",2020,3,2020-09-01,C,
468634,Canadá,"11 Agricultura, cría y explotación de animales, aprovechamiento forestal, pesca y caza",2020,3,2020-09-01,C,
469643,"Corea, República de","11 Agricultura, cría y explotación de animales, aprovechamiento forestal, pesca y caza",2020,3,2020-09-01,0,0.0
250606,Bélgica,"11 Agricultura, cría y explotación de animales, aprovechamiento forestal, pesca y caza",2013,4,2013-12-01,0,0.0
250767,Belice,"11 Agricultura, cría y explotación de animales, aprovechamiento forestal, pesca y caza",2013,4,2013-12-01,0,0.0
250819,Brasil,"11 Agricultura, cría y explotación de animales, aprovechamiento forestal, pesca y caza",2013,4,2013-12-01,C,
251795,Colombia,"11 Agricultura, cría y explotación de animales, aprovechamiento forestal, pesca y caza",2013,4,2013-12-01,0,0.0
252718,España,"11 Agricultura, cría y explotación de animales, aprovechamiento forestal, pesca y caza",2013,4,2013-12-01,C,
253902,Guatemala,"11 Agricultura, cría y explotación de animales, aprovechamiento forestal, pesca y caza",2013,4,2013-12-01,0,0.0
254832,Japón,"11 Agricultura, cría y explotación de animales, aprovechamiento forestal, pesca y caza",2013,4,2013-12-01,0,0.0
256037,Polonia,"11 Agricultura, cría y explotación de animales, aprovechamiento forestal, pesca y caza",2013,4,2013-12-01,0,0.0
256271,Reino Unido de la Gran Bretaña e Irlanda del Norte,"11 Agricultura, cría y explotación de animales, aprovechamiento forestal, pesca y caza",2013,4,2013-12-01,0,0.0
257244,Uruguay,"11 Agricultura, cría y explotación de animales, aprovechamiento forestal, pesca y caza",2013,4,2013-12-01,0,0.0
383776,Japón,"11 Agricultura, cría y explotación de animales, aprovechamiento forestal, pesca y caza",2017,4,2017-12-01,0,0.0
96202,"Venezuela, República Bolivariana de","11 Agricultura, cría y explotación de animales, aprovechamiento forestal, pesca y caza",2008,4,2008-12-01,0,0.0
96064,Uruguay,"11 Agricultura, cría y explotación de animales, aprovechamiento forestal, pesca y caza",2008,4,2008-12-01,C,
94857,Polonia,"11 Agricultura, cría y explotación de animales, aprovechamiento forestal, pesca y caza",2008,4,2008-12-01,0,0.0
94676,Perú,"11 Agricultura, cría y explotación de animales, aprovechamiento forestal, pesca y caza",2008,4,2008-12-01,0,0.0
94140,Nueva Zelandia,"11 Agricultura, cría y explotación de animales, aprovechamiento forestal, pesca y caza",2008,4,2008-12-01,0,0.0
93007,India,"11 Agricultura, cría y explotación de animales, aprovechamiento forestal, pesca y caza",2008,4,2008-12-01,0,0.0
92722,Guatemala,"11 Agricultura, cría y explotación de animales, aprovechamiento forestal, pesca y caza",2008,4,2008-12-01,0,0.0
91538,España,"11 Agricultura, cría y explotación de animales, aprovechamiento forestal, pesca y caza",2008,4,2008-12-01,0,0.0
384800,Perú,"11 Agricultura, cría y explotación de animales, aprovechamiento forestal, pesca y caza",2017,4,2017-12-01,0,0.0
384981,Polonia,"11 Agricultura, cría y explotación de animales, aprovechamiento forestal, pesca y caza",2017,4,2017-12-01,0,0.0
507718,Alemania,"11 Agricultura, cría y explotación de animales, aprovechamiento forestal, pesca y caza",2021,4,2021-12-01,0,0.0
508237,Australia,"11 Agricultura, cría y explotación de animales, aprovechamiento forestal, pesca y caza",2021,4,2021-12-01,0,0.0
508707,Brasil,"11 Agricultura, cría y explotación de animales, aprovechamiento forestal, pesca y caza",2021,4,2021-12-01,C,
510606,España,"11 Agricultura, cría y explotación de animales, aprovechamiento forestal, pesca y caza",2021,4,2021-12-01,C,
510942,Estados Unidos de América,"11 Agricultura, cría y explotación de animales, aprovechamiento forestal, pesca y caza",2021,4,2021-12-01,-87.577427941580126,-87.57742794158013
511327,Federación de Rusia,"11 Agricultura, cría y explotación de animales, aprovechamiento forestal, pesca y caza",2021,4,2021-12-01,0,0.0
385865,Suiza,"11 Agricultura, cría y explotación de animales, aprovechamiento forestal, pesca y caza",2017,4,2017-12-01,C,
160213,Suiza,"11 Agricultura, cría y explotación de animales, aprovechamiento forestal, pesca y caza",2010,4,2010-12-01,C,
191184,Panamá,"11 Agricultura, cría y explotación de animales, aprovechamiento forestal, pesca y caza",2011,4,2011-12-01,0,0.0
192131,Singapur,"11 Agricultura, cría y explotación de animales, aprovechamiento forestal, pesca y caza",2011,4,2011-12-01,0,0.0
193147,Otros países,"11 Agricultura, cría y explotación de animales, aprovechamiento forestal, pesca y caza",2011,4,2011-12-01,0,0.0
123774,España,"11 Agricultura, cría y explotación de animales, aprovechamiento forestal, pesca y caza",2009,4,2009-12-01,0,0.0
122621,"China, República Popular de","11 Agricultura, cría y explotación de animales, aprovechamiento forestal, pesca y caza",2009,4,2009-12-01,0,0.0
121405,Australia,"11 Agricultura, cría y explotación de animales, aprovechamiento forestal, pesca y caza",2009,4,2009-12-01,0,0.0
579979,Otros países,"11 Agricultura, cría y explotación de animales, aprovechamiento forestal, pesca y caza",2023,4,2023-12-01,0,0.0
578963,Singapur,"11 Agricultura, cría y explotación de animales, aprovechamiento forestal, pesca y caza",2023,4,2023-12-01,0,0.0
544698,Italia,"11 Agricultura, cría y explotación de animales, aprovechamiento forestal, pesca y caza",2022,4,2022-12-01,0,0.0
577680,Nueva Zelandia,"11 Agricultura, cría y explotación de animales, aprovechamiento forestal, pesca y caza",2023,4,2023-12-01,0,0.0
576934,Italia,"11 Agricultura, cría y explotación de animales, aprovechamiento forestal, pesca y caza",2023,4,2023-12-01,0,0.0
513284,Países Bajos,"11 Agricultura, cría y explotación de animales, aprovechamiento forestal, pesca y caza",2021,4,2021-12-01,0,0.0
513544,Panamá,"11 Agricultura, cría y explotación de animales, aprovechamiento forestal, pesca y caza",2021,4,2021-12-01,C,
514159,Reino Unido de la Gran Bretaña e Irlanda del Norte,"11 Agricultura, cría y explotación de animales, aprovechamiento forestal, pesca y caza",2021,4,2021-12-01,0,0.0
515132,Uruguay,"11 Agricultura, cría y explotación de animales, aprovechamiento forestal, pesca y caza",2021,4,2021-12-01,0,0.0
225383,Otros países,"11 Agricultura, cría y explotación de animales, aprovechamiento forestal, pesca y caza",2012,4,2012-12-01,0,0.0
127977,Suiza,"11 Agricultura, cría y explotación de animales, aprovechamiento forestal, pesca y caza",2009,4,2009-12-01,0,0.0
282842,Bélgica,"11 Agricultura, cría y explotación de animales, aprovechamiento forestal, pesca y caza",2014,4,2014-12-01,0,0.0
283003,Belice,"11 Agricultura, cría y explotación de animales, aprovechamiento forestal, pesca y caza",2014,4,2014-12-01,0,0.0
283055,Brasil,"11 Agricultura, cría y explotación de animales, aprovechamiento forestal, pesca y caza",2014,4,2014-12-01,0,0.0
284031,Colombia,"11 Agricultura, cría y explotación de animales, aprovechamiento forestal, pesca y caza",2014,4,2014-12-01,0,0.0
284954,España,"11 Agricultura, cría y explotación de animales, aprovechamiento forestal, pesca y caza",2014,4,2014-12-01,0,0.0
285290,Estados Unidos de América,"11 Agricultura, cría y explotación de animales, aprovechamiento forestal, pesca y caza",2014,4,2014-12-01,6.4452129999999999,6.445213
285675,Federación de Rusia,"11 Agricultura, cría y explotación de animales, aprovechamiento forestal, pesca y caza",2014,4,2014-12-01,0,0.0
285868,Francia,"11 Agricultura, cría y explotación de animales, aprovechamiento forestal, pesca y caza",2014,4,2014-12-01,0,0.0
286810,Italia,"11 Agricultura, cría y explotación de animales, aprovechamiento forestal, pesca y caza",2014,4,2014-12-01,0,0.0
287068,Japón,"11 Agricultura, cría y explotación de animales, aprovechamiento forestal, pesca y caza",2014,4,2014-12-01,C,
287892,Panamá,"11 Agricultura, cría y explotación de animales, aprovechamiento forestal, pesca y caza",2014,4,2014-12-01,C,
288092,Perú,"11 Agricultura, cría y explotación de animales, aprovechamiento forestal, pesca y caza",2014,4,2014-12-01,0,0.0
289157,Suiza,"11 Agricultura, cría y explotación de animales, aprovechamiento forestal, pesca y caza",2014,4,2014-12-01,0,0.0
127093,Polonia,"11 Agricultura, cría y explotación de animales, aprovechamiento forestal, pesca y caza",2009,4,2009-12-01,0,0.0
64203,Otros países,"11 Agricultura, cría y explotación de animales, aprovechamiento forestal, pesca y caza",2007,4,2007-12-01,0,0.0
63187,Singapur,"11 Agricultura, cría y explotación de animales, aprovechamiento forestal, pesca y caza",2007,4,2007-12-01,0,0.0
62240,Panamá,"11 Agricultura, cría y explotación de animales, aprovechamiento forestal, pesca y caza",2007,4,2007-12-01,0,0.0
61011,Israel,"11 Agricultura, cría y explotación de animales, aprovechamiento forestal, pesca y caza",2007,4,2007-12-01,0,0.0
60899,Irlanda,"11 Agricultura, cría y explotación de animales, aprovechamiento forestal, pesca y caza",2007,4,2007-12-01,0,0.0
60023,Federación de Rusia,"11 Agricultura, cría y explotación de animales, aprovechamiento forestal, pesca y caza",2007,4,2007-12-01,0,0.0
58861,Costa Rica,"11 Agricultura, cría y explotación de animales, aprovechamiento forestal, pesca y caza",2007,4,2007-12-01,0,0.0
57938,Chile,"11 Agricultura, cría y explotación de animales, aprovechamiento forestal, pesca y caza",2007,4,2007-12-01,C,
56684,Argentina,"11 Agricultura, cría y explotación de animales, aprovechamiento forestal, pesca y caza",2007,4,2007-12-01,0,0.0
126912,Perú,"11 Agricultura, cría y explotación de animales, aprovechamiento forestal, pesca y caza",2009,4,2009-12-01,0,0.0
125888,Japón,"11 Agricultura, cría y explotación de animales, aprovechamiento forestal, pesca y caza",2009,4,2009-12-01,0,0.0
124688,Francia,"11 Agricultura, cría y explotación de animales, aprovechamiento forestal, pesca y caza",2009,4,2009-12-01,0,0.0
450019,Singapur,"11 Agricultura, cría y explotación de animales, aprovechamiento forestal, pesca y caza",2019,4,2019-12-01,0,0.0
451035,Otros países,"11 Agricultura, cría y explotación de animales, aprovechamiento forestal, pesca y caza",2019,4,2019-12-01,C,
90385,"China, República Popular de","11 Agricultura, cría y explotación de animales, aprovechamiento forestal, pesca y caza",2008,4,2008-12-01,0,0.0
547743,Otros países,"11 Agricultura, cría y explotación de animales, aprovechamiento forestal, pesca y caza",2022,4,2022-12-01,0,0.0
443246,Alemania,"11 Agricultura, cría y explotación de animales, aprovechamiento forestal, pesca y caza",2019,4,2019-12-01,0,0.0
476001,Australia,"11 Agricultura, cría y explotación de animales, aprovechamiento forestal, pesca y caza",2020,4,2020-12-01,0,0.0
476258,Bélgica,"11 Agricultura, cría y explotación de animales, aprovechamiento forestal, pesca y caza",2020,4,2020-12-01,0,0.0
89426,Bélgica,"11 Agricultura, cría y explotación de animales, aprovechamiento forestal, pesca y caza",2008,4,2008-12-01,0,0.0
88920,Argentina,"11 Agricultura, cría y explotación de animales, aprovechamiento forestal, pesca y caza",2008,4,2008-12-01,0,0.0
545520,Países Bajos,"11 Agricultura, cría y explotación de animales, aprovechamiento forestal, pesca y caza",2022,4,2022-12-01,0,0.0
444770,Chile,"11 Agricultura, cría y explotación de animales, aprovechamiento forestal, pesca y caza",2019,4,2019-12-01,0,0.0
445693,Costa Rica,"11 Agricultura, cría y explotación de animales, aprovechamiento forestal, pesca y caza",2019,4,2019-12-01,0,0.0
218370,Bélgica,"11 Agricultura, cría y explotación de animales, aprovechamiento forestal, pesca y caza",2012,4,2012-12-01,0,0.0
186134,Bélgica,"11 Agricultura, cría y explotación de animales, aprovechamiento forestal, pesca y caza",2011,4,2011-12-01,0,0.0
411280,Argentina,"11 Agricultura, cría y explotación de animales, aprovechamiento forestal, pesca y caza",2018,4,2018-12-01,0,0.0
412534,Chile,"11 Agricultura, cría y explotación de animales, aprovechamiento forestal, pesca y caza",2018,4,2018-12-01,0,0.0
413457,Costa Rica,"11 Agricultura, cría y explotación de animales, aprovechamiento forestal, pesca y caza",2018,4,2018-12-01,0,0.0
414619,Federación de Rusia,"11 Agricultura, cría y explotación de animales, aprovechamiento forestal, pesca y caza",2018,4,2018-12-01,0,0.0
415607,Israel,"11 Agricultura, cría y explotación de animales, aprovechamiento forestal, pesca y caza",2018,4,2018-12-01,0,0.0
415754,Italia,"11 Agricultura, cría y explotación de animales, aprovechamiento forestal, pesca y caza",2018,4,2018-12-01,0,0.0
314302,Alemania,"11 Agricultura, cría y explotación de animales, aprovechamiento forestal, pesca y caza",2015,4,2015-12-01,0,0.0
314572,Argentina,"11 Agricultura, cría y explotación de animales, aprovechamiento forestal, pesca y caza",2015,4,2015-12-01,0,0.0
315513,Canadá,"11 Agricultura, cría y explotación de animales, aprovechamiento forestal, pesca y caza",2015,4,2015-12-01,C,
316522,"Corea, República de","11 Agricultura, cría y explotación de animales, aprovechamiento forestal, pesca y caza",2015,4,2015-12-01,0,0.0
316749,Costa Rica,"11 Agricultura, cría y explotación de animales, aprovechamiento forestal, pesca y caza",2015,4,2015-12-01,0,0.0
318659,India,"11 Agricultura, cría y explotación de animales, aprovechamiento forestal, pesca y caza",2015,4,2015-12-01,0,0.0
318787,Irlanda,"11 Agricultura, cría y explotación de animales, aprovechamiento forestal, pesca y caza",2015,4,2015-12-01,0,0.0
318899,Israel,"11 Agricultura, cría y explotación de animales, aprovechamiento forestal, pesca y caza",2015,4,2015-12-01,0,0.0
319792,Nueva Zelandia,"11 Agricultura, cría y explotación de animales, aprovechamiento forestal, pesca y caza",2015,4,2015-12-01,0,0.0
319868,Países Bajos,"11 Agricultura, cría y explotación de animales, aprovechamiento forestal, pesca y caza",2015,4,2015-12-01,0,0.0
320128,Panamá,"11 Agricultura, cría y explotación de animales, aprovechamiento forestal, pesca y caza",2015,4,2015-12-01,0,0.0
321075,Singapur,"11 Agricultura, cría y explotación de animales, aprovechamiento forestal, pesca y caza",2015,4,2015-12-01,0,0.0
322091,Otros países,"11 Agricultura, cría y explotación de animales, aprovechamiento forestal, pesca y caza",2015,4,2015-12-01,0,0.0
416836,Panamá,"11 Agricultura, cría y explotación de animales, aprovechamiento forestal, pesca y caza",2018,4,2018-12-01,C,
417036,Perú,"11 Agricultura, cría y explotación de animales, aprovechamiento forestal, pesca y caza",2018,4,2018-12-01,0,0.0
417783,Singapur,"11 Agricultura, cría y explotación de animales, aprovechamiento forestal, pesca y caza",2018,4,2018-12-01,0,0.0
418799,Otros países,"11 Agricultura, cría y explotación de animales, aprovechamiento forestal, pesca y caza",2018,4,2018-12-01,0,0.0
576787,Israel,"11 Agricultura, cría y explotación de animales, aprovechamiento forestal, pesca y caza",2023,4,2023-12-01,0,0.0
575992,Francia,"11 Agricultura, cría y explotación de animales, aprovechamiento forestal, pesca y caza",2023,4,2023-12-01,0,0.0
573401,Canadá,"11 Agricultura, cría y explotación de animales, aprovechamiento forestal, pesca y caza",2023,4,2023-12-01,C,
572966,Bélgica,"11 Agricultura, cría y explotación de animales, aprovechamiento forestal, pesca y caza",2023,4,2023-12-01,0,0.0
186295,Belice,"11 Agricultura, cría y explotación de animales, aprovechamiento forestal, pesca y caza",2011,4,2011-12-01,0,0.0
186347,Brasil,"11 Agricultura, cría y explotación de animales, aprovechamiento forestal, pesca y caza",2011,4,2011-12-01,C,
31269,Suiza,"11 Agricultura, cría y explotación de animales, aprovechamiento forestal, pesca y caza",2006,4,2006-12-01,0,0.0
476693,Canadá,"11 Agricultura, cría y explotación de animales, aprovechamiento forestal, pesca y caza",2020,4,2020-12-01,0,0.0
477006,Chile,"11 Agricultura, cría y explotación de animales, aprovechamiento forestal, pesca y caza",2020,4,2020-12-01,0,0.0
477929,Costa Rica,"11 Agricultura, cría y explotación de animales, aprovechamiento forestal, pesca y caza",2020,4,2020-12-01,0,0.0
479091,Federación de Rusia,"11 Agricultura, cría y explotación de animales, aprovechamiento forestal, pesca y caza",2020,4,2020-12-01,0,0.0
479967,Irlanda,"11 Agricultura, cría y explotación de animales, aprovechamiento forestal, pesca y caza",2020,4,2020-12-01,0,0.0
480079,Israel,"11 Agricultura, cría y explotación de animales, aprovechamiento forestal, pesca y caza",2020,4,2020-12-01,0,0.0
480226,Italia,"11 Agricultura, cría y explotación de animales, aprovechamiento forestal, pesca y caza",2020,4,2020-12-01,0,0.0
481308,Panamá,"11 Agricultura, cría y explotación de animales, aprovechamiento forestal, pesca y caza",2020,4,2020-12-01,0,0.0
482255,Singapur,"11 Agricultura, cría y explotación de animales, aprovechamiento forestal, pesca y caza",2020,4,2020-12-01,0,0.0
483271,Otros países,"11 Agricultura, cría y explotación de animales, aprovechamiento forestal, pesca y caza",2020,4,2020-12-01,0,0.0
544026,Guatemala,"11 Agricultura, cría y explotación de animales, aprovechamiento forestal, pesca y caza",2022,4,2022-12-01,0,0.0
187323,Colombia,"11 Agricultura, cría y explotación de animales, aprovechamiento forestal, pesca y caza",2011,4,2011-12-01,0,0.0
188246,España,"11 Agricultura, cría y explotación de animales, aprovechamiento forestal, pesca y caza",2011,4,2011-12-01,C,
188582,Estados Unidos de América,"11 Agricultura, cría y explotación de animales, aprovechamiento forestal, pesca y caza",2011,4,2011-12-01,16.981761419999998,16.981761419999998
189430,Guatemala,"11 Agricultura, cría y explotación de animales, aprovechamiento forestal, pesca y caza",2011,4,2011-12-01,0,0.0
218531,Belice,"11 Agricultura, cría y explotación de animales, aprovechamiento forestal, pesca y caza",2012,4,2012-12-01,0,0.0
218583,Brasil,"11 Agricultura, cría y explotación de animales, aprovechamiento forestal, pesca y caza",2012,4,2012-12-01,0,0.0
219559,Colombia,"11 Agricultura, cría y explotación de animales, aprovechamiento forestal, pesca y caza",2012,4,2012-12-01,0,0.0
220818,Estados Unidos de América,"11 Agricultura, cría y explotación de animales, aprovechamiento forestal, pesca y caza",2012,4,2012-12-01,52.965174559999987,52.965174559999994
446855,Federación de Rusia,"11 Agricultura, cría y explotación de animales, aprovechamiento forestal, pesca y caza",2019,4,2019-12-01,0,0.0
346538,Alemania,"11 Agricultura, cría y explotación de animales, aprovechamiento forestal, pesca y caza",2016,4,2016-12-01,0,0.0
347475,Belice,"11 Agricultura, cría y explotación de animales, aprovechamiento forestal, pesca y caza",2016,4,2016-12-01,0,0.0
347527,Brasil,"11 Agricultura, cría y explotación de animales, aprovechamiento forestal, pesca y caza",2016,4,2016-12-01,0,0.0
348503,Colombia,"11 Agricultura, cría y explotación de animales, aprovechamiento forestal, pesca y caza",2016,4,2016-12-01,0,0.0
348758,"Corea, República de","11 Agricultura, cría y explotación de animales, aprovechamiento forestal, pesca y caza",2016,4,2016-12-01,0,0.0
349762,Estados Unidos de América,"11 Agricultura, cría y explotación de animales, aprovechamiento forestal, pesca y caza",2016,4,2016-12-01,33.20940193000002,33.20940193000002
350610,Guatemala,"11 Agricultura, cría y explotación de animales, aprovechamiento forestal, pesca y caza",2016,4,2016-12-01,0,0.0
350895,India,"11 Agricultura, cría y explotación de animales, aprovechamiento forestal, pesca y caza",2016,4,2016-12-01,0,0.0
352028,Nueva Zelandia,"11 Agricultura, cría y explotación de animales, aprovechamiento forestal, pesca y caza",2016,4,2016-12-01,0,0.0
352104,Países Bajos,"11 Agricultura, cría y explotación de animales, aprovechamiento forestal, pesca y caza",2016,4,2016-12-01,0,0.0
352979,Reino Unido de la Gran Bretaña e Irlanda del Norte,"11 Agricultura, cría y explotación de animales, aprovechamiento forestal, pesca y caza",2016,4,2016-12-01,0,0.0
353629,Suiza,"11 Agricultura, cría y explotación de animales, aprovechamiento forestal, pesca y caza",2016,4,2016-12-01,0,0.0
30385,Polonia,"11 Agricultura, cría y explotación de animales, aprovechamiento forestal, pesca y caza",2006,4,2006-12-01,0,0.0
30204,Perú,"11 Agricultura, cría y explotación de animales, aprovechamiento forestal, pesca y caza",2006,4,2006-12-01,0,0.0
29180,Japón,"11 Agricultura, cría y explotación de animales, aprovechamiento forestal, pesca y caza",2006,4,2006-12-01,0,0.0
28250,Guatemala,"11 Agricultura, cría y explotación de animales, aprovechamiento forestal, pesca y caza",2006,4,2006-12-01,0,0.0
27980,Francia,"11 Agricultura, cría y explotación de animales, aprovechamiento forestal, pesca y caza",2006,4,2006-12-01,0,0.0
27066,España,"11 Agricultura, cría y explotación de animales, aprovechamiento forestal, pesca y caza",2006,4,2006-12-01,C,
26143,Colombia,"11 Agricultura, cría y explotación de animales, aprovechamiento forestal, pesca y caza",2006,4,2006-12-01,0,0.0
25913,"China, República Popular de","11 Agricultura, cría y explotación de animales, aprovechamiento forestal, pesca y caza",2006,4,2006-12-01,0,0.0
24954,Bélgica,"11 Agricultura, cría y explotación de animales, aprovechamiento forestal, pesca y caza",2006,4,2006-12-01,0,0.0
24697,Australia,"11 Agricultura, cría y explotación de animales, aprovechamiento forestal, pesca y caza",2006,4,2006-12-01,C,
221666,Guatemala,"11 Agricultura, cría y explotación de animales, aprovechamiento forestal, pesca y caza",2012,4,2012-12-01,0,0.0
447731,Irlanda,"11 Agricultura, cría y explotación de animales, aprovechamiento forestal, pesca y caza",2019,4,2019-12-01,0,0.0
542842,España,"11 Agricultura, cría y explotación de animales, aprovechamiento forestal, pesca y caza",2022,4,2022-12-01,C,
541478,Chile,"11 Agricultura, cría y explotación de animales, aprovechamiento forestal, pesca y caza",2022,4,2022-12-01,C,
540473,Australia,"11 Agricultura, cría y explotación de animales, aprovechamiento forestal, pesca y caza",2022,4,2022-12-01,0,0.0
540224,Argentina,"11 Agricultura, cría y explotación de animales, aprovechamiento forestal, pesca y caza",2022,4,2022-12-01,0,0.0
223084,Nueva Zelandia,"11 Agricultura, cría y explotación de animales, aprovechamiento forestal, pesca y caza",2012,4,2012-12-01,0,0.0
447843,Israel,"11 Agricultura, cría y explotación de animales, aprovechamiento forestal, pesca y caza",2019,4,2019-12-01,0,0.0
447990,Italia,"11 Agricultura, cría y explotación de animales, aprovechamiento forestal, pesca y caza",2019,4,2019-12-01,0,0.0
512203,Irlanda,"11 Agricultura, cría y explotación de animales, aprovechamiento forestal, pesca y caza",2021,4,2021-12-01,0,0.0
224035,Reino Unido de la Gran Bretaña e Irlanda del Norte,"11 Agricultura, cría y explotación de animales, aprovechamiento forestal, pesca y caza",2012,4,2012-12-01,0,0.0
512462,Italia,"11 Agricultura, cría y explotación de animales, aprovechamiento forestal, pesca y caza",2021,4,2021-12-01,0,0.0
512720,Japón,"11 Agricultura, cría y explotación de animales, aprovechamiento forestal, pesca y caza",2021,4,2021-12-01,0,0.0
449072,Panamá,"11 Agricultura, cría y explotación de animales, aprovechamiento forestal, pesca y caza",2019,4,2019-12-01,0,0.0
546161,Polonia,"11 Agricultura, cría y explotación de animales, aprovechamiento forestal, pesca y caza",2022,4,2022-12-01,0,0.0
153392,Argentina,"11 Agricultura, cría y explotación de animales, aprovechamiento forestal, pesca y caza",2010,4,2010-12-01,0,0.0
190924,Países Bajos,"11 Agricultura, cría y explotación de animales, aprovechamiento forestal, pesca y caza",2011,4,2011-12-01,C,
153898,Bélgica,"11 Agricultura, cría y explotación de animales, aprovechamiento forestal, pesca y caza",2010,4,2010-12-01,0,0.0
154857,"China, República Popular de","11 Agricultura, cría y explotación de animales, aprovechamiento forestal, pesca y caza",2010,4,2010-12-01,C,
156010,España,"11 Agricultura, cría y explotación de animales, aprovechamiento forestal, pesca y caza",2010,4,2010-12-01,C,
156924,Francia,"11 Agricultura, cría y explotación de animales, aprovechamiento forestal, pesca y caza",2010,4,2010-12-01,0,0.0
158124,Japón,"11 Agricultura, cría y explotación de animales, aprovechamiento forestal, pesca y caza",2010,4,2010-12-01,0,0.0
159148,Perú,"11 Agricultura, cría y explotación de animales, aprovechamiento forestal, pesca y caza",2010,4,2010-12-01,0,0.0
159329,Polonia,"11 Agricultura, cría y explotación de animales, aprovechamiento forestal, pesca y caza",2010,4,2010-12-01,0,0.0
379044,Argentina,"11 Agricultura, cría y explotación de animales, aprovechamiento forestal, pesca y caza",2017,4,2017-12-01,0,0.0
380298,Chile,"11 Agricultura, cría y explotación de animales, aprovechamiento forestal, pesca y caza",2017,4,2017-12-01,0,0.0
381662,España,"11 Agricultura, cría y explotación de animales, aprovechamiento forestal, pesca y caza",2017,4,2017-12-01,C,
382576,Francia,"11 Agricultura, cría y explotación de animales, aprovechamiento forestal, pesca y caza",2017,4,2017-12-01,C,
382846,Guatemala,"11 Agricultura, cría y explotación de animales, aprovechamiento forestal, pesca y caza",2017,4,2017-12-01,0,0.0
187805,Costa Rica,"11 Agricultura, cría y explotación de animales, aprovechamiento forestal, pesca y caza",2011,4,2011-12-01,0,0.0
479554,Guatemala,"11 Agricultura, cría y explotación de animales, aprovechamiento forestal, pesca y caza",2020,4,2020-12-01,0,0.0
480484,Japón,"11 Agricultura, cría y explotación de animales, aprovechamiento forestal, pesca y caza",2020,4,2020-12-01,0,0.0
481508,Perú,"11 Agricultura, cría y explotación de animales, aprovechamiento forestal, pesca y caza",2020,4,2020-12-01,0,0.0
481689,Polonia,"11 Agricultura, cría y explotación de animales, aprovechamiento forestal, pesca y caza",2020,4,2020-12-01,0,0.0
482573,Suiza,"11 Agricultura, cría y explotación de animales, aprovechamiento forestal, pesca y caza",2020,4,2020-12-01,C,
541689,"China, República Popular de","11 Agricultura, cría y explotación de animales, aprovechamiento forestal, pesca y caza",2022,4,2022-12-01,0,0.0
540891,Belice,"11 Agricultura, cría y explotación de animales, aprovechamiento forestal, pesca y caza",2022,4,2022-12-01,0,0.0
540730,Bélgica,"11 Agricultura, cría y explotación de animales, aprovechamiento forestal, pesca y caza",2022,4,2022-12-01,0,0.0
514491,Singapur,"11 Agricultura, cría y explotación de animales, aprovechamiento forestal, pesca y caza",2021,4,2021-12-01,0,0.0
514809,Suiza,"11 Agricultura, cría y explotación de animales, aprovechamiento forestal, pesca y caza",2021,4,2021-12-01,0,0.0
222596,Japón,"11 Agricultura, cría y explotación de animales, aprovechamiento forestal, pesca y caza",2012,4,2012-12-01,0,0.0
189715,India,"11 Agricultura, cría y explotación de animales, aprovechamiento forestal, pesca y caza",2011,4,2011-12-01,0,0.0
189843,Irlanda,"11 Agricultura, cría y explotación de animales, aprovechamiento forestal, pesca y caza",2011,4,2011-12-01,0,0.0
189955,Israel,"11 Agricultura, cría y explotación de animales, aprovechamiento forestal, pesca y caza",2011,4,2011-12-01,0,0.0
443516,Argentina,"11 Agricultura, cría y explotación de animales, aprovechamiento forestal, pesca y caza",2019,4,2019-12-01,0,0.0
443765,Australia,"11 Agricultura, cría y explotación de animales, aprovechamiento forestal, pesca y caza",2019,4,2019-12-01,0,0.0
221396,Francia,"11 Agricultura, cría y explotación de animales, aprovechamiento forestal, pesca y caza",2012,4,2012-12-01,C,
444457,Canadá,"11 Agricultura, cría y explotación de animales, aprovechamiento forestal, pesca y caza",2019,4,2019-12-01,0,0.0
222338,Italia,"11 Agricultura, cría y explotación de animales, aprovechamiento forestal, pesca y caza",2012,4,2012-12-01,0,0.0
217594,Alemania,"11 Agricultura, cría y explotación de animales, aprovechamiento forestal, pesca y caza",2012,4,2012-12-01,0,0.0
223620,Perú,"11 Agricultura, cría y explotación de animales, aprovechamiento forestal, pesca y caza",2012,4,2012-12-01,0,0.0
223801,Polonia,"11 Agricultura, cría y explotación de animales, aprovechamiento forestal, pesca y caza",2012,4,2012-12-01,0,0.0
224685,Suiza,"11 Agricultura, cría y explotación de animales, aprovechamiento forestal, pesca y caza",2012,4,2012-12-01,5.0650780000000006,5.065078000000001
225146,"Venezuela, República Bolivariana de","11 Agricultura, cría y explotación de animales, aprovechamiento forestal, pesca y caza",2012,4,2012-12-01,0,0.0
95741,Suiza,"11 Agricultura, cría y explotación de animales, aprovechamiento forestal, pesca y caza",2008,4,2008-12-01,C,
95091,Reino Unido de la Gran Bretaña e Irlanda del Norte,"11 Agricultura, cría y explotación de animales, aprovechamiento forestal, pesca y caza",2008,4,2008-12-01,C,
93652,Japón,"11 Agricultura, cría y explotación de animales, aprovechamiento forestal, pesca y caza",2008,4,2008-12-01,0,0.0
92452,Francia,"11 Agricultura, cría y explotación de animales, aprovechamiento forestal, pesca y caza",2008,4,2008-12-01,0,0.0
91874,Estados Unidos de América,"11 Agricultura, cría y explotación de animales, aprovechamiento forestal, pesca y caza",2008,4,2008-12-01,20.799655000000001,20.799655
379293,Australia,"11 Agricultura, cría y explotación de animales, aprovechamiento forestal, pesca y caza",2017,4,2017-12-01,0,0.0
379550,Bélgica,"11 Agricultura, cría y explotación de animales, aprovechamiento forestal, pesca y caza",2017,4,2017-12-01,0,0.0
380509,"China, República Popular de","11 Agricultura, cría y explotación de animales, aprovechamiento forestal, pesca y caza",2017,4,2017-12-01,0,0.0
447048,Francia,"11 Agricultura, cría y explotación de animales, aprovechamiento forestal, pesca y caza",2019,4,2019-12-01,C,
380739,Colombia,"11 Agricultura, cría y explotación de animales, aprovechamiento forestal, pesca y caza",2017,4,2017-12-01,0,0.0
381221,Costa Rica,"11 Agricultura, cría y explotación de animales, aprovechamiento forestal, pesca y caza",2017,4,2017-12-01,0,0.0
382383,Federación de Rusia,"11 Agricultura, cría y explotación de animales, aprovechamiento forestal, pesca y caza",2017,4,2017-12-01,0,0.0
63505,Suiza,"11 Agricultura, cría y explotación de animales, aprovechamiento forestal, pesca y caza",2007,4,2007-12-01,0,0.0
448248,Japón,"11 Agricultura, cría y explotación de animales, aprovechamiento forestal, pesca y caza",2019,4,2019-12-01,0,0.0
449687,Reino Unido de la Gran Bretaña e Irlanda del Norte,"11 Agricultura, cría y explotación de animales, aprovechamiento forestal, pesca y caza",2019,4,2019-12-01,0,0.0
450337,Suiza,"11 Agricultura, cría y explotación de animales, aprovechamiento forestal, pesca y caza",2019,4,2019-12-01,0,0.0
383371,Israel,"11 Agricultura, cría y explotación de animales, aprovechamiento forestal, pesca y caza",2017,4,2017-12-01,0,0.0
383518,Italia,"11 Agricultura, cría y explotación de animales, aprovechamiento forestal, pesca y caza",2017,4,2017-12-01,0,0.0
384600,Panamá,"11 Agricultura, cría y explotación de animales, aprovechamiento forestal, pesca y caza",2017,4,2017-12-01,C,
385547,Singapur,"11 Agricultura, cría y explotación de animales, aprovechamiento forestal, pesca y caza",2017,4,2017-12-01,0,0.0
386563,Otros países,"11 Agricultura, cría y explotación de animales, aprovechamiento forestal, pesca y caza",2017,4,2017-12-01,0,0.0
445211,Colombia,"11 Agricultura, cría y explotación de animales, aprovechamiento forestal, pesca y caza",2019,4,2019-12-01,0,0.0
153641,Australia,"11 Agricultura, cría y explotación de animales, aprovechamiento forestal, pesca y caza",2010,4,2010-12-01,0,0.0
579604,Uruguay,"11 Agricultura, cría y explotación de animales, aprovechamiento forestal, pesca y caza",2023,4,2023-12-01,0,0.0
579281,Suiza,"11 Agricultura, cría y explotación de animales, aprovechamiento forestal, pesca y caza",2023,4,2023-12-01,0,0.0
578397,Polonia,"11 Agricultura, cría y explotación de animales, aprovechamiento forestal, pesca y caza",2023,4,2023-12-01,0,0.0
154059,Belice,"11 Agricultura, cría y explotación de animales, aprovechamiento forestal, pesca y caza",2010,4,2010-12-01,0,0.0
577756,Países Bajos,"11 Agricultura, cría y explotación de animales, aprovechamiento forestal, pesca y caza",2023,4,2023-12-01,0,0.0
576675,Irlanda,"11 Agricultura, cría y explotación de animales, aprovechamiento forestal, pesca y caza",2023,4,2023-12-01,0,0.0
576547,India,"11 Agricultura, cría y explotación de animales, aprovechamiento forestal, pesca y caza",2023,4,2023-12-01,0,0.0
250100,Argentina,"11 Agricultura, cría y explotación de animales, aprovechamiento forestal, pesca y caza",2013,4,2013-12-01,0,0.0
250349,Australia,"11 Agricultura, cría y explotación de animales, aprovechamiento forestal, pesca y caza",2013,4,2013-12-01,0,0.0
251354,Chile,"11 Agricultura, cría y explotación de animales, aprovechamiento forestal, pesca y caza",2013,4,2013-12-01,C,
251565,"China, República Popular de","11 Agricultura, cría y explotación de animales, aprovechamiento forestal, pesca y caza",2013,4,2013-12-01,0,0.0
253439,Federación de Rusia,"11 Agricultura, cría y explotación de animales, aprovechamiento forestal, pesca y caza",2013,4,2013-12-01,0,0.0
253632,Francia,"11 Agricultura, cría y explotación de animales, aprovechamiento forestal, pesca y caza",2013,4,2013-12-01,0,0.0
254574,Italia,"11 Agricultura, cría y explotación de animales, aprovechamiento forestal, pesca y caza",2013,4,2013-12-01,0,0.0
255656,Panamá,"11 Agricultura, cría y explotación de animales, aprovechamiento forestal, pesca y caza",2013,4,2013-12-01,0,0.0
255856,Perú,"11 Agricultura, cría y explotación de animales, aprovechamiento forestal, pesca y caza",2013,4,2013-12-01,0,0.0
256603,Singapur,"11 Agricultura, cría y explotación de animales, aprovechamiento forestal, pesca y caza",2013,4,2013-12-01,0,0.0
256921,Suiza,"11 Agricultura, cría y explotación de animales, aprovechamiento forestal, pesca y caza",2013,4,2013-12-01,0,0.0
62621,Polonia,"11 Agricultura, cría y explotación de animales, aprovechamiento forestal, pesca y caza",2007,4,2007-12-01,0,0.0
62440,Perú,"11 Agricultura, cría y explotación de animales, aprovechamiento forestal, pesca y caza",2007,4,2007-12-01,0,0.0
61416,Japón,"11 Agricultura, cría y explotación de animales, aprovechamiento forestal, pesca y caza",2007,4,2007-12-01,0,0.0
60486,Guatemala,"11 Agricultura, cría y explotación de animales, aprovechamiento forestal, pesca y caza",2007,4,2007-12-01,0,0.0
60216,Francia,"11 Agricultura, cría y explotación de animales, aprovechamiento forestal, pesca y caza",2007,4,2007-12-01,0,0.0
59302,España,"11 Agricultura, cría y explotación de animales, aprovechamiento forestal, pesca y caza",2007,4,2007-12-01,C,
58149,"China, República Popular de","11 Agricultura, cría y explotación de animales, aprovechamiento forestal, pesca y caza",2007,4,2007-12-01,0,0.0
57190,Bélgica,"11 Agricultura, cría y explotación de animales, aprovechamiento forestal, pesca y caza",2007,4,2007-12-01,0,0.0
61158,Italia,"11 Agricultura, cría y explotación de animales, aprovechamiento forestal, pesca y caza",2007,4,2007-12-01,0,0.0
56933,Australia,"11 Agricultura, cría y explotación de animales, aprovechamiento forestal, pesca y caza",2007,4,2007-12-01,0,0.0
575414,Estados Unidos de América,"11 Agricultura, cría y explotación de animales, aprovechamiento forestal, pesca y caza",2023,4,2023-12-01,24.1166265262016,24.1166265262016
574637,Costa Rica,"11 Agricultura, cría y explotación de animales, aprovechamiento forestal, pesca y caza",2023,4,2023-12-01,0,0.0
547368,Uruguay,"11 Agricultura, cría y explotación de animales, aprovechamiento forestal, pesca y caza",2022,4,2022-12-01,0,0.0
574155,Colombia,"11 Agricultura, cría y explotación de animales, aprovechamiento forestal, pesca y caza",2023,4,2023-12-01,0,0.0
546727,Singapur,"11 Agricultura, cría y explotación de animales, aprovechamiento forestal, pesca y caza",2022,4,2022-12-01,0,0.0
546395,Reino Unido de la Gran Bretaña e Irlanda del Norte,"11 Agricultura, cría y explotación de animales, aprovechamiento forestal, pesca y caza",2022,4,2022-12-01,0,0.0
545780,Panamá,"11 Agricultura, cría y explotación de animales, aprovechamiento forestal, pesca y caza",2022,4,2022-12-01,C,
544551,Israel,"11 Agricultura, cría y explotación de animales, aprovechamiento forestal, pesca y caza",2022,4,2022-12-01,0,0.0
544439,Irlanda,"11 Agricultura, cría y explotación de animales, aprovechamiento forestal, pesca y caza",2022,4,2022-12-01,0,0.0
543756,Francia,"11 Agricultura, cría y explotación de animales, aprovechamiento forestal, pesca y caza",2022,4,2022-12-01,C,
543563,Federación de Rusia,"11 Agricultura, cría y explotación de animales, aprovechamiento forestal, pesca y caza",2022,4,2022-12-01,0,0.0
542401,Costa Rica,"11 Agricultura, cría y explotación de animales, aprovechamiento forestal, pesca y caza",2022,4,2022-12-01,0,0.0
541919,Colombia,"11 Agricultura, cría y explotación de animales, aprovechamiento forestal, pesca y caza",2022,4,2022-12-01,0,0.0
154111,Brasil,"11 Agricultura, cría y explotación de animales, aprovechamiento forestal, pesca y caza",2010,4,2010-12-01,0,0.0
155087,Colombia,"11 Agricultura, cría y explotación de animales, aprovechamiento forestal, pesca y caza",2010,4,2010-12-01,0,0.0
155342,"Corea, República de","11 Agricultura, cría y explotación de animales, aprovechamiento forestal, pesca y caza",2010,4,2010-12-01,0,0.0
156346,Estados Unidos de América,"11 Agricultura, cría y explotación de animales, aprovechamiento forestal, pesca y caza",2010,4,2010-12-01,85.874618999999996,85.87461899999998
157194,Guatemala,"11 Agricultura, cría y explotación de animales, aprovechamiento forestal, pesca y caza",2010,4,2010-12-01,0,0.0
512075,India,"11 Agricultura, cría y explotación de animales, aprovechamiento forestal, pesca y caza",2021,4,2021-12-01,0,0.0
512315,Israel,"11 Agricultura, cría y explotación de animales, aprovechamiento forestal, pesca y caza",2021,4,2021-12-01,0,0.0
157479,India,"11 Agricultura, cría y explotación de animales, aprovechamiento forestal, pesca y caza",2010,4,2010-12-01,0,0.0
158612,Nueva Zelandia,"11 Agricultura, cría y explotación de animales, aprovechamiento forestal, pesca y caza",2010,4,2010-12-01,0,0.0
513208,Nueva Zelandia,"11 Agricultura, cría y explotación de animales, aprovechamiento forestal, pesca y caza",2021,4,2021-12-01,0,0.0
513744,Perú,"11 Agricultura, cría y explotación de animales, aprovechamiento forestal, pesca y caza",2021,4,2021-12-01,0,0.0
282066,Alemania,"11 Agricultura, cría y explotación de animales, aprovechamiento forestal, pesca y caza",2014,4,2014-12-01,0,0.0
282336,Argentina,"11 Agricultura, cría y explotación de animales, aprovechamiento forestal, pesca y caza",2014,4,2014-12-01,0,0.0
283277,Canadá,"11 Agricultura, cría y explotación de animales, aprovechamiento forestal, pesca y caza",2014,4,2014-12-01,0,0.0
284286,"Corea, República de","11 Agricultura, cría y explotación de animales, aprovechamiento forestal, pesca y caza",2014,4,2014-12-01,0,0.0
284513,Costa Rica,"11 Agricultura, cría y explotación de animales, aprovechamiento forestal, pesca y caza",2014,4,2014-12-01,0,0.0
286423,India,"11 Agricultura, cría y explotación de animales, aprovechamiento forestal, pesca y caza",2014,4,2014-12-01,0,0.0
286551,Irlanda,"11 Agricultura, cría y explotación de animales, aprovechamiento forestal, pesca y caza",2014,4,2014-12-01,0,0.0
286663,Israel,"11 Agricultura, cría y explotación de animales, aprovechamiento forestal, pesca y caza",2014,4,2014-12-01,0,0.0
287556,Nueva Zelandia,"11 Agricultura, cría y explotación de animales, aprovechamiento forestal, pesca y caza",2014,4,2014-12-01,0,0.0
287632,Países Bajos,"11 Agricultura, cría y explotación de animales, aprovechamiento forestal, pesca y caza",2014,4,2014-12-01,C,
288839,Singapur,"11 Agricultura, cría y explotación de animales, aprovechamiento forestal, pesca y caza",2014,4,2014-12-01,0,0.0
289855,Otros países,"11 Agricultura, cría y explotación de animales, aprovechamiento forestal, pesca y caza",2014,4,2014-12-01,0,0.0
159563,Reino Unido de la Gran Bretaña e Irlanda del Norte,"11 Agricultura, cría y explotación de animales, aprovechamiento forestal, pesca y caza",2010,4,2010-12-01,0,0.0
160536,Uruguay,"11 Agricultura, cría y explotación de animales, aprovechamiento forestal, pesca y caza",2010,4,2010-12-01,0,0.0
160674,"Venezuela, República Bolivariana de","11 Agricultura, cría y explotación de animales, aprovechamiento forestal, pesca y caza",2010,4,2010-12-01,0,0.0
445466,"Corea, República de","11 Agricultura, cría y explotación de animales, aprovechamiento forestal, pesca y caza",2019,4,2019-12-01,0,0.0
217864,Argentina,"11 Agricultura, cría y explotación de animales, aprovechamiento forestal, pesca y caza",2012,4,2012-12-01,0,0.0
90615,Colombia,"11 Agricultura, cría y explotación de animales, aprovechamiento forestal, pesca y caza",2008,4,2008-12-01,C,
190848,Nueva Zelandia,"11 Agricultura, cría y explotación de animales, aprovechamiento forestal, pesca y caza",2011,4,2011-12-01,0,0.0
90174,Chile,"11 Agricultura, cría y explotación de animales, aprovechamiento forestal, pesca y caza",2008,4,2008-12-01,0,0.0
31730,"Venezuela, República Bolivariana de","11 Agricultura, cría y explotación de animales, aprovechamiento forestal, pesca y caza",2006,4,2006-12-01,0,0.0
31592,Uruguay,"11 Agricultura, cría y explotación de animales, aprovechamiento forestal, pesca y caza",2006,4,2006-12-01,0,0.0
191799,Reino Unido de la Gran Bretaña e Irlanda del Norte,"11 Agricultura, cría y explotación de animales, aprovechamiento forestal, pesca y caza",2011,4,2011-12-01,0,0.0
192449,Suiza,"11 Agricultura, cría y explotación de animales, aprovechamiento forestal, pesca y caza",2011,4,2011-12-01,C,
508494,Bélgica,"11 Agricultura, cría y explotación de animales, aprovechamiento forestal, pesca y caza",2021,4,2021-12-01,0,0.0
508929,Canadá,"11 Agricultura, cría y explotación de animales, aprovechamiento forestal, pesca y caza",2021,4,2021-12-01,C,
509453,"China, República Popular de","11 Agricultura, cría y explotación de animales, aprovechamiento forestal, pesca y caza",2021,4,2021-12-01,0,0.0
509938,"Corea, República de","11 Agricultura, cría y explotación de animales, aprovechamiento forestal, pesca y caza",2021,4,2021-12-01,0,0.0
511520,Francia,"11 Agricultura, cría y explotación de animales, aprovechamiento forestal, pesca y caza",2021,4,2021-12-01,0,0.0
511790,Guatemala,"11 Agricultura, cría y explotación de animales, aprovechamiento forestal, pesca y caza",2021,4,2021-12-01,C,
89639,Brasil,"11 Agricultura, cría y explotación de animales, aprovechamiento forestal, pesca y caza",2008,4,2008-12-01,C,
89587,Belice,"11 Agricultura, cría y explotación de animales, aprovechamiento forestal, pesca y caza",2008,4,2008-12-01,0,0.0
411010,Alemania,"11 Agricultura, cría y explotación de animales, aprovechamiento forestal, pesca y caza",2018,4,2018-12-01,0,0.0
411947,Belice,"11 Agricultura, cría y explotación de animales, aprovechamiento forestal, pesca y caza",2018,4,2018-12-01,0,0.0
411999,Brasil,"11 Agricultura, cría y explotación de animales, aprovechamiento forestal, pesca y caza",2018,4,2018-12-01,0,0.0
412221,Canadá,"11 Agricultura, cría y explotación de animales, aprovechamiento forestal, pesca y caza",2018,4,2018-12-01,C,
413230,"Corea, República de","11 Agricultura, cría y explotación de animales, aprovechamiento forestal, pesca y caza",2018,4,2018-12-01,0,0.0
414234,Estados Unidos de América,"11 Agricultura, cría y explotación de animales, aprovechamiento forestal, pesca y caza",2018,4,2018-12-01,-5.1740447576273771,-5.174044757627377
415367,India,"11 Agricultura, cría y explotación de animales, aprovechamiento forestal, pesca y caza",2018,4,2018-12-01,0,0.0
415495,Irlanda,"11 Agricultura, cría y explotación de animales, aprovechamiento forestal, pesca y caza",2018,4,2018-12-01,0,0.0
416500,Nueva Zelandia,"11 Agricultura, cría y explotación de animales, aprovechamiento forestal, pesca y caza",2018,4,2018-12-01,0,0.0
416576,Países Bajos,"11 Agricultura, cría y explotación de animales, aprovechamiento forestal, pesca y caza",2018,4,2018-12-01,0,0.0
417451,Reino Unido de la Gran Bretaña e Irlanda del Norte,"11 Agricultura, cría y explotación de animales, aprovechamiento forestal, pesca y caza",2018,4,2018-12-01,0,0.0
418562,"Venezuela, República Bolivariana de","11 Agricultura, cría y explotación de animales, aprovechamiento forestal, pesca y caza",2018,4,2018-12-01,0,0.0
573714,Chile,"11 Agricultura, cría y explotación de animales, aprovechamiento forestal, pesca y caza",2023,4,2023-12-01,0,0.0
315078,Bélgica,"11 Agricultura, cría y explotación de animales, aprovechamiento forestal, pesca y caza",2015,4,2015-12-01,0,0.0
315239,Belice,"11 Agricultura, cría y explotación de animales, aprovechamiento forestal, pesca y caza",2015,4,2015-12-01,0,0.0
315291,Brasil,"11 Agricultura, cría y explotación de animales, aprovechamiento forestal, pesca y caza",2015,4,2015-12-01,0,0.0
316267,Colombia,"11 Agricultura, cría y explotación de animales, aprovechamiento forestal, pesca y caza",2015,4,2015-12-01,0,0.0
317526,Estados Unidos de América,"11 Agricultura, cría y explotación de animales, aprovechamiento forestal, pesca y caza",2015,4,2015-12-01,-9.3772816000000017,-9.3772816
318374,Guatemala,"11 Agricultura, cría y explotación de animales, aprovechamiento forestal, pesca y caza",2015,4,2015-12-01,0,0.0
320743,Reino Unido de la Gran Bretaña e Irlanda del Norte,"11 Agricultura, cría y explotación de animales, aprovechamiento forestal, pesca y caza",2015,4,2015-12-01,0,0.0
321716,Uruguay,"11 Agricultura, cría y explotación de animales, aprovechamiento forestal, pesca y caza",2015,4,2015-12-01,0,0.0
321854,"Venezuela, República Bolivariana de","11 Agricultura, cría y explotación de animales, aprovechamiento forestal, pesca y caza",2015,4,2015-12-01,0,0.0
30619,Reino Unido de la Gran Bretaña e Irlanda del Norte,"11 Agricultura, cría y explotación de animales, aprovechamiento forestal, pesca y caza",2006,4,2006-12-01,0,0.0
29744,Países Bajos,"11 Agricultura, cría y explotación de animales, aprovechamiento forestal, pesca y caza",2006,4,2006-12-01,-0.50542500000000001,-0.505425
29668,Nueva Zelandia,"11 Agricultura, cría y explotación de animales, aprovechamiento forestal, pesca y caza",2006,4,2006-12-01,0,0.0
28663,Irlanda,"11 Agricultura, cría y explotación de animales, aprovechamiento forestal, pesca y caza",2006,4,2006-12-01,0,0.0
28535,India,"11 Agricultura, cría y explotación de animales, aprovechamiento forestal, pesca y caza",2006,4,2006-12-01,0,0.0
27402,Estados Unidos de América,"11 Agricultura, cría y explotación de animales, aprovechamiento forestal, pesca y caza",2006,4,2006-12-01,-3.2224560000000007,-3.2224560000000007
26398,"Corea, República de","11 Agricultura, cría y explotación de animales, aprovechamiento forestal, pesca y caza",2006,4,2006-12-01,0,0.0
25389,Canadá,"11 Agricultura, cría y explotación de animales, aprovechamiento forestal, pesca y caza",2006,4,2006-12-01,0,0.0
25167,Brasil,"11 Agricultura, cría y explotación de animales, aprovechamiento forestal, pesca y caza",2006,4,2006-12-01,C,
25115,Belice,"11 Agricultura, cría y explotación de animales, aprovechamiento forestal, pesca y caza",2006,4,2006-12-01,0,0.0
573127,Belice,"11 Agricultura, cría y explotación de animales, aprovechamiento forestal, pesca y caza",2023,4,2023-12-01,0,0.0
572460,Argentina,"11 Agricultura, cría y explotación de animales, aprovechamiento forestal, pesca y caza",2023,4,2023-12-01,0,0.0
125243,India,"11 Agricultura, cría y explotación de animales, aprovechamiento forestal, pesca y caza",2009,4,2009-12-01,0,0.0
126376,Nueva Zelandia,"11 Agricultura, cría y explotación de animales, aprovechamiento forestal, pesca y caza",2009,4,2009-12-01,0,0.0
127327,Reino Unido de la Gran Bretaña e Irlanda del Norte,"11 Agricultura, cría y explotación de animales, aprovechamiento forestal, pesca y caza",2009,4,2009-12-01,0,0.0
128300,Uruguay,"11 Agricultura, cría y explotación de animales, aprovechamiento forestal, pesca y caza",2009,4,2009-12-01,0,0.0
475752,Argentina,"11 Agricultura, cría y explotación de animales, aprovechamiento forestal, pesca y caza",2020,4,2020-12-01,0,0.0
477217,"China, República Popular de","11 Agricultura, cría y explotación de animales, aprovechamiento forestal, pesca y caza",2020,4,2020-12-01,0,0.0
478370,España,"11 Agricultura, cría y explotación de animales, aprovechamiento forestal, pesca y caza",2020,4,2020-12-01,C,
479284,Francia,"11 Agricultura, cría y explotación de animales, aprovechamiento forestal, pesca y caza",2020,4,2020-12-01,0,0.0
128438,"Venezuela, República Bolivariana de","11 Agricultura, cría y explotación de animales, aprovechamiento forestal, pesca y caza",2009,4,2009-12-01,0,0.0
124958,Guatemala,"11 Agricultura, cría y explotación de animales, aprovechamiento forestal, pesca y caza",2009,4,2009-12-01,0,0.0
124110,Estados Unidos de América,"11 Agricultura, cría y explotación de animales, aprovechamiento forestal, pesca y caza",2009,4,2009-12-01,9.4834749999999985,9.483474999999999
123106,"Corea, República de","11 Agricultura, cría y explotación de animales, aprovechamiento forestal, pesca y caza",2009,4,2009-12-01,0,0.0
122851,Colombia,"11 Agricultura, cría y explotación de animales, aprovechamiento forestal, pesca y caza",2009,4,2009-12-01,C,
121875,Brasil,"11 Agricultura, cría y explotación de animales, aprovechamiento forestal, pesca y caza",2009,4,2009-12-01,0,0.0
121823,Belice,"11 Agricultura, cría y explotación de animales, aprovechamiento forestal, pesca y caza",2009,4,2009-12-01,0,0.0
121662,Bélgica,"11 Agricultura, cría y explotación de animales, aprovechamiento forestal, pesca y caza",2009,4,2009-12-01,0,0.0
120886,Alemania,"11 Agricultura, cría y explotación de animales, aprovechamiento forestal, pesca y caza",2009,4,2009-12-01,0,0.0
218805,Canadá,"11 Agricultura, cría y explotación de animales, aprovechamiento forestal, pesca y caza",2012,4,2012-12-01,C,
89169,Australia,"11 Agricultura, cría y explotación de animales, aprovechamiento forestal, pesca y caza",2008,4,2008-12-01,C,
346808,Argentina,"11 Agricultura, cría y explotación de animales, aprovechamiento forestal, pesca y caza",2016,4,2016-12-01,0,0.0
347749,Canadá,"11 Agricultura, cría y explotación de animales, aprovechamiento forestal, pesca y caza",2016,4,2016-12-01,0,0.0
348062,Chile,"11 Agricultura, cría y explotación de animales, aprovechamiento forestal, pesca y caza",2016,4,2016-12-01,0,0.0
348985,Costa Rica,"11 Agricultura, cría y explotación de animales, aprovechamiento forestal, pesca y caza",2016,4,2016-12-01,0,0.0
350147,Federación de Rusia,"11 Agricultura, cría y explotación de animales, aprovechamiento forestal, pesca y caza",2016,4,2016-12-01,0,0.0
351023,Irlanda,"11 Agricultura, cría y explotación de animales, aprovechamiento forestal, pesca y caza",2016,4,2016-12-01,0,0.0
351135,Israel,"11 Agricultura, cría y explotación de animales, aprovechamiento forestal, pesca y caza",2016,4,2016-12-01,0,0.0
351282,Italia,"11 Agricultura, cría y explotación de animales, aprovechamiento forestal, pesca y caza",2016,4,2016-12-01,0,0.0
352364,Panamá,"11 Agricultura, cría y explotación de animales, aprovechamiento forestal, pesca y caza",2016,4,2016-12-01,0,0.0
353311,Singapur,"11 Agricultura, cría y explotación de animales, aprovechamiento forestal, pesca y caza",2016,4,2016-12-01,0,0.0
354327,Otros países,"11 Agricultura, cría y explotación de animales, aprovechamiento forestal, pesca y caza",2016,4,2016-12-01,0,0.0
24448,Argentina,"11 Agricultura, cría y explotación de animales, aprovechamiento forestal, pesca y caza",2006,4,2006-12-01,0,0.0
88650,Alemania,"11 Agricultura, cría y explotación de animales, aprovechamiento forestal, pesca y caza",2008,4,2008-12-01,0,0.0
220482,España,"11 Agricultura, cría y explotación de animales, aprovechamiento forestal, pesca y caza",2012,4,2012-12-01,C,
572190,Alemania,"11 Agricultura, cría y explotación de animales, aprovechamiento forestal, pesca y caza",2023,4,2023-12-01,0,0.0
221203,Federación de Rusia,"11 Agricultura, cría y explotación de animales, aprovechamiento forestal, pesca y caza",2012,4,2012-12-01,0,0.0
185358,Alemania,"11 Agricultura, cría y explotación de animales, aprovechamiento forestal, pesca y caza",2011,4,2011-12-01,0,0.0
185628,Argentina,"11 Agricultura, cría y explotación de animales, aprovechamiento forestal, pesca y caza",2011,4,2011-12-01,0,0.0
186569,Canadá,"11 Agricultura, cría y explotación de animales, aprovechamiento forestal, pesca y caza",2011,4,2011-12-01,C,
187578,"Corea, República de","11 Agricultura, cría y explotación de animales, aprovechamiento forestal, pesca y caza",2011,4,2011-12-01,0,0.0
480972,Nueva Zelandia,"11 Agricultura, cría y explotación de animales, aprovechamiento forestal, pesca y caza",2020,4,2020-12-01,0,0.0
481048,Países Bajos,"11 Agricultura, cría y explotación de animales, aprovechamiento forestal, pesca y caza",2020,4,2020-12-01,C,
481923,Reino Unido de la Gran Bretaña e Irlanda del Norte,"11 Agricultura, cría y explotación de animales, aprovechamiento forestal, pesca y caza",2020,4,2020-12-01,0,0.0
482896,Uruguay,"11 Agricultura, cría y explotación de animales, aprovechamiento forestal, pesca y caza",2020,4,2020-12-01,0,0.0
483034,"Venezuela, República Bolivariana de","11 Agricultura, cría y explotación de animales, aprovechamiento forestal, pesca y caza",2020,4,2020-12-01,0,0.0
28775,Israel,"11 Agricultura, cría y explotación de animales, aprovechamiento forestal, pesca y caza",2006,4,2006-12-01,C,
27787,Federación de Rusia,"11 Agricultura, cría y explotación de animales, aprovechamiento forestal, pesca y caza",2006,4,2006-12-01,0,0.0
26625,Costa Rica,"11 Agricultura, cría y explotación de animales, aprovechamiento forestal, pesca y caza",2006,4,2006-12-01,0,0.0
378774,Alemania,"11 Agricultura, cría y explotación de animales, aprovechamiento forestal, pesca y caza",2017,4,2017-12-01,0,0.0
379711,Belice,"11 Agricultura, cría y explotación de animales, aprovechamiento forestal, pesca y caza",2017,4,2017-12-01,0,0.0
379763,Brasil,"11 Agricultura, cría y explotación de animales, aprovechamiento forestal, pesca y caza",2017,4,2017-12-01,0,0.0
379985,Canadá,"11 Agricultura, cría y explotación de animales, aprovechamiento forestal, pesca y caza",2017,4,2017-12-01,C,
380994,"Corea, República de","11 Agricultura, cría y explotación de animales, aprovechamiento forestal, pesca y caza",2017,4,2017-12-01,0,0.0
381998,Estados Unidos de América,"11 Agricultura, cría y explotación de animales, aprovechamiento forestal, pesca y caza",2017,4,2017-12-01,4.430218700000002,4.430218700000002
383131,India,"11 Agricultura, cría y explotación de animales, aprovechamiento forestal, pesca y caza",2017,4,2017-12-01,0,0.0
383259,Irlanda,"11 Agricultura, cría y explotación de animales, aprovechamiento forestal, pesca y caza",2017,4,2017-12-01,0,0.0
384264,Nueva Zelandia,"11 Agricultura, cría y explotación de animales, aprovechamiento forestal, pesca y caza",2017,4,2017-12-01,C,
384340,Países Bajos,"11 Agricultura, cría y explotación de animales, aprovechamiento forestal, pesca y caza",2017,4,2017-12-01,0,0.0
385215,Reino Unido de la Gran Bretaña e Irlanda del Norte,"11 Agricultura, cría y explotación de animales, aprovechamiento forestal, pesca y caza",2017,4,2017-12-01,0,0.0
386188,Uruguay,"11 Agricultura, cría y explotación de animales, aprovechamiento forestal, pesca y caza",2017,4,2017-12-01,0,0.0
386326,"Venezuela, República Bolivariana de","11 Agricultura, cría y explotación de animales, aprovechamiento forestal, pesca y caza",2017,4,2017-12-01,0,0.0
219814,"Corea, República de","11 Agricultura, cría y explotación de animales, aprovechamiento forestal, pesca y caza",2012,4,2012-12-01,0,0.0
219329,"China, República Popular de","11 Agricultura, cría y explotación de animales, aprovechamiento forestal, pesca y caza",2012,4,2012-12-01,0,0.0
219118,Chile,"11 Agricultura, cría y explotación de animales, aprovechamiento forestal, pesca y caza",2012,4,2012-12-01,0,0.0
218113,Australia,"11 Agricultura, cría y explotación de animales, aprovechamiento forestal, pesca y caza",2012,4,2012-12-01,0,0.0
192910,"Venezuela, República Bolivariana de","11 Agricultura, cría y explotación de animales, aprovechamiento forestal, pesca y caza",2011,4,2011-12-01,0,0.0
192772,Uruguay,"11 Agricultura, cría y explotación de animales, aprovechamiento forestal, pesca y caza",2011,4,2011-12-01,0,0.0
191565,Polonia,"11 Agricultura, cría y explotación de animales, aprovechamiento forestal, pesca y caza",2011,4,2011-12-01,0,0.0
191384,Perú,"11 Agricultura, cría y explotación de animales, aprovechamiento forestal, pesca y caza",2011,4,2011-12-01,0,0.0
190360,Japón,"11 Agricultura, cría y explotación de animales, aprovechamiento forestal, pesca y caza",2011,4,2011-12-01,C,
190102,Italia,"11 Agricultura, cría y explotación de animales, aprovechamiento forestal, pesca y caza",2011,4,2011-12-01,0,0.0
189160,Francia,"11 Agricultura, cría y explotación de animales, aprovechamiento forestal, pesca y caza",2011,4,2011-12-01,0,0.0
188967,Federación de Rusia,"11 Agricultura, cría y explotación de animales, aprovechamiento forestal, pesca y caza",2011,4,2011-12-01,C,
187093,"China, República Popular de","11 Agricultura, cría y explotación de animales, aprovechamiento forestal, pesca y caza",2011,4,2011-12-01,0,0.0
186882,Chile,"11 Agricultura, cría y explotación de animales, aprovechamiento forestal, pesca y caza",2011,4,2011-12-01,0,0.0
185877,Australia,"11 Agricultura, cría y explotación de animales, aprovechamiento forestal, pesca y caza",2011,4,2011-12-01,0,0.0
160911,Otros países,"11 Agricultura, cría y explotación de animales, aprovechamiento forestal, pesca y caza",2010,4,2010-12-01,0,0.0
159895,Singapur,"11 Agricultura, cría y explotación de animales, aprovechamiento forestal, pesca y caza",2010,4,2010-12-01,0,0.0
158948,Panamá,"11 Agricultura, cría y explotación de animales, aprovechamiento forestal, pesca y caza",2010,4,2010-12-01,0,0.0
158688,Países Bajos,"11 Agricultura, cría y explotación de animales, aprovechamiento forestal, pesca y caza",2010,4,2010-12-01,C,
157866,Italia,"11 Agricultura, cría y explotación de animales, aprovechamiento forestal, pesca y caza",2010,4,2010-12-01,0,0.0
157719,Israel,"11 Agricultura, cría y explotación de animales, aprovechamiento forestal, pesca y caza",2010,4,2010-12-01,0,0.0
25702,Chile,"11 Agricultura, cría y explotación de animales, aprovechamiento forestal, pesca y caza",2006,4,2006-12-01,0,0.0
24178,Alemania,"11 Agricultura, cría y explotación de animales, aprovechamiento forestal, pesca y caza",2006,4,2006-12-01,0,0.0
579742,"Venezuela, República Bolivariana de","11 Agricultura, cría y explotación de animales, aprovechamiento forestal, pesca y caza",2023,4,2023-12-01,0,0.0
578631,Reino Unido de la Gran Bretaña e Irlanda del Norte,"11 Agricultura, cría y explotación de animales, aprovechamiento forestal, pesca y caza",2023,4,2023-12-01,0,0.0
578216,Perú,"11 Agricultura, cría y explotación de animales, aprovechamiento forestal, pesca y caza",2023,4,2023-12-01,0,0.0
578016,Panamá,"11 Agricultura, cría y explotación de animales, aprovechamiento forestal, pesca y caza",2023,4,2023-12-01,0,0.0
577192,Japón,"11 Agricultura, cría y explotación de animales, aprovechamiento forestal, pesca y caza",2023,4,2023-12-01,0,0.0
576262,Guatemala,"11 Agricultura, cría y explotación de animales, aprovechamiento forestal, pesca y caza",2023,4,2023-12-01,0,0.0
575799,Federación de Rusia,"11 Agricultura, cría y explotación de animales, aprovechamiento forestal, pesca y caza",2023,4,2023-12-01,0,0.0
411529,Australia,"11 Agricultura, cría y explotación de animales, aprovechamiento forestal, pesca y caza",2018,4,2018-12-01,0,0.0
411786,Bélgica,"11 Agricultura, cría y explotación de animales, aprovechamiento forestal, pesca y caza",2018,4,2018-12-01,0,0.0
412745,"China, República Popular de","11 Agricultura, cría y explotación de animales, aprovechamiento forestal, pesca y caza",2018,4,2018-12-01,0,0.0
412975,Colombia,"11 Agricultura, cría y explotación de animales, aprovechamiento forestal, pesca y caza",2018,4,2018-12-01,0,0.0
413898,España,"11 Agricultura, cría y explotación de animales, aprovechamiento forestal, pesca y caza",2018,4,2018-12-01,0,0.0
414812,Francia,"11 Agricultura, cría y explotación de animales, aprovechamiento forestal, pesca y caza",2018,4,2018-12-01,C,
415082,Guatemala,"11 Agricultura, cría y explotación de animales, aprovechamiento forestal, pesca y caza",2018,4,2018-12-01,0,0.0
416012,Japón,"11 Agricultura, cría y explotación de animales, aprovechamiento forestal, pesca y caza",2018,4,2018-12-01,0,0.0
417217,Polonia,"11 Agricultura, cría y explotación de animales, aprovechamiento forestal, pesca y caza",2018,4,2018-12-01,0,0.0
418101,Suiza,"11 Agricultura, cría y explotación de animales, aprovechamiento forestal, pesca y caza",2018,4,2018-12-01,0,0.0
418424,Uruguay,"11 Agricultura, cría y explotación de animales, aprovechamiento forestal, pesca y caza",2018,4,2018-12-01,0,0.0
157607,Irlanda,"11 Agricultura, cría y explotación de animales, aprovechamiento forestal, pesca y caza",2010,4,2010-12-01,0,0.0
156731,Federación de Rusia,"11 Agricultura, cría y explotación de animales, aprovechamiento forestal, pesca y caza",2010,4,2010-12-01,0,0.0
155569,Costa Rica,"11 Agricultura, cría y explotación de animales, aprovechamiento forestal, pesca y caza",2010,4,2010-12-01,0,0.0
154646,Chile,"11 Agricultura, cría y explotación de animales, aprovechamiento forestal, pesca y caza",2010,4,2010-12-01,0,0.0
154333,Canadá,"11 Agricultura, cría y explotación de animales, aprovechamiento forestal, pesca y caza",2010,4,2010-12-01,0,0.0
153122,Alemania,"11 Agricultura, cría y explotación de animales, aprovechamiento forestal, pesca y caza",2010,4,2010-12-01,0,0.0
128675,Otros países,"11 Agricultura, cría y explotación de animales, aprovechamiento forestal, pesca y caza",2009,4,2009-12-01,0,0.0
127659,Singapur,"11 Agricultura, cría y explotación de animales, aprovechamiento forestal, pesca y caza",2009,4,2009-12-01,0,0.0
126712,Panamá,"11 Agricultura, cría y explotación de animales, aprovechamiento forestal, pesca y caza",2009,4,2009-12-01,0,0.0
126452,Países Bajos,"11 Agricultura, cría y explotación de animales, aprovechamiento forestal, pesca y caza",2009,4,2009-12-01,C,
125630,Italia,"11 Agricultura, cría y explotación de animales, aprovechamiento forestal, pesca y caza",2009,4,2009-12-01,0,0.0
125483,Israel,"11 Agricultura, cría y explotación de animales, aprovechamiento forestal, pesca y caza",2009,4,2009-12-01,C,
125371,Irlanda,"11 Agricultura, cría y explotación de animales, aprovechamiento forestal, pesca y caza",2009,4,2009-12-01,0,0.0
124495,Federación de Rusia,"11 Agricultura, cría y explotación de animales, aprovechamiento forestal, pesca y caza",2009,4,2009-12-01,0,0.0
123333,Costa Rica,"11 Agricultura, cría y explotación de animales, aprovechamiento forestal, pesca y caza",2009,4,2009-12-01,0,0.0
122410,Chile,"11 Agricultura, cría y explotación de animales, aprovechamiento forestal, pesca y caza",2009,4,2009-12-01,0,0.0
575078,España,"11 Agricultura, cría y explotación de animales, aprovechamiento forestal, pesca y caza",2023,4,2023-12-01,0,0.0
122097,Canadá,"11 Agricultura, cría y explotación de animales, aprovechamiento forestal, pesca y caza",2009,4,2009-12-01,0,0.0
574410,"Corea, República de","11 Agricultura, cría y explotación de animales, aprovechamiento forestal, pesca y caza",2023,4,2023-12-01,0,0.0
121156,Argentina,"11 Agricultura, cría y explotación de animales, aprovechamiento forestal, pesca y caza",2009,4,2009-12-01,0,0.0
90870,"Corea, República de","11 Agricultura, cría y explotación de animales, aprovechamiento forestal, pesca y caza",2008,4,2008-12-01,0,0.0
89861,Canadá,"11 Agricultura, cría y explotación de animales, aprovechamiento forestal, pesca y caza",2008,4,2008-12-01,C,
573925,"China, República Popular de","11 Agricultura, cría y explotación de animales, aprovechamiento forestal, pesca y caza",2023,4,2023-12-01,0,0.0
573179,Brasil,"11 Agricultura, cría y explotación de animales, aprovechamiento forestal, pesca y caza",2023,4,2023-12-01,C,
572709,Australia,"11 Agricultura, cría y explotación de animales, aprovechamiento forestal, pesca y caza",2023,4,2023-12-01,0,0.0
547506,"Venezuela, República Bolivariana de","11 Agricultura, cría y explotación de animales, aprovechamiento forestal, pesca y caza",2022,4,2022-12-01,0,0.0
547045,Suiza,"11 Agricultura, cría y explotación de animales, aprovechamiento forestal, pesca y caza",2022,4,2022-12-01,0,0.0
96439,Otros países,"11 Agricultura, cría y explotación de animales, aprovechamiento forestal, pesca y caza",2008,4,2008-12-01,0,0.0
95423,Singapur,"11 Agricultura, cría y explotación de animales, aprovechamiento forestal, pesca y caza",2008,4,2008-12-01,0,0.0
545980,Perú,"11 Agricultura, cría y explotación de animales, aprovechamiento forestal, pesca y caza",2022,4,2022-12-01,0,0.0
545444,Nueva Zelandia,"11 Agricultura, cría y explotación de animales, aprovechamiento forestal, pesca y caza",2022,4,2022-12-01,0,0.0
94476,Panamá,"11 Agricultura, cría y explotación de animales, aprovechamiento forestal, pesca y caza",2008,4,2008-12-01,0,0.0
515507,Otros países,"11 Agricultura, cría y explotación de animales, aprovechamiento forestal, pesca y caza",2021,4,2021-12-01,0,0.0
544956,Japón,"11 Agricultura, cría y explotación de animales, aprovechamiento forestal, pesca y caza",2022,4,2022-12-01,0,0.0
544311,India,"11 Agricultura, cría y explotación de animales, aprovechamiento forestal, pesca y caza",2022,4,2022-12-01,0,0.0
444022,Bélgica,"11 Agricultura, cría y explotación de animales, aprovechamiento forestal, pesca y caza",2019,4,2019-12-01,0,0.0
444183,Belice,"11 Agricultura, cría y explotación de animales, aprovechamiento forestal, pesca y caza",2019,4,2019-12-01,0,0.0
444235,Brasil,"11 Agricultura, cría y explotación de animales, aprovechamiento forestal, pesca y caza",2019,4,2019-12-01,0,0.0
543178,Estados Unidos de América,"11 Agricultura, cría y explotación de animales, aprovechamiento forestal, pesca y caza",2022,4,2022-12-01,-13.135072155763231,-13.135072155763233
444981,"China, República Popular de","11 Agricultura, cría y explotación de animales, aprovechamiento forestal, pesca y caza",2019,4,2019-12-01,0,0.0
446134,España,"11 Agricultura, cría y explotación de animales, aprovechamiento forestal, pesca y caza",2019,4,2019-12-01,0,0.0
446470,Estados Unidos de América,"11 Agricultura, cría y explotación de animales, aprovechamiento forestal, pesca y caza",2019,4,2019-12-01,-9.3769305200000019,-9.376930520000002
447318,Guatemala,"11 Agricultura, cría y explotación de animales, aprovechamiento forestal, pesca y caza",2019,4,2019-12-01,0,0.0
448812,Países Bajos,"11 Agricultura, cría y explotación de animales, aprovechamiento forestal, pesca y caza",2019,4,2019-12-01,0,0.0
447603,India,"11 Agricultura, cría y explotación de animales, aprovechamiento forestal, pesca y caza",2019,4,2019-12-01,0,0.0
448736,Nueva Zelandia,"11 Agricultura, cría y explotación de animales, aprovechamiento forestal, pesca y caza",2019,4,2019-12-01,0,0.0
449272,Perú,"11 Agricultura, cría y explotación de animales, aprovechamiento forestal, pesca y caza",2019,4,2019-12-01,0,0.0
449453,Polonia,"11 Agricultura, cría y explotación de animales, aprovechamiento forestal, pesca y caza",2019,4,2019-12-01,0,0.0
450660,Uruguay,"11 Agricultura, cría y explotación de animales, aprovechamiento forestal, pesca y caza",2019,4,2019-12-01,0,0.0
450798,"Venezuela, República Bolivariana de","11 Agricultura, cría y explotación de animales, aprovechamiento forestal, pesca y caza",2019,4,2019-12-01,0,0.0
94216,Países Bajos,"11 Agricultura, cría y explotación de animales, aprovechamiento forestal, pesca y caza",2008,4,2008-12-01,C,
93394,Italia,"11 Agricultura, cría y explotación de animales, aprovechamiento forestal, pesca y caza",2008,4,2008-12-01,0,0.0
93247,Israel,"11 Agricultura, cría y explotación de animales, aprovechamiento forestal, pesca y caza",2008,4,2008-12-01,0,0.0
93135,Irlanda,"11 Agricultura, cría y explotación de animales, aprovechamiento forestal, pesca y caza",2008,4,2008-12-01,0,0.0
92259,Federación de Rusia,"11 Agricultura, cría y explotación de animales, aprovechamiento forestal, pesca y caza",2008,4,2008-12-01,0,0.0
91097,Costa Rica,"11 Agricultura, cría y explotación de animales, aprovechamiento forestal, pesca y caza",2008,4,2008-12-01,0,0.0
63966,"Venezuela, República Bolivariana de","11 Agricultura, cría y explotación de animales, aprovechamiento forestal, pesca y caza",2007,4,2007-12-01,0,0.0
63828,Uruguay,"11 Agricultura, cría y explotación de animales, aprovechamiento forestal, pesca y caza",2007,4,2007-12-01,0,0.0
62855,Reino Unido de la Gran Bretaña e Irlanda del Norte,"11 Agricultura, cría y explotación de animales, aprovechamiento forestal, pesca y caza",2007,4,2007-12-01,0,0.0
61980,Países Bajos,"11 Agricultura, cría y explotación de animales, aprovechamiento forestal, pesca y caza",2007,4,2007-12-01,C,
61904,Nueva Zelandia,"11 Agricultura, cría y explotación de animales, aprovechamiento forestal, pesca y caza",2007,4,2007-12-01,0,0.0
60771,India,"11 Agricultura, cría y explotación de animales, aprovechamiento forestal, pesca y caza",2007,4,2007-12-01,0,0.0
59638,Estados Unidos de América,"11 Agricultura, cría y explotación de animales, aprovechamiento forestal, pesca y caza",2007,4,2007-12-01,6.6490989999999996,6.649099
58634,"Corea, República de","11 Agricultura, cría y explotación de animales, aprovechamiento forestal, pesca y caza",2007,4,2007-12-01,0,0.0
58379,Colombia,"11 Agricultura, cría y explotación de animales, aprovechamiento forestal, pesca y caza",2007,4,2007-12-01,0,0.0
57625,Canadá,"11 Agricultura, cría y explotación de animales, aprovechamiento forestal, pesca y caza",2007,4,2007-12-01,C,
57403,Brasil,"11 Agricultura, cría y explotación de animales, aprovechamiento forestal, pesca y caza",2007,4,2007-12-01,C,
57351,Belice,"11 Agricultura, cría y explotación de animales, aprovechamiento forestal, pesca y caza",2007,4,2007-12-01,0,0.0
56414,Alemania,"11 Agricultura, cría y explotación de animales, aprovechamiento forestal, pesca y caza",2007,4,2007-12-01,0,0.0
31967,Otros países,"11 Agricultura, cría y explotación de animales, aprovechamiento forestal, pesca y caza",2006,4,2006-12-01,0,0.0
30951,Singapur,"11 Agricultura, cría y explotación de animales, aprovechamiento forestal, pesca y caza",2006,4,2006-12-01,0,0.0
30004,Panamá,"11 Agricultura, cría y explotación de animales, aprovechamiento forestal, pesca y caza",2006,4,2006-12-01,0,0.0
28922,Italia,"11 Agricultura, cría y explotación de animales, aprovechamiento forestal, pesca y caza",2006,4,2006-12-01,0,0.0
542174,"Corea, República de","11 Agricultura, cría y explotación de animales, aprovechamiento forestal, pesca y caza",2022,4,2022-12-01,0,0.0
321393,Suiza,"11 Agricultura, cría y explotación de animales, aprovechamiento forestal, pesca y caza",2015,4,2015-12-01,0,0.0
320509,Polonia,"11 Agricultura, cría y explotación de animales, aprovechamiento forestal, pesca y caza",2015,4,2015-12-01,0,0.0
320328,Perú,"11 Agricultura, cría y explotación de animales, aprovechamiento forestal, pesca y caza",2015,4,2015-12-01,0,0.0
319304,Japón,"11 Agricultura, cría y explotación de animales, aprovechamiento forestal, pesca y caza",2015,4,2015-12-01,0,0.0
319046,Italia,"11 Agricultura, cría y explotación de animales, aprovechamiento forestal, pesca y caza",2015,4,2015-12-01,0,0.0
318104,Francia,"11 Agricultura, cría y explotación de animales, aprovechamiento forestal, pesca y caza",2015,4,2015-12-01,C,
317911,Federación de Rusia,"11 Agricultura, cría y explotación de animales, aprovechamiento forestal, pesca y caza",2015,4,2015-12-01,0,0.0
317190,España,"11 Agricultura, cría y explotación de animales, aprovechamiento forestal, pesca y caza",2015,4,2015-12-01,0,0.0
316037,"China, República Popular de","11 Agricultura, cría y explotación de animales, aprovechamiento forestal, pesca y caza",2015,4,2015-12-01,0,0.0
315826,Chile,"11 Agricultura, cría y explotación de animales, aprovechamiento forestal, pesca y caza",2015,4,2015-12-01,C,
314821,Australia,"11 Agricultura, cría y explotación de animales, aprovechamiento forestal, pesca y caza",2015,4,2015-12-01,0,0.0
289618,"Venezuela, República Bolivariana de","11 Agricultura, cría y explotación de animales, aprovechamiento forestal, pesca y caza",2014,4,2014-12-01,0,0.0
289480,Uruguay,"11 Agricultura, cría y explotación de animales, aprovechamiento forestal, pesca y caza",2014,4,2014-12-01,0,0.0
288507,Reino Unido de la Gran Bretaña e Irlanda del Norte,"11 Agricultura, cría y explotación de animales, aprovechamiento forestal, pesca y caza",2014,4,2014-12-01,0,0.0
288273,Polonia,"11 Agricultura, cría y explotación de animales, aprovechamiento forestal, pesca y caza",2014,4,2014-12-01,0,0.0
286138,Guatemala,"11 Agricultura, cría y explotación de animales, aprovechamiento forestal, pesca y caza",2014,4,2014-12-01,0,0.0
541165,Canadá,"11 Agricultura, cría y explotación de animales, aprovechamiento forestal, pesca y caza",2022,4,2022-12-01,0,0.0
540943,Brasil,"11 Agricultura, cría y explotación de animales, aprovechamiento forestal, pesca y caza",2022,4,2022-12-01,C,
539954,Alemania,"11 Agricultura, cría y explotación de animales, aprovechamiento forestal, pesca y caza",2022,4,2022-12-01,C,
507988,Argentina,"11 Agricultura, cría y explotación de animales, aprovechamiento forestal, pesca y caza",2021,4,2021-12-01,0,0.0
508655,Belice,"11 Agricultura, cría y explotación de animales, aprovechamiento forestal, pesca y caza",2021,4,2021-12-01,0,0.0
509242,Chile,"11 Agricultura, cría y explotación de animales, aprovechamiento forestal, pesca y caza",2021,4,2021-12-01,C,
509683,Colombia,"11 Agricultura, cría y explotación de animales, aprovechamiento forestal, pesca y caza",2021,4,2021-12-01,0,0.0
510165,Costa Rica,"11 Agricultura, cría y explotación de animales, aprovechamiento forestal, pesca y caza",2021,4,2021-12-01,0,0.0
513925,Polonia,"11 Agricultura, cría y explotación de animales, aprovechamiento forestal, pesca y caza",2021,4,2021-12-01,0,0.0
515270,"Venezuela, República Bolivariana de","11 Agricultura, cría y explotación de animales, aprovechamiento forestal, pesca y caza",2021,4,2021-12-01,0,0.0
475482,Alemania,"11 Agricultura, cría y explotación de animales, aprovechamiento forestal, pesca y caza",2020,4,2020-12-01,0,0.0
476419,Belice,"11 Agricultura, cría y explotación de animales, aprovechamiento forestal, pesca y caza",2020,4,2020-12-01,0,0.0
476471,Brasil,"11 Agricultura, cría y explotación de animales, aprovechamiento forestal, pesca y caza",2020,4,2020-12-01,C,
347057,Australia,"11 Agricultura, cría y explotación de animales, aprovechamiento forestal, pesca y caza",2016,4,2016-12-01,C,
347314,Bélgica,"11 Agricultura, cría y explotación de animales, aprovechamiento forestal, pesca y caza",2016,4,2016-12-01,0,0.0
348273,"China, República Popular de","11 Agricultura, cría y explotación de animales, aprovechamiento forestal, pesca y caza",2016,4,2016-12-01,0,0.0
349426,España,"11 Agricultura, cría y explotación de animales, aprovechamiento forestal, pesca y caza",2016,4,2016-12-01,0,0.0
350340,Francia,"11 Agricultura, cría y explotación de animales, aprovechamiento forestal, pesca y caza",2016,4,2016-12-01,0,0.0
351540,Japón,"11 Agricultura, cría y explotación de animales, aprovechamiento forestal, pesca y caza",2016,4,2016-12-01,0,0.0
352564,Perú,"11 Agricultura, cría y explotación de animales, aprovechamiento forestal, pesca y caza",2016,4,2016-12-01,0,0.0
352745,Polonia,"11 Agricultura, cría y explotación de animales, aprovechamiento forestal, pesca y caza",2016,4,2016-12-01,0,0.0
353952,Uruguay,"11 Agricultura, cría y explotación de animales, aprovechamiento forestal, pesca y caza",2016,4,2016-12-01,0,0.0
354090,"Venezuela, República Bolivariana de","11 Agricultura, cría y explotación de animales, aprovechamiento forestal, pesca y caza",2016,4,2016-12-01,0,0.0
283801,"China, República Popular de","11 Agricultura, cría y explotación de animales, aprovechamiento forestal, pesca y caza",2014,4,2014-12-01,0,0.0
283590,Chile,"11 Agricultura, cría y explotación de animales, aprovechamiento forestal, pesca y caza",2014,4,2014-12-01,C,
282585,Australia,"11 Agricultura, cría y explotación de animales, aprovechamiento forestal, pesca y caza",2014,4,2014-12-01,0,0.0
257619,Otros países,"11 Agricultura, cría y explotación de animales, aprovechamiento forestal, pesca y caza",2013,4,2013-12-01,C,
257382,"Venezuela, República Bolivariana de","11 Agricultura, cría y explotación de animales, aprovechamiento forestal, pesca y caza",2013,4,2013-12-01,0,0.0
255396,Países Bajos,"11 Agricultura, cría y explotación de animales, aprovechamiento forestal, pesca y caza",2013,4,2013-12-01,C,
255320,Nueva Zelandia,"11 Agricultura, cría y explotación de animales, aprovechamiento forestal, pesca y caza",2013,4,2013-12-01,0,0.0
254427,Israel,"11 Agricultura, cría y explotación de animales, aprovechamiento forestal, pesca y caza",2013,4,2013-12-01,0,0.0
254315,Irlanda,"11 Agricultura, cría y explotación de animales, aprovechamiento forestal, pesca y caza",2013,4,2013-12-01,0,0.0
254187,India,"11 Agricultura, cría y explotación de animales, aprovechamiento forestal, pesca y caza",2013,4,2013-12-01,0,0.0
253054,Estados Unidos de América,"11 Agricultura, cría y explotación de animales, aprovechamiento forestal, pesca y caza",2013,4,2013-12-01,19.780384000000005,19.780384000000005
252277,Costa Rica,"11 Agricultura, cría y explotación de animales, aprovechamiento forestal, pesca y caza",2013,4,2013-12-01,0,0.0
252050,"Corea, República de","11 Agricultura, cría y explotación de animales, aprovechamiento forestal, pesca y caza",2013,4,2013-12-01,0,0.0
251041,Canadá,"11 Agricultura, cría y explotación de animales, aprovechamiento forestal, pesca y caza",2013,4,2013-12-01,2.1025320000000001,2.102532
249830,Alemania,"11 Agricultura, cría y explotación de animales, aprovechamiento forestal, pesca y caza",2013,4,2013-12-01,0,0.0
225008,Uruguay,"11 Agricultura, cría y explotación de animales, aprovechamiento forestal, pesca y caza",2012,4,2012-12-01,0,0.0
224367,Singapur,"11 Agricultura, cría y explotación de animales, aprovechamiento forestal, pesca y caza",2012,4,2012-12-01,0,0.0
223420,Panamá,"11 Agricultura, cría y explotación de animales, aprovechamiento forestal, pesca y caza",2012,4,2012-12-01,0,0.0
223160,Países Bajos,"11 Agricultura, cría y explotación de animales, aprovechamiento forestal, pesca y caza",2012,4,2012-12-01,C,
222191,Israel,"11 Agricultura, cría y explotación de animales, aprovechamiento forestal, pesca y caza",2012,4,2012-12-01,0,0.0
222079,Irlanda,"11 Agricultura, cría y explotación de animales, aprovechamiento forestal, pesca y caza",2012,4,2012-12-01,0,0.0
221951,India,"11 Agricultura, cría y explotación de animales, aprovechamiento forestal, pesca y caza",2012,4,2012-12-01,0,0.0
477447,Colombia,"11 Agricultura, cría y explotación de animales, aprovechamiento forestal, pesca y caza",2020,4,2020-12-01,0,0.0
477702,"Corea, República de","11 Agricultura, cría y explotación de animales, aprovechamiento forestal, pesca y caza",2020,4,2020-12-01,0,0.0
220041,Costa Rica,"11 Agricultura, cría y explotación de animales, aprovechamiento forestal, pesca y caza",2012,4,2012-12-01,0,0.0
478706,Estados Unidos de América,"11 Agricultura, cría y explotación de animales, aprovechamiento forestal, pesca y caza",2020,4,2020-12-01,-73.58598409999999,-73.58598409999999
479839,India,"11 Agricultura, cría y explotación de animales, aprovechamiento forestal, pesca y caza",2020,4,2020-12-01,0,0.0
