typeCode,freqCode,refPeriodId,refYear,refMonth,period,reporterCode,reporterISO,reporterDesc,flowCode,flowDesc,partnerCode,partnerISO,partnerDesc,partner2Code,partner2ISO,partner2Desc,classificationCode,classificationSearchCode,isOriginalClassification,cmdCode,cmdDesc,aggrLevel,isLeaf,customsCode,customsDesc,mosCode,motCode,motDesc,qtyUnitCode,qtyUnitAbbr,qty,isQtyEstimated,altQtyUnitCode,altQtyUnitAbbr,altQty,isAltQtyEstimated,netWgt,isNetWgtEstimated,grossWgt,isGrossWgtEstimated,cifvalue,fobvalue,primaryValue,legacyEstimationFlag,isReported,isAggregate
"C","A","19900101","1990","52","1990","360","IDN","Indonesia","X","Export","0","W00","World","0","W00","World","H0","HS","true","0701","Potatoes; fresh or chilled","4","false","C00","TOTAL CPC","0","0","TOTAL MOT","8","kg","76774688","false","-1","N/A",,"false","76774688","false",,"false",,"10266052","10266052","0","true","false",
"C","A","19900101","1990","52","1990","360","IDN","Indonesia","X","Export","0","W00","World","0","W00","World","H0","HS","true","0702","Tomatoes; fresh or chilled","4","false","C00","TOTAL CPC","0","0","TOTAL MOT","8","kg","1444312","false","-1","N/A",,"false","1444312","false",,"false",,"259327","259327","0","true","false",
"C","A","19900101","1990","52","1990","360","IDN","Indonesia","X","Export","0","W00","World","0","W00","World","H0","HS","true","0703","Onions, shallots, garlic, leeks and other alliaceous vegetables; fresh or chilled","4","false","C00","TOTAL CPC","0","0","TOTAL MOT","8","kg","5403933","false","-1","N/A",,"false","5403933","false",,"false",,"1296406","1296406","0","true","false",
"C","A","19900101","1990","52","1990","360","IDN","Indonesia","X","Export","0","W00","World","0","W00","World","H0","HS","true","0704","Cabbages, cauliflowers, kohlrabi, kale and similar edible brassicas; fresh or chilled","4","false","C00","TOTAL CPC","0","0","TOTAL MOT","8","kg","27583634","false","-1","N/A",,"false","27583634","false",,"false",,"3815881","3815881","0","true","false",
"C","A","19900101","1990","52","1990","360","IDN","Indonesia","X","Export","0","W00","World","0","W00","World","H0","HS","true","0705","Lettuce (lactuca sativa) and chicory (cichorium spp.) fresh or chilled","4","false","C00","TOTAL CPC","0","0","TOTAL MOT","8","kg","149308","false","-1","N/A",,"false","149308","false",,"false",,"20469","20469","0","true","false",
"C","A","19900101","1990","52","1990","360","IDN","Indonesia","X","Export","0","W00","World","0","W00","World","H0","HS","true","0706","Carrots, turnips, salad beetroot, salsify, celeriac, radishes and similar edible roots; fresh or chilled","4","false","C00","TOTAL CPC","0","0","TOTAL MOT","8","kg","2885795","false","-1","N/A",,"false","2885795","false",,"false",,"331906","331906","0","true","false",
"C","A","19900101","1990","52","1990","360","IDN","Indonesia","X","Export","0","W00","World","0","W00","World","H0","HS","true","0707","Cucumbers and gherkins; fresh or chilled","4","false","C00","TOTAL CPC","0","0","TOTAL MOT","8","kg","120000","false","-1","N/A",,"false","120000","false",,"false",,"43962","43962","0","true","false",
"C","A","19900101","1990","52","1990","360","IDN","Indonesia","X","Export","0","W00","World","0","W00","World","H0","HS","true","0708","Leguminous vegetables; shelled or unshelled, fresh or chilled","4","false","C00","TOTAL CPC","0","0","TOTAL MOT","8","kg","1544138","false","-1","N/A",,"false","1544138","false",,"false",,"420634","420634","0","true","false",
"C","A","19900101","1990","52","1990","360","IDN","Indonesia","X","Export","0","W00","World","0","W00","World","H0","HS","true","0709","Vegetables, n.e.s. in chapter 07; fresh or chilled","4","false","C00","TOTAL CPC","0","0","TOTAL MOT","8","kg","3410681","false","-1","N/A",,"false","3410681","false",,"false",,"977362","977362","0","true","false",
"C","A","19900101","1990","52","1990","360","IDN","Indonesia","X","Export","0","W00","World","0","W00","World","H0","HS","true","0712","Vegetables, dried; whole, cut, sliced, broken or in powder, but not further prepared","4","false","C00","TOTAL CPC","0","0","TOTAL MOT","8","kg","426730","false","-1","N/A",,"false","426730","false",,"false",,"128071","128071","0","true","false",
"C","A","19900101","1990","52","1990","724","ESP","Spain","X","Export","0","W00","World","0","W00","World","H0","HS","true","0701","Potatoes; fresh or chilled","4","false","C00","TOTAL CPC","0","0","TOTAL MOT","8","kg","98037224","false","-1","N/A",,"false","98037224","false",,"false",,"31828160","31828160","0","true","false",
"C","A","19900101","1990","52","1990","724","ESP","Spain","X","Export","0","W00","World","0","W00","World","H0","HS","true","0702","Tomatoes; fresh or chilled","4","false","C00","TOTAL CPC","0","0","TOTAL MOT","8","kg","333152480","false","-1","N/A",,"false","333152480","false",,"false",,"261002096","261002096","0","true","false",
"C","A","19900101","1990","52","1990","724","ESP","Spain","X","Export","0","W00","World","0","W00","World","H0","HS","true","0703","Onions, shallots, garlic, leeks and other alliaceous vegetables; fresh or chilled","4","false","C00","TOTAL CPC","0","0","TOTAL MOT","8","kg","195914432","false","-1","N/A",,"false","195914432","false",,"false",,"69392864","69392864","0","true","false",
"C","A","19900101","1990","52","1990","724","ESP","Spain","X","Export","0","W00","World","0","W00","World","H0","HS","true","0704","Cabbages, cauliflowers, kohlrabi, kale and similar edible brassicas; fresh or chilled","4","false","C00","TOTAL CPC","0","0","TOTAL MOT","8","kg","47411860","false","-1","N/A",,"false","47411860","false",,"false",,"31154708","31154708","0","true","false",
"C","A","19900101","1990","52","1990","724","ESP","Spain","X","Export","0","W00","World","0","W00","World","H0","HS","true","0705","Lettuce (lactuca sativa) and chicory (cichorium spp.) fresh or chilled","4","false","C00","TOTAL CPC","0","0","TOTAL MOT","8","kg","119862912","false","-1","N/A",,"false","119862912","false",,"false",,"105300352","105300352","0","true","false",
"C","A","19900101","1990","52","1990","724","ESP","Spain","X","Export","0","W00","World","0","W00","World","H0","HS","true","0706","Carrots, turnips, salad beetroot, salsify, celeriac, radishes and similar edible roots; fresh or chilled","4","false","C00","TOTAL CPC","0","0","TOTAL MOT","8","kg","32058944","false","-1","N/A",,"false","32058944","false",,"false",,"16078283","16078283","0","true","false",
"C","A","19900101","1990","52","1990","724","ESP","Spain","X","Export","0","W00","World","0","W00","World","H0","HS","true","0707","Cucumbers and gherkins; fresh or chilled","4","false","C00","TOTAL CPC","0","0","TOTAL MOT","8","kg","107217688","false","-1","N/A",,"false","107217688","false",,"false",,"76607080","76607080","0","true","false",
"C","A","19900101","1990","52","1990","724","ESP","Spain","X","Export","0","W00","World","0","W00","World","H0","HS","true","0708","Leguminous vegetables; shelled or unshelled, fresh or chilled","4","false","C00","TOTAL CPC","0","0","TOTAL MOT","8","kg","25033124","false","-1","N/A",,"false","25033124","false",,"false",,"36682740","36682740","0","true","false",
"C","A","19900101","1990","52","1990","724","ESP","Spain","X","Export","0","W00","World","0","W00","World","H0","HS","true","0709","Vegetables, n.e.s. in chapter 07; fresh or chilled","4","false","C00","TOTAL CPC","0","0","TOTAL MOT","8","kg","308386848","false","-1","N/A",,"false","308386848","false",,"false",,"342383872","342383872","0","true","false",
"C","A","19900101","1990","52","1990","724","ESP","Spain","X","Export","0","W00","World","0","W00","World","H0","HS","true","0712","Vegetables, dried; whole, cut, sliced, broken or in powder, but not further prepared","4","false","C00","TOTAL CPC","0","0","TOTAL MOT","8","kg","22848624","false","-1","N/A",,"false","22848624","false",,"false",,"55304744","55304744","0","true","false",
"C","A","19900101","1990","52","1990","764","THA","Thailand","X","Export","0","W00","World","0","W00","World","H0","HS","true","0701","Potatoes; fresh or chilled","4","false","C00","TOTAL CPC","0","0","TOTAL MOT","8","kg","94447","false","-1","N/A",,"false","94447","false",,"false",,"27663","27663","0","true","false",
"C","A","19900101","1990","52","1990","764","THA","Thailand","X","Export","0","W00","World","0","W00","World","H0","HS","true","0702","Tomatoes; fresh or chilled","4","false","C00","TOTAL CPC","0","0","TOTAL MOT","8","kg","1706831","false","-1","N/A",,"false","1706831","false",,"false",,"231495","231495","0","true","false",
"C","A","19900101","1990","52","1990","764","THA","Thailand","X","Export","0","W00","World","0","W00","World","H0","HS","true","0703","Onions, shallots, garlic, leeks and other alliaceous vegetables; fresh or chilled","4","false","C00","TOTAL CPC","0","0","TOTAL MOT","8","kg","18426454","false","-1","N/A",,"false","18426454","false",,"false",,"4940471","4940471","0","true","false",
"C","A","19900101","1990","52","1990","764","THA","Thailand","X","Export","0","W00","World","0","W00","World","H0","HS","true","0704","Cabbages, cauliflowers, kohlrabi, kale and similar edible brassicas; fresh or chilled","4","false","C00","TOTAL CPC","0","0","TOTAL MOT","8","kg","561094","false","-1","N/A",,"false","561094","false",,"false",,"154939","154939","0","true","false",
"C","A","19900101","1990","52","1990","764","THA","Thailand","X","Export","0","W00","World","0","W00","World","H0","HS","true","0705","Lettuce (lactuca sativa) and chicory (cichorium spp.) fresh or chilled","4","false","C00","TOTAL CPC","0","0","TOTAL MOT","8","kg","19639","false","-1","N/A",,"false","19639","false",,"false",,"5743","5743","0","true","false",
"C","A","19900101","1990","52","1990","764","THA","Thailand","X","Export","0","W00","World","0","W00","World","H0","HS","true","0706","Carrots, turnips, salad beetroot, salsify, celeriac, radishes and similar edible roots; fresh or chilled","4","false","C00","TOTAL CPC","0","0","TOTAL MOT","8","kg","1161","false","-1","N/A",,"false","1161","false",,"false",,"4158","4158","0","true","false",
"C","A","19900101","1990","52","1990","764","THA","Thailand","X","Export","0","W00","World","0","W00","World","H0","HS","true","0707","Cucumbers and gherkins; fresh or chilled","4","false","C00","TOTAL CPC","0","0","TOTAL MOT","8","kg","3375","false","-1","N/A",,"false","3375","false",,"false",,"4219","4219","0","true","false",
"C","A","19900101","1990","52","1990","764","THA","Thailand","X","Export","0","W00","World","0","W00","World","H0","HS","true","0708","Leguminous vegetables; shelled or unshelled, fresh or chilled","4","false","C00","TOTAL CPC","0","0","TOTAL MOT","8","kg","213940","false","-1","N/A",,"false","213940","false",,"false",,"126219","126219","0","true","false",
"C","A","19900101","1990","52","1990","764","THA","Thailand","X","Export","0","W00","World","0","W00","World","H0","HS","true","0709","Vegetables, n.e.s. in chapter 07; fresh or chilled","4","false","C00","TOTAL CPC","0","0","TOTAL MOT","8","kg","14567510","false","-1","N/A",,"false","14567510","false",,"false",,"14280833","14280833","0","true","false",
"C","A","19900101","1990","52","1990","764","THA","Thailand","X","Export","0","W00","World","0","W00","World","H0","HS","true","0712","Vegetables, dried; whole, cut, sliced, broken or in powder, but not further prepared","4","false","C00","TOTAL CPC","0","0","TOTAL MOT","8","kg","2804049","false","-1","N/A",,"false","2804049","false",,"false",,"2646573","2646573","0","true","false",
"C","A","19900101","1990","52","1990","792","TUR","Türkiye","X","Export","0","W00","World","0","W00","World","H0","HS","true","0701","Potatoes; fresh or chilled","4","false","C00","TOTAL CPC","0","0","TOTAL MOT","8","kg","22443137","false","-1","N/A",,"false","22443137","false",,"false",,"4617551","4617551","0","true","false",
"C","A","19900101","1990","52","1990","792","TUR","Türkiye","X","Export","0","W00","World","0","W00","World","H0","HS","true","0702","Tomatoes; fresh or chilled","4","false","C00","TOTAL CPC","0","0","TOTAL MOT","8","kg","33586029","false","-1","N/A",,"false","33586029","false",,"false",,"12557448","12557448","0","true","false",
"C","A","19900101","1990","52","1990","792","TUR","Türkiye","X","Export","0","W00","World","0","W00","World","H0","HS","true","0703","Onions, shallots, garlic, leeks and other alliaceous vegetables; fresh or chilled","4","false","C00","TOTAL CPC","0","0","TOTAL MOT","8","kg","90351836","false","-1","N/A",,"false","90351836","false",,"false",,"14987942","14987942","0","true","false",
"C","A","19900101","1990","52","1990","792","TUR","Türkiye","X","Export","0","W00","World","0","W00","World","H0","HS","true","0704","Cabbages, cauliflowers, kohlrabi, kale and similar edible brassicas; fresh or chilled","4","false","C00","TOTAL CPC","0","0","TOTAL MOT","8","kg","2123833","false","-1","N/A",,"false","2123833","false",,"false",,"736094","736094","0","true","false",
"C","A","19900101","1990","52","1990","792","TUR","Türkiye","X","Export","0","W00","World","0","W00","World","H0","HS","true","0705","Lettuce (lactuca sativa) and chicory (cichorium spp.) fresh or chilled","4","false","C00","TOTAL CPC","0","0","TOTAL MOT","8","kg","101158","false","-1","N/A",,"false","101158","false",,"false",,"38619","38619","0","true","false",
"C","A","19900101","1990","52","1990","792","TUR","Türkiye","X","Export","0","W00","World","0","W00","World","H0","HS","true","0706","Carrots, turnips, salad beetroot, salsify, celeriac, radishes and similar edible roots; fresh or chilled","4","false","C00","TOTAL CPC","0","0","TOTAL MOT","8","kg","5518495","false","-1","N/A",,"false","5518495","false",,"false",,"872635","872635","0","true","false",
"C","A","19900101","1990","52","1990","792","TUR","Türkiye","X","Export","0","W00","World","0","W00","World","H0","HS","true","0707","Cucumbers and gherkins; fresh or chilled","4","false","C00","TOTAL CPC","0","0","TOTAL MOT","8","kg","26339359","false","-1","N/A",,"false","26339359","false",,"false",,"15547021","15547021","0","true","false",
"C","A","19900101","1990","52","1990","792","TUR","Türkiye","X","Export","0","W00","World","0","W00","World","H0","HS","true","0708","Leguminous vegetables; shelled or unshelled, fresh or chilled","4","false","C00","TOTAL CPC","0","0","TOTAL MOT","8","kg","1337974","false","-1","N/A",,"false","1337974","false",,"false",,"923945","923945","0","true","false",
"C","A","19900101","1990","52","1990","792","TUR","Türkiye","X","Export","0","W00","World","0","W00","World","H0","HS","true","0709","Vegetables, n.e.s. in chapter 07; fresh or chilled","4","false","C00","TOTAL CPC","0","0","TOTAL MOT","8","kg","28944940","false","-1","N/A",,"false","28944940","false",,"false",,"21086501","21086501","0","true","false",
"C","A","19900101","1990","52","1990","792","TUR","Türkiye","X","Export","0","W00","World","0","W00","World","H0","HS","true","0712","Vegetables, dried; whole, cut, sliced, broken or in powder, but not further prepared","4","false","C00","TOTAL CPC","0","0","TOTAL MOT","8","kg","1069359","false","-1","N/A",,"false","1069359","false",,"false",,"7692317","7692317","0","true","false",
"C","A","19910101","1991","52","1991","218","ECU","Ecuador","X","Export","0","W00","World","0","W00","World","H0","HS","true","0702","Tomatoes; fresh or chilled","4","false","C00","TOTAL CPC","0","0","TOTAL MOT","8","kg","66970","false","-1","N/A",,"false","66970","false",,"false",,"44583","44583","0","true","false",
"C","A","19910101","1991","52","1991","218","ECU","Ecuador","X","Export","0","W00","World","0","W00","World","H0","HS","true","0703","Onions, shallots, garlic, leeks and other alliaceous vegetables; fresh or chilled","4","false","C00","TOTAL CPC","0","0","TOTAL MOT","8","kg","500","false","-1","N/A",,"false","500","false",,"false",,"1800","1800","0","true","false",
"C","A","19910101","1991","52","1991","218","ECU","Ecuador","X","Export","0","W00","World","0","W00","World","H0","HS","true","0706","Carrots, turnips, salad beetroot, salsify, celeriac, radishes and similar edible roots; fresh or chilled","4","false","C00","TOTAL CPC","0","0","TOTAL MOT","8","kg","500","false","-1","N/A",,"false","500","false",,"false",,"250","250","0","true","false",
"C","A","19910101","1991","52","1991","218","ECU","Ecuador","X","Export","0","W00","World","0","W00","World","H0","HS","true","0709","Vegetables, n.e.s. in chapter 07; fresh or chilled","4","false","C00","TOTAL CPC","0","0","TOTAL MOT","8","kg","1041463","false","-1","N/A",,"false","1041463","false",,"false",,"897330","897330","0","true","false",
"C","A","19910101","1991","52","1991","218","ECU","Ecuador","X","Export","0","W00","World","0","W00","World","H0","HS","true","0712","Vegetables, dried; whole, cut, sliced, broken or in powder, but not further prepared","4","false","C00","TOTAL CPC","0","0","TOTAL MOT","8","kg","1468323","false","-1","N/A",,"false","1468323","false",,"false",,"2282787","2282787","0","true","false",
"C","A","19910101","1991","52","1991","360","IDN","Indonesia","X","Export","0","W00","World","0","W00","World","H0","HS","true","0701","Potatoes; fresh or chilled","4","false","C00","TOTAL CPC","0","0","TOTAL MOT","8","kg","98176824","false","-1","N/A",,"false","98176824","false",,"false",,"13932075","13932075","0","true","false",
"C","A","19910101","1991","52","1991","360","IDN","Indonesia","X","Export","0","W00","World","0","W00","World","H0","HS","true","0702","Tomatoes; fresh or chilled","4","false","C00","TOTAL CPC","0","0","TOTAL MOT","8","kg","1810318","false","-1","N/A",,"false","1810318","false",,"false",,"436804","436804","0","true","false",
"C","A","19910101","1991","52","1991","360","IDN","Indonesia","X","Export","0","W00","World","0","W00","World","H0","HS","true","0703","Onions, shallots, garlic, leeks and other alliaceous vegetables; fresh or chilled","4","false","C00","TOTAL CPC","0","0","TOTAL MOT","8","kg","11525065","false","-1","N/A",,"false","11525065","false",,"false",,"2946057","2946057","0","true","false",
"C","A","19910101","1991","52","1991","360","IDN","Indonesia","X","Export","0","W00","World","0","W00","World","H0","HS","true","0704","Cabbages, cauliflowers, kohlrabi, kale and similar edible brassicas; fresh or chilled","4","false","C00","TOTAL CPC","0","0","TOTAL MOT","8","kg","29640638","false","-1","N/A",,"false","29640638","false",,"false",,"4091145","4091145","0","true","false",
"C","A","19910101","1991","52","1991","360","IDN","Indonesia","X","Export","0","W00","World","0","W00","World","H0","HS","true","0705","Lettuce (lactuca sativa) and chicory (cichorium spp.) fresh or chilled","4","false","C00","TOTAL CPC","0","0","TOTAL MOT","8","kg","15875","false","-1","N/A",,"false","15875","false",,"false",,"5539","5539","0","true","false",
"C","A","19910101","1991","52","1991","360","IDN","Indonesia","X","Export","0","W00","World","0","W00","World","H0","HS","true","0706","Carrots, turnips, salad beetroot, salsify, celeriac, radishes and similar edible roots; fresh or chilled","4","false","C00","TOTAL CPC","0","0","TOTAL MOT","8","kg","1903099","false","-1","N/A",,"false","1903099","false",,"false",,"228974","228974","0","true","false",
"C","A","19910101","1991","52","1991","360","IDN","Indonesia","X","Export","0","W00","World","0","W00","World","H0","HS","true","0707","Cucumbers and gherkins; fresh or chilled","4","false","C00","TOTAL CPC","0","0","TOTAL MOT","8","kg","37359","false","-1","N/A",,"false","37359","false",,"false",,"16496","16496","0","true","false",
"C","A","19910101","1991","52","1991","360","IDN","Indonesia","X","Export","0","W00","World","0","W00","World","H0","HS","true","0708","Leguminous vegetables; shelled or unshelled, fresh or chilled","4","false","C00","TOTAL CPC","0","0","TOTAL MOT","8","kg","1097126","false","-1","N/A",,"false","1097126","false",,"false",,"104176","104176","0","true","false",
"C","A","19910101","1991","52","1991","360","IDN","Indonesia","X","Export","0","W00","World","0","W00","World","H0","HS","true","0709","Vegetables, n.e.s. in chapter 07; fresh or chilled","4","false","C00","TOTAL CPC","0","0","TOTAL MOT","8","kg","2659508","false","-1","N/A",,"false","2659508","false",,"false",,"2097786","2097786","0","true","false",
"C","A","19910101","1991","52","1991","360","IDN","Indonesia","X","Export","0","W00","World","0","W00","World","H0","HS","true","0712","Vegetables, dried; whole, cut, sliced, broken or in powder, but not further prepared","4","false","C00","TOTAL CPC","0","0","TOTAL MOT","8","kg","717975","false","-1","N/A",,"false","717975","false",,"false",,"705763","705763","0","true","false",
"C","A","19910101","1991","52","1991","724","ESP","Spain","X","Export","0","W00","World","0","W00","World","H0","HS","true","0701","Potatoes; fresh or chilled","4","false","C00","TOTAL CPC","0","0","TOTAL MOT","8","kg","152581040","false","-1","N/A",,"false","152581040","false",,"false",,"50689124","50689124","0","true","false",
"C","A","19910101","1991","52","1991","724","ESP","Spain","X","Export","0","W00","World","0","W00","World","H0","HS","true","0702","Tomatoes; fresh or chilled","4","false","C00","TOTAL CPC","0","0","TOTAL MOT","8","kg","364172288","false","-1","N/A",,"false","364172288","false",,"false",,"289548224","289548224","0","true","false",
"C","A","19910101","1991","52","1991","724","ESP","Spain","X","Export","0","W00","World","0","W00","World","H0","HS","true","0703","Onions, shallots, garlic, leeks and other alliaceous vegetables; fresh or chilled","4","false","C00","TOTAL CPC","0","0","TOTAL MOT","8","kg","247074544","false","-1","N/A",,"false","247074544","false",,"false",,"81651512","81651512","0","true","false",
"C","A","19910101","1991","52","1991","724","ESP","Spain","X","Export","0","W00","World","0","W00","World","H0","HS","true","0704","Cabbages, cauliflowers, kohlrabi, kale and similar edible brassicas; fresh or chilled","4","false","C00","TOTAL CPC","0","0","TOTAL MOT","8","kg","70283304","false","-1","N/A",,"false","70283304","false",,"false",,"52815284","52815284","0","true","false",
"C","A","19910101","1991","52","1991","724","ESP","Spain","X","Export","0","W00","World","0","W00","World","H0","HS","true","0705","Lettuce (lactuca sativa) and chicory (cichorium spp.) fresh or chilled","4","false","C00","TOTAL CPC","0","0","TOTAL MOT","8","kg","141827056","false","-1","N/A",,"false","141827056","false",,"false",,"127979032","127979032","0","true","false",
"C","A","19910101","1991","52","1991","724","ESP","Spain","X","Export","0","W00","World","0","W00","World","H0","HS","true","0706","Carrots, turnips, salad beetroot, salsify, celeriac, radishes and similar edible roots; fresh or chilled","4","false","C00","TOTAL CPC","0","0","TOTAL MOT","8","kg","51802084","false","-1","N/A",,"false","51802084","false",,"false",,"25187152","25187152","0","true","false",
"C","A","19910101","1991","52","1991","724","ESP","Spain","X","Export","0","W00","World","0","W00","World","H0","HS","true","0707","Cucumbers and gherkins; fresh or chilled","4","false","C00","TOTAL CPC","0","0","TOTAL MOT","8","kg","144103728","false","-1","N/A",,"false","144103728","false",,"false",,"104474680","104474680","0","true","false",
"C","A","19910101","1991","52","1991","724","ESP","Spain","X","Export","0","W00","World","0","W00","World","H0","HS","true","0708","Leguminous vegetables; shelled or unshelled, fresh or chilled","4","false","C00","TOTAL CPC","0","0","TOTAL MOT","8","kg","27707464","false","-1","N/A",,"false","27707464","false",,"false",,"37854988","37854988","0","true","false",
"C","A","19910101","1991","52","1991","724","ESP","Spain","X","Export","0","W00","World","0","W00","World","H0","HS","true","0709","Vegetables, n.e.s. in chapter 07; fresh or chilled","4","false","C00","TOTAL CPC","0","0","TOTAL MOT","8","kg","409513440","false","-1","N/A",,"false","409513440","false",,"false",,"454623136","454623136","0","true","false",
"C","A","19910101","1991","52","1991","724","ESP","Spain","X","Export","0","W00","World","0","W00","World","H0","HS","true","0712","Vegetables, dried; whole, cut, sliced, broken or in powder, but not further prepared","4","false","C00","TOTAL CPC","0","0","TOTAL MOT","8","kg","18842548","false","-1","N/A",,"false","18842548","false",,"false",,"40888964","40888964","0","true","false",
"C","A","19910101","1991","52","1991","764","THA","Thailand","X","Export","0","W00","World","0","W00","World","H0","HS","true","0701","Potatoes; fresh or chilled","4","false","C00","TOTAL CPC","0","0","TOTAL MOT","8","kg","13062","false","-1","N/A",,"false","13062","false",,"false",,"15224","15224","0","true","false",
"C","A","19910101","1991","52","1991","764","THA","Thailand","X","Export","0","W00","World","0","W00","World","H0","HS","true","0702","Tomatoes; fresh or chilled","4","false","C00","TOTAL CPC","0","0","TOTAL MOT","8","kg","1042898","false","-1","N/A",,"false","1042898","false",,"false",,"130369","130369","0","true","false",
"C","A","19910101","1991","52","1991","764","THA","Thailand","X","Export","0","W00","World","0","W00","World","H0","HS","true","0703","Onions, shallots, garlic, leeks and other alliaceous vegetables; fresh or chilled","4","false","C00","TOTAL CPC","0","0","TOTAL MOT","8","kg","16347106","false","-1","N/A",,"false","16347106","false",,"false",,"4937634","4937634","0","true","false",
"C","A","19910101","1991","52","1991","764","THA","Thailand","X","Export","0","W00","World","0","W00","World","H0","HS","true","0704","Cabbages, cauliflowers, kohlrabi, kale and similar edible brassicas; fresh or chilled","4","false","C00","TOTAL CPC","0","0","TOTAL MOT","8","kg","161239","false","-1","N/A",,"false","161239","false",,"false",,"51915","51915","0","true","false",
"C","A","19910101","1991","52","1991","764","THA","Thailand","X","Export","0","W00","World","0","W00","World","H0","HS","true","0705","Lettuce (lactuca sativa) and chicory (cichorium spp.) fresh or chilled","4","false","C00","TOTAL CPC","0","0","TOTAL MOT","8","kg","54026","false","-1","N/A",,"false","54026","false",,"false",,"53008","53008","0","true","false",
"C","A","19910101","1991","52","1991","764","THA","Thailand","X","Export","0","W00","World","0","W00","World","H0","HS","true","0706","Carrots, turnips, salad beetroot, salsify, celeriac, radishes and similar edible roots; fresh or chilled","4","false","C00","TOTAL CPC","0","0","TOTAL MOT","8","kg","114693","false","-1","N/A",,"false","114693","false",,"false",,"1212513","1212513","0","true","false",
"C","A","19910101","1991","52","1991","764","THA","Thailand","X","Export","0","W00","World","0","W00","World","H0","HS","true","0707","Cucumbers and gherkins; fresh or chilled","4","false","C00","TOTAL CPC","0","0","TOTAL MOT","8","kg","56","false","-1","N/A",,"false","56","false",,"false",,"450","450","0","true","false",
"C","A","19910101","1991","52","1991","764","THA","Thailand","X","Export","0","W00","World","0","W00","World","H0","HS","true","0708","Leguminous vegetables; shelled or unshelled, fresh or chilled","4","false","C00","TOTAL CPC","0","0","TOTAL MOT","8","kg","33756","false","-1","N/A",,"false","33756","false",,"false",,"46053","46053","0","true","false",
"C","A","19910101","1991","52","1991","764","THA","Thailand","X","Export","0","W00","World","0","W00","World","H0","HS","true","0709","Vegetables, n.e.s. in chapter 07; fresh or chilled","4","false","C00","TOTAL CPC","0","0","TOTAL MOT","8","kg","17781038","false","-1","N/A",,"false","17781038","false",,"false",,"17359927","17359927","0","true","false",
"C","A","19910101","1991","52","1991","764","THA","Thailand","X","Export","0","W00","World","0","W00","World","H0","HS","true","0712","Vegetables, dried; whole, cut, sliced, broken or in powder, but not further prepared","4","false","C00","TOTAL CPC","0","0","TOTAL MOT","8","kg","2627052","false","-1","N/A",,"false","2627052","false",,"false",,"3545897","3545897","0","true","false",
"C","A","19910101","1991","52","1991","792","TUR","Türkiye","X","Export","0","W00","World","0","W00","World","H0","HS","true","0701","Potatoes; fresh or chilled","4","false","C00","TOTAL CPC","0","0","TOTAL MOT","8","kg","219540811","false","-1","N/A",,"false","219540811","false",,"false",,"42900400","42900400","0","true","false",
"C","A","19910101","1991","52","1991","792","TUR","Türkiye","X","Export","0","W00","World","0","W00","World","H0","HS","true","0702","Tomatoes; fresh or chilled","4","false","C00","TOTAL CPC","0","0","TOTAL MOT","8","kg","106649541","false","-1","N/A",,"false","106649541","false",,"false",,"29279308","29279308","0","true","false",
"C","A","19910101","1991","52","1991","792","TUR","Türkiye","X","Export","0","W00","World","0","W00","World","H0","HS","true","0703","Onions, shallots, garlic, leeks and other alliaceous vegetables; fresh or chilled","4","false","C00","TOTAL CPC","0","0","TOTAL MOT","8","kg","215162744","false","-1","N/A",,"false","215162744","false",,"false",,"39041822","39041822","0","true","false",
"C","A","19910101","1991","52","1991","792","TUR","Türkiye","X","Export","0","W00","World","0","W00","World","H0","HS","true","0704","Cabbages, cauliflowers, kohlrabi, kale and similar edible brassicas; fresh or chilled","4","false","C00","TOTAL CPC","0","0","TOTAL MOT","8","kg","1988336","false","-1","N/A",,"false","1988336","false",,"false",,"566978","566978","0","true","false",
"C","A","19910101","1991","52","1991","792","TUR","Türkiye","X","Export","0","W00","World","0","W00","World","H0","HS","true","0705","Lettuce (lactuca sativa) and chicory (cichorium spp.) fresh or chilled","4","false","C00","TOTAL CPC","0","0","TOTAL MOT","8","kg","152153","false","-1","N/A",,"false","152153","false",,"false",,"109335","109335","0","true","false",
"C","A","19910101","1991","52","1991","792","TUR","Türkiye","X","Export","0","W00","World","0","W00","World","H0","HS","true","0706","Carrots, turnips, salad beetroot, salsify, celeriac, radishes and similar edible roots; fresh or chilled","4","false","C00","TOTAL CPC","0","0","TOTAL MOT","8","kg","1966497","false","-1","N/A",,"false","1966497","false",,"false",,"368410","368410","0","true","false",
"C","A","19910101","1991","52","1991","792","TUR","Türkiye","X","Export","0","W00","World","0","W00","World","H0","HS","true","0707","Cucumbers and gherkins; fresh or chilled","4","false","C00","TOTAL CPC","0","0","TOTAL MOT","8","kg","23004442","false","-1","N/A",,"false","23004442","false",,"false",,"13288794","13288794","0","true","false",
"C","A","19910101","1991","52","1991","792","TUR","Türkiye","X","Export","0","W00","World","0","W00","World","H0","HS","true","0708","Leguminous vegetables; shelled or unshelled, fresh or chilled","4","false","C00","TOTAL CPC","0","0","TOTAL MOT","8","kg","1415819","false","-1","N/A",,"false","1415819","false",,"false",,"960250","960250","0","true","false",
"C","A","19910101","1991","52","1991","792","TUR","Türkiye","X","Export","0","W00","World","0","W00","World","H0","HS","true","0709","Vegetables, n.e.s. in chapter 07; fresh or chilled","4","false","C00","TOTAL CPC","0","0","TOTAL MOT","8","kg","25532528","false","-1","N/A",,"false","25532528","false",,"false",,"22806613","22806613","0","true","false",
"C","A","19910101","1991","52","1991","792","TUR","Türkiye","X","Export","0","W00","World","0","W00","World","H0","HS","true","0712","Vegetables, dried; whole, cut, sliced, broken or in powder, but not further prepared","4","false","C00","TOTAL CPC","0","0","TOTAL MOT","8","kg","1511642","false","-1","N/A",,"false","1511642","false",,"false",,"12570485","12570485","0","true","false",
"C","A","19920101","1992","52","1992","68","BOL","Bolivia (Plurinational State of)","X","Export","0","W00","World","0","W00","World","H0","HS","true","0703","Onions, shallots, garlic, leeks and other alliaceous vegetables; fresh or chilled","4","false","C00","TOTAL CPC","0","0","TOTAL MOT","8","kg","58843","false","-1","N/A",,"false","58843","false",,"false",,"46623","46623","0","true","false",
"C","A","19920101","1992","52","1992","68","BOL","Bolivia (Plurinational State of)","X","Export","0","W00","World","0","W00","World","H0","HS","true","0708","Leguminous vegetables; shelled or unshelled, fresh or chilled","4","false","C00","TOTAL CPC","0","0","TOTAL MOT","8","kg","2300687","false","-1","N/A",,"false","2300687","false",,"false",,"745526","745526","0","true","false",
"C","A","19920101","1992","52","1992","68","BOL","Bolivia (Plurinational State of)","X","Export","0","W00","World","0","W00","World","H0","HS","true","0709","Vegetables, n.e.s. in chapter 07; fresh or chilled","4","false","C00","TOTAL CPC","0","0","TOTAL MOT","8","kg","113","false","-1","N/A",,"false","113","false",,"false",,"86","86","0","true","false",
"C","A","19920101","1992","52","1992","68","BOL","Bolivia (Plurinational State of)","X","Export","0","W00","World","0","W00","World","H0","HS","true","0712","Vegetables, dried; whole, cut, sliced, broken or in powder, but not further prepared","4","false","C00","TOTAL CPC","0","0","TOTAL MOT","8","kg","4866","false","-1","N/A",,"false","4866","false",,"false",,"7569","7569","0","true","false",
"C","A","19920101","1992","52","1992","218","ECU","Ecuador","X","Export","0","W00","World","0","W00","World","H0","HS","true","0702","Tomatoes; fresh or chilled","4","false","C00","TOTAL CPC","0","0","TOTAL MOT","8","kg","5378","false","-1","N/A",,"false","5378","false",,"false",,"1544","1544","0","true","false",
"C","A","19920101","1992","52","1992","218","ECU","Ecuador","X","Export","0","W00","World","0","W00","World","H0","HS","true","0703","Onions, shallots, garlic, leeks and other alliaceous vegetables; fresh or chilled","4","false","C00","TOTAL CPC","0","0","TOTAL MOT","8","kg","81010","false","-1","N/A",,"false","81010","false",,"false",,"12275","12275","0","true","false",
"C","A","19920101","1992","52","1992","218","ECU","Ecuador","X","Export","0","W00","World","0","W00","World","H0","HS","true","0704","Cabbages, cauliflowers, kohlrabi, kale and similar edible brassicas; fresh or chilled","4","false","C00","TOTAL CPC","0","0","TOTAL MOT","8","kg","994784","false","-1","N/A",,"false","994784","false",,"false",,"799549","799549","0","true","false",
"C","A","19920101","1992","52","1992","218","ECU","Ecuador","X","Export","0","W00","World","0","W00","World","H0","HS","true","0705","Lettuce (lactuca sativa) and chicory (cichorium spp.) fresh or chilled","4","false","C00","TOTAL CPC","0","0","TOTAL MOT","8","kg","328","false","-1","N/A",,"false","328","false",,"false",,"419","419","0","true","false",
"C","A","19920101","1992","52","1992","218","ECU","Ecuador","X","Export","0","W00","World","0","W00","World","H0","HS","true","0707","Cucumbers and gherkins; fresh or chilled","4","false","C00","TOTAL CPC","0","0","TOTAL MOT","8","kg","6937","false","-1","N/A",,"false","6937","false",,"false",,"4883","4883","0","true","false",
"C","A","19920101","1992","52","1992","218","ECU","Ecuador","X","Export","0","W00","World","0","W00","World","H0","HS","true","0708","Leguminous vegetables; shelled or unshelled, fresh or chilled","4","false","C00","TOTAL CPC","0","0","TOTAL MOT","8","kg","27499","false","-1","N/A",,"false","27499","false",,"false",,"45096","45096","0","true","false",
"C","A","19920101","1992","52","1992","218","ECU","Ecuador","X","Export","0","W00","World","0","W00","World","H0","HS","true","0709","Vegetables, n.e.s. in chapter 07; fresh or chilled","4","false","C00","TOTAL CPC","0","0","TOTAL MOT","8","kg","500951","false","-1","N/A",,"false","500951","false",,"false",,"515629","515629","0","true","false",
"C","A","19920101","1992","52","1992","218","ECU","Ecuador","X","Export","0","W00","World","0","W00","World","H0","HS","true","0712","Vegetables, dried; whole, cut, sliced, broken or in powder, but not further prepared","4","false","C00","TOTAL CPC","0","0","TOTAL MOT","8","kg","98934","false","-1","N/A",,"false","98934","false",,"false",,"81648","81648","0","true","false",
"C","A","19920101","1992","52","1992","360","IDN","Indonesia","X","Export","0","W00","World","0","W00","World","H0","HS","true","0701","Potatoes; fresh or chilled","4","false","C00","TOTAL CPC","0","0","TOTAL MOT","8","kg","96498584","false","-1","N/A",,"false","96498584","false",,"false",,"15565588","15565588","0","true","false",
"C","A","19920101","1992","52","1992","404","KEN","Kenya","X","Export","0","W00","World","0","W00","World","H0","HS","true","0701","Potatoes; fresh or chilled","4","false","C00","TOTAL CPC","0","0","TOTAL MOT","8","kg","146250","false","-1","N/A",,"false","146250","false",,"false",,"54241","54241","0","true","false",
"C","A","19920101","1992","52","1992","360","IDN","Indonesia","X","Export","0","W00","World","0","W00","World","H0","HS","true","0702","Tomatoes; fresh or chilled","4","false","C00","TOTAL CPC","0","0","TOTAL MOT","8","kg","2666302","false","-1","N/A",,"false","2666302","false",,"false",,"712260","712260","0","true","false",
"C","A","19920101","1992","52","1992","404","KEN","Kenya","X","Export","0","W00","World","0","W00","World","H0","HS","true","0702","Tomatoes; fresh or chilled","4","false","C00","TOTAL CPC","0","0","TOTAL MOT","8","kg","71699","false","-1","N/A",,"false","71699","false",,"false",,"53016","53016","0","true","false",
"C","A","19920101","1992","52","1992","360","IDN","Indonesia","X","Export","0","W00","World","0","W00","World","H0","HS","true","0703","Onions, shallots, garlic, leeks and other alliaceous vegetables; fresh or chilled","4","false","C00","TOTAL CPC","0","0","TOTAL MOT","8","kg","10415918","false","-1","N/A",,"false","10415918","false",,"false",,"2791218","2791218","0","true","false",
"C","A","19920101","1992","52","1992","404","KEN","Kenya","X","Export","0","W00","World","0","W00","World","H0","HS","true","0703","Onions, shallots, garlic, leeks and other alliaceous vegetables; fresh or chilled","4","false","C00","TOTAL CPC","0","0","TOTAL MOT","8","kg","145880","false","-1","N/A",,"false","145880","false",,"false",,"121881","121881","0","true","false",
"C","A","19920101","1992","52","1992","360","IDN","Indonesia","X","Export","0","W00","World","0","W00","World","H0","HS","true","0704","Cabbages, cauliflowers, kohlrabi, kale and similar edible brassicas; fresh or chilled","4","false","C00","TOTAL CPC","0","0","TOTAL MOT","8","kg","57909516","false","-1","N/A",,"false","57909516","false",,"false",,"7399196","7399196","0","true","false",
"C","A","19920101","1992","52","1992","404","KEN","Kenya","X","Export","0","W00","World","0","W00","World","H0","HS","true","0704","Cabbages, cauliflowers, kohlrabi, kale and similar edible brassicas; fresh or chilled","4","false","C00","TOTAL CPC","0","0","TOTAL MOT","8","kg","110686","false","-1","N/A",,"false","110686","false",,"false",,"76887","76887","0","true","false",
"C","A","19920101","1992","52","1992","360","IDN","Indonesia","X","Export","0","W00","World","0","W00","World","H0","HS","true","0705","Lettuce (lactuca sativa) and chicory (cichorium spp.) fresh or chilled","4","false","C00","TOTAL CPC","0","0","TOTAL MOT","8","kg","41226","false","-1","N/A",,"false","41226","false",,"false",,"37583","37583","0","true","false",
"C","A","19920101","1992","52","1992","404","KEN","Kenya","X","Export","0","W00","World","0","W00","World","H0","HS","true","0705","Lettuce (lactuca sativa) and chicory (cichorium spp.) fresh or chilled","4","false","C00","TOTAL CPC","0","0","TOTAL MOT","8","kg","40276","false","-1","N/A",,"false","40276","false",,"false",,"27065","27065","0","true","false",
"C","A","19920101","1992","52","1992","360","IDN","Indonesia","X","Export","0","W00","World","0","W00","World","H0","HS","true","0706","Carrots, turnips, salad beetroot, salsify, celeriac, radishes and similar edible roots; fresh or chilled","4","false","C00","TOTAL CPC","0","0","TOTAL MOT","8","kg","1670159","false","-1","N/A",,"false","1670159","false",,"false",,"226392","226392","0","true","false",
"C","A","19920101","1992","52","1992","404","KEN","Kenya","X","Export","0","W00","World","0","W00","World","H0","HS","true","0706","Carrots, turnips, salad beetroot, salsify, celeriac, radishes and similar edible roots; fresh or chilled","4","false","C00","TOTAL CPC","0","0","TOTAL MOT","8","kg","29665","false","-1","N/A",,"false","29665","false",,"false",,"19500","19500","0","true","false",
"C","A","19920101","1992","52","1992","360","IDN","Indonesia","X","Export","0","W00","World","0","W00","World","H0","HS","true","0707","Cucumbers and gherkins; fresh or chilled","4","false","C00","TOTAL CPC","0","0","TOTAL MOT","8","kg","226","false","-1","N/A",,"false","226","false",,"false",,"388","388","0","true","false",
"C","A","19920101","1992","52","1992","404","KEN","Kenya","X","Export","0","W00","World","0","W00","World","H0","HS","true","0707","Cucumbers and gherkins; fresh or chilled","4","false","C00","TOTAL CPC","0","0","TOTAL MOT","8","kg","14467","false","-1","N/A",,"false","14467","false",,"false",,"8605","8605","0","true","false",
"C","A","19920101","1992","52","1992","360","IDN","Indonesia","X","Export","0","W00","World","0","W00","World","H0","HS","true","0708","Leguminous vegetables; shelled or unshelled, fresh or chilled","4","false","C00","TOTAL CPC","0","0","TOTAL MOT","8","kg","974777","false","-1","N/A",,"false","974777","false",,"false",,"140473","140473","0","true","false",
"C","A","19920101","1992","52","1992","404","KEN","Kenya","X","Export","0","W00","World","0","W00","World","H0","HS","true","0708","Leguminous vegetables; shelled or unshelled, fresh or chilled","4","false","C00","TOTAL CPC","0","0","TOTAL MOT","-1","N/A","0","false","-1","N/A",,"false",,"false",,"false",,"15387388","15387388","0","true","false",
"C","A","19920101","1992","52","1992","360","IDN","Indonesia","X","Export","0","W00","World","0","W00","World","H0","HS","true","0709","Vegetables, n.e.s. in chapter 07; fresh or chilled","4","false","C00","TOTAL CPC","0","0","TOTAL MOT","8","kg","5464302","false","-1","N/A",,"false","5464302","false",,"false",,"6018754","6018754","0","true","false",
"C","A","19920101","1992","52","1992","404","KEN","Kenya","X","Export","0","W00","World","0","W00","World","H0","HS","true","0709","Vegetables, n.e.s. in chapter 07; fresh or chilled","4","false","C00","TOTAL CPC","0","0","TOTAL MOT","-1","N/A","0","false","-1","N/A",,"false",,"false",,"false",,"10435272","10435272","0","true","false",
"C","A","19920101","1992","52","1992","360","IDN","Indonesia","X","Export","0","W00","World","0","W00","World","H0","HS","true","0712","Vegetables, dried; whole, cut, sliced, broken or in powder, but not further prepared","4","false","C00","TOTAL CPC","0","0","TOTAL MOT","8","kg","1235716","false","-1","N/A",,"false","1235716","false",,"false",,"627153","627153","0","true","false",
"C","A","19920101","1992","52","1992","404","KEN","Kenya","X","Export","0","W00","World","0","W00","World","H0","HS","true","0712","Vegetables, dried; whole, cut, sliced, broken or in powder, but not further prepared","4","false","C00","TOTAL CPC","0","0","TOTAL MOT","8","kg","49031","false","-1","N/A",,"false","49031","false",,"false",,"103771","103771","0","true","false",
"C","A","19920101","1992","52","1992","724","ESP","Spain","X","Export","0","W00","World","0","W00","World","H0","HS","true","0701","Potatoes; fresh or chilled","4","false","C00","TOTAL CPC","0","0","TOTAL MOT","8","kg","143427232","false","-1","N/A",,"false","143427232","false",,"false",,"44091848","44091848","0","true","false",
"C","A","19920101","1992","52","1992","724","ESP","Spain","X","Export","0","W00","World","0","W00","World","H0","HS","true","0702","Tomatoes; fresh or chilled","4","false","C00","TOTAL CPC","0","0","TOTAL MOT","8","kg","464108096","false","-1","N/A",,"false","464108096","false",,"false",,"371903264","371903264","0","true","false",
"C","A","19920101","1992","52","1992","724","ESP","Spain","X","Export","0","W00","World","0","W00","World","H0","HS","true","0703","Onions, shallots, garlic, leeks and other alliaceous vegetables; fresh or chilled","4","false","C00","TOTAL CPC","0","0","TOTAL MOT","8","kg","205186784","false","-1","N/A",,"false","205186784","false",,"false",,"72440304","72440304","0","true","false",
"C","A","19920101","1992","52","1992","724","ESP","Spain","X","Export","0","W00","World","0","W00","World","H0","HS","true","0704","Cabbages, cauliflowers, kohlrabi, kale and similar edible brassicas; fresh or chilled","4","false","C00","TOTAL CPC","0","0","TOTAL MOT","8","kg","87271728","false","-1","N/A",,"false","87271728","false",,"false",,"68480208","68480208","0","true","false",
"C","A","19920101","1992","52","1992","724","ESP","Spain","X","Export","0","W00","World","0","W00","World","H0","HS","true","0705","Lettuce (lactuca sativa) and chicory (cichorium spp.) fresh or chilled","4","false","C00","TOTAL CPC","0","0","TOTAL MOT","8","kg","178951712","false","-1","N/A",,"false","178951712","false",,"false",,"162159616","162159616","0","true","false",
"C","A","19920101","1992","52","1992","724","ESP","Spain","X","Export","0","W00","World","0","W00","World","H0","HS","true","0706","Carrots, turnips, salad beetroot, salsify, celeriac, radishes and similar edible roots; fresh or chilled","4","false","C00","TOTAL CPC","0","0","TOTAL MOT","8","kg","41017056","false","-1","N/A",,"false","41017056","false",,"false",,"19321090","19321090","0","true","false",
"C","A","19920101","1992","52","1992","724","ESP","Spain","X","Export","0","W00","World","0","W00","World","H0","HS","true","0707","Cucumbers and gherkins; fresh or chilled","4","false","C00","TOTAL CPC","0","0","TOTAL MOT","8","kg","147418048","false","-1","N/A",,"false","147418048","false",,"false",,"109632952","109632952","0","true","false",
"C","A","19920101","1992","52","1992","724","ESP","Spain","X","Export","0","W00","World","0","W00","World","H0","HS","true","0708","Leguminous vegetables; shelled or unshelled, fresh or chilled","4","false","C00","TOTAL CPC","0","0","TOTAL MOT","8","kg","28865534","false","-1","N/A",,"false","28865534","false",,"false",,"43323748","43323748","0","true","false",
"C","A","19920101","1992","52","1992","724","ESP","Spain","X","Export","0","W00","World","0","W00","World","H0","HS","true","0709","Vegetables, n.e.s. in chapter 07; fresh or chilled","4","false","C00","TOTAL CPC","0","0","TOTAL MOT","8","kg","465626656","false","-1","N/A",,"false","465626656","false",,"false",,"523954368","523954368","0","true","false",
"C","A","19920101","1992","52","1992","724","ESP","Spain","X","Export","0","W00","World","0","W00","World","H0","HS","true","0712","Vegetables, dried; whole, cut, sliced, broken or in powder, but not further prepared","4","false","C00","TOTAL CPC","0","0","TOTAL MOT","8","kg","16509555","false","-1","N/A",,"false","16509555","false",,"false",,"36949400","36949400","0","true","false",
"C","A","19920101","1992","52","1992","764","THA","Thailand","X","Export","0","W00","World","0","W00","World","H0","HS","true","0701","Potatoes; fresh or chilled","4","false","C00","TOTAL CPC","0","0","TOTAL MOT","8","kg","23430","false","-1","N/A",,"false","23430","false",,"false",,"31139","31139","0","true","false",
"C","A","19920101","1992","52","1992","764","THA","Thailand","X","Export","0","W00","World","0","W00","World","H0","HS","true","0702","Tomatoes; fresh or chilled","4","false","C00","TOTAL CPC","0","0","TOTAL MOT","8","kg","3001097","false","-1","N/A",,"false","3001097","false",,"false",,"407495","407495","0","true","false",
"C","A","19920101","1992","52","1992","764","THA","Thailand","X","Export","0","W00","World","0","W00","World","H0","HS","true","0703","Onions, shallots, garlic, leeks and other alliaceous vegetables; fresh or chilled","4","false","C00","TOTAL CPC","0","0","TOTAL MOT","8","kg","19463469","false","-1","N/A",,"false","19463469","false",,"false",,"5923846","5923846","0","true","false",
"C","A","19920101","1992","52","1992","764","THA","Thailand","X","Export","0","W00","World","0","W00","World","H0","HS","true","0704","Cabbages, cauliflowers, kohlrabi, kale and similar edible brassicas; fresh or chilled","4","false","C00","TOTAL CPC","0","0","TOTAL MOT","8","kg","115821","false","-1","N/A",,"false","115821","false",,"false",,"70481","70481","0","true","false",
"C","A","19920101","1992","52","1992","764","THA","Thailand","X","Export","0","W00","World","0","W00","World","H0","HS","true","0705","Lettuce (lactuca sativa) and chicory (cichorium spp.) fresh or chilled","4","false","C00","TOTAL CPC","0","0","TOTAL MOT","8","kg","34314","false","-1","N/A",,"false","34314","false",,"false",,"9811","9811","0","true","false",
"C","A","19920101","1992","52","1992","764","THA","Thailand","X","Export","0","W00","World","0","W00","World","H0","HS","true","0706","Carrots, turnips, salad beetroot, salsify, celeriac, radishes and similar edible roots; fresh or chilled","4","false","C00","TOTAL CPC","0","0","TOTAL MOT","8","kg","807031","false","-1","N/A",,"false","807031","false",,"false",,"6146341","6146341","0","true","false",
"C","A","19920101","1992","52","1992","764","THA","Thailand","X","Export","0","W00","World","0","W00","World","H0","HS","true","0707","Cucumbers and gherkins; fresh or chilled","4","false","C00","TOTAL CPC","0","0","TOTAL MOT","8","kg","4514","false","-1","N/A",,"false","4514","false",,"false",,"4304","4304","0","true","false",
"C","A","19920101","1992","52","1992","764","THA","Thailand","X","Export","0","W00","World","0","W00","World","H0","HS","true","0708","Leguminous vegetables; shelled or unshelled, fresh or chilled","4","false","C00","TOTAL CPC","0","0","TOTAL MOT","8","kg","340720","false","-1","N/A",,"false","340720","false",,"false",,"527467","527467","0","true","false",
"C","A","19920101","1992","52","1992","764","THA","Thailand","X","Export","0","W00","World","0","W00","World","H0","HS","true","0709","Vegetables, n.e.s. in chapter 07; fresh or chilled","4","false","C00","TOTAL CPC","0","0","TOTAL MOT","8","kg","19294019","false","-1","N/A",,"false","19294019","false",,"false",,"17490086","17490086","0","true","false",
"C","A","19920101","1992","52","1992","764","THA","Thailand","X","Export","0","W00","World","0","W00","World","H0","HS","true","0712","Vegetables, dried; whole, cut, sliced, broken or in powder, but not further prepared","4","false","C00","TOTAL CPC","0","0","TOTAL MOT","8","kg","3615212","false","-1","N/A",,"false","3615212","false",,"false",,"4266051","4266051","0","true","false",
"C","A","19920101","1992","52","1992","792","TUR","Türkiye","X","Export","0","W00","World","0","W00","World","H0","HS","true","0701","Potatoes; fresh or chilled","4","false","C00","TOTAL CPC","0","0","TOTAL MOT","8","kg","373968004","false","-1","N/A",,"false","373968004","false",,"false",,"51046801","51046801","0","true","false",
"C","A","19920101","1992","52","1992","792","TUR","Türkiye","X","Export","0","W00","World","0","W00","World","H0","HS","true","0702","Tomatoes; fresh or chilled","4","false","C00","TOTAL CPC","0","0","TOTAL MOT","8","kg","45064385","false","-1","N/A",,"false","45064385","false",,"false",,"12428959","12428959","0","true","false",
"C","A","19920101","1992","52","1992","792","TUR","Türkiye","X","Export","0","W00","World","0","W00","World","H0","HS","true","0703","Onions, shallots, garlic, leeks and other alliaceous vegetables; fresh or chilled","4","false","C00","TOTAL CPC","0","0","TOTAL MOT","8","kg","215276128","false","-1","N/A",,"false","215276128","false",,"false",,"28632200","28632200","0","true","false",
"C","A","19920101","1992","52","1992","792","TUR","Türkiye","X","Export","0","W00","World","0","W00","World","H0","HS","true","0704","Cabbages, cauliflowers, kohlrabi, kale and similar edible brassicas; fresh or chilled","4","false","C00","TOTAL CPC","0","0","TOTAL MOT","8","kg","1424916","false","-1","N/A",,"false","1424916","false",,"false",,"624919","624919","0","true","false",
"C","A","19920101","1992","52","1992","792","TUR","Türkiye","X","Export","0","W00","World","0","W00","World","H0","HS","true","0705","Lettuce (lactuca sativa) and chicory (cichorium spp.) fresh or chilled","4","false","C00","TOTAL CPC","0","0","TOTAL MOT","8","kg","40436","false","-1","N/A",,"false","40436","false",,"false",,"13578","13578","0","true","false",
"C","A","19920101","1992","52","1992","792","TUR","Türkiye","X","Export","0","W00","World","0","W00","World","H0","HS","true","0706","Carrots, turnips, salad beetroot, salsify, celeriac, radishes and similar edible roots; fresh or chilled","4","false","C00","TOTAL CPC","0","0","TOTAL MOT","8","kg","4984640","false","-1","N/A",,"false","4984640","false",,"false",,"826317","826317","0","true","false",
"C","A","19920101","1992","52","1992","792","TUR","Türkiye","X","Export","0","W00","World","0","W00","World","H0","HS","true","0707","Cucumbers and gherkins; fresh or chilled","4","false","C00","TOTAL CPC","0","0","TOTAL MOT","8","kg","9930897","false","-1","N/A",,"false","9930897","false",,"false",,"6702008","6702008","0","true","false",
"C","A","19920101","1992","52","1992","792","TUR","Türkiye","X","Export","0","W00","World","0","W00","World","H0","HS","true","0708","Leguminous vegetables; shelled or unshelled, fresh or chilled","4","false","C00","TOTAL CPC","0","0","TOTAL MOT","8","kg","945097","false","-1","N/A",,"false","945097","false",,"false",,"789546","789546","0","true","false",
"C","A","19920101","1992","52","1992","792","TUR","Türkiye","X","Export","0","W00","World","0","W00","World","H0","HS","true","0709","Vegetables, n.e.s. in chapter 07; fresh or chilled","4","false","C00","TOTAL CPC","0","0","TOTAL MOT","8","kg","27991310","false","-1","N/A",,"false","27991310","false",,"false",,"27386715","27386715","0","true","false",
"C","A","19920101","1992","52","1992","792","TUR","Türkiye","X","Export","0","W00","World","0","W00","World","H0","HS","true","0712","Vegetables, dried; whole, cut, sliced, broken or in powder, but not further prepared","4","false","C00","TOTAL CPC","0","0","TOTAL MOT","8","kg","2248923","false","-1","N/A",,"false","2248923","false",,"false",,"11978044","11978044","0","true","false",
"C","A","19930101","1993","52","1993","32","ARG","Argentina","X","Export","0","W00","World","0","W00","World","H0","HS","true","0701","Potatoes; fresh or chilled","4","false","C00","TOTAL CPC","0","0","TOTAL MOT","8","kg","10313415","false","-1","N/A",,"false","10313415","false",,"false",,"1778662","1778662","0","true","false",
"C","A","19930101","1993","52","1993","32","ARG","Argentina","X","Export","0","W00","World","0","W00","World","H0","HS","true","0703","Onions, shallots, garlic, leeks and other alliaceous vegetables; fresh or chilled","4","false","C00","TOTAL CPC","0","0","TOTAL MOT","8","kg","140168064","false","-1","N/A",,"false","140168064","false",,"false",,"82767824","82767824","0","true","false",
"C","A","19930101","1993","52","1993","68","BOL","Bolivia (Plurinational State of)","X","Export","0","W00","World","0","W00","World","H0","HS","true","0703","Onions, shallots, garlic, leeks and other alliaceous vegetables; fresh or chilled","4","false","C00","TOTAL CPC","0","0","TOTAL MOT","8","kg","254402","false","-1","N/A",,"false","254402","false",,"false",,"53905","53905","0","true","false",
"C","A","19930101","1993","52","1993","32","ARG","Argentina","X","Export","0","W00","World","0","W00","World","H0","HS","true","0708","Leguminous vegetables; shelled or unshelled, fresh or chilled","4","false","C00","TOTAL CPC","0","0","TOTAL MOT","8","kg","469502","false","-1","N/A",,"false","469502","false",,"false",,"255606","255606","0","true","false",
"C","A","19930101","1993","52","1993","68","BOL","Bolivia (Plurinational State of)","X","Export","0","W00","World","0","W00","World","H0","HS","true","0708","Leguminous vegetables; shelled or unshelled, fresh or chilled","4","false","C00","TOTAL CPC","0","0","TOTAL MOT","8","kg","228875","false","-1","N/A",,"false","228875","false",,"false",,"110951","110951","0","true","false",
"C","A","19930101","1993","52","1993","32","ARG","Argentina","X","Export","0","W00","World","0","W00","World","H0","HS","true","0709","Vegetables, n.e.s. in chapter 07; fresh or chilled","4","false","C00","TOTAL CPC","0","0","TOTAL MOT","8","kg","857948","false","-1","N/A",,"false","857948","false",,"false",,"1175515","1175515","0","true","false",
"C","A","19930101","1993","52","1993","68","BOL","Bolivia (Plurinational State of)","X","Export","0","W00","World","0","W00","World","H0","HS","true","0709","Vegetables, n.e.s. in chapter 07; fresh or chilled","4","false","C00","TOTAL CPC","0","0","TOTAL MOT","8","kg","77935","false","-1","N/A",,"false","77935","false",,"false",,"13796","13796","0","true","false",
"C","A","19930101","1993","52","1993","32","ARG","Argentina","X","Export","0","W00","World","0","W00","World","H0","HS","true","0712","Vegetables, dried; whole, cut, sliced, broken or in powder, but not further prepared","4","false","C00","TOTAL CPC","0","0","TOTAL MOT","8","kg","1315602","false","-1","N/A",,"false","1315602","false",,"false",,"4684220","4684220","0","true","false",
"C","A","19930101","1993","52","1993","68","BOL","Bolivia (Plurinational State of)","X","Export","0","W00","World","0","W00","World","H0","HS","true","0712","Vegetables, dried; whole, cut, sliced, broken or in powder, but not further prepared","4","false","C00","TOTAL CPC","0","0","TOTAL MOT","8","kg","10636","false","-1","N/A",,"false","10636","false",,"false",,"12562","12562","0","true","false",
"C","A","19930101","1993","52","1993","218","ECU","Ecuador","X","Export","0","W00","World","0","W00","World","H0","HS","true","0701","Potatoes; fresh or chilled","4","false","C00","TOTAL CPC","0","0","TOTAL MOT","8","kg","1269566","false","-1","N/A",,"false","1269566","false",,"false",,"24341","24341","0","true","false",
"C","A","19930101","1993","52","1993","218","ECU","Ecuador","X","Export","0","W00","World","0","W00","World","H0","HS","true","0702","Tomatoes; fresh or chilled","4","false","C00","TOTAL CPC","0","0","TOTAL MOT","8","kg","35979","false","-1","N/A",,"false","35979","false",,"false",,"6545","6545","0","true","false",
"C","A","19930101","1993","52","1993","218","ECU","Ecuador","X","Export","0","W00","World","0","W00","World","H0","HS","true","0703","Onions, shallots, garlic, leeks and other alliaceous vegetables; fresh or chilled","4","false","C00","TOTAL CPC","0","0","TOTAL MOT","8","kg","200041","false","-1","N/A",,"false","200041","false",,"false",,"6593","6593","0","true","false",
"C","A","19930101","1993","52","1993","218","ECU","Ecuador","X","Export","0","W00","World","0","W00","World","H0","HS","true","0704","Cabbages, cauliflowers, kohlrabi, kale and similar edible brassicas; fresh or chilled","4","false","C00","TOTAL CPC","0","0","TOTAL MOT","8","kg","1130223","false","-1","N/A",,"false","1130223","false",,"false",,"888564","888564","0","true","false",
"C","A","19930101","1993","52","1993","218","ECU","Ecuador","X","Export","0","W00","World","0","W00","World","H0","HS","true","0705","Lettuce (lactuca sativa) and chicory (cichorium spp.) fresh or chilled","4","false","C00","TOTAL CPC","0","0","TOTAL MOT","8","kg","11335","false","-1","N/A",,"false","11335","false",,"false",,"17103","17103","0","true","false",
"C","A","19930101","1993","52","1993","218","ECU","Ecuador","X","Export","0","W00","World","0","W00","World","H0","HS","true","0706","Carrots, turnips, salad beetroot, salsify, celeriac, radishes and similar edible roots; fresh or chilled","4","false","C00","TOTAL CPC","0","0","TOTAL MOT","8","kg","55","false","-1","N/A",,"false","55","false",,"false",,"31","31","0","true","false",
"C","A","19930101","1993","52","1993","218","ECU","Ecuador","X","Export","0","W00","World","0","W00","World","H0","HS","true","0707","Cucumbers and gherkins; fresh or chilled","4","false","C00","TOTAL CPC","0","0","TOTAL MOT","8","kg","51357","false","-1","N/A",,"false","51357","false",,"false",,"50271","50271","0","true","false",
"C","A","19930101","1993","52","1993","218","ECU","Ecuador","X","Export","0","W00","World","0","W00","World","H0","HS","true","0708","Leguminous vegetables; shelled or unshelled, fresh or chilled","4","false","C00","TOTAL CPC","0","0","TOTAL MOT","8","kg","30000","false","-1","N/A",,"false","30000","false",,"false",,"3000","3000","0","true","false",
"C","A","19930101","1993","52","1993","218","ECU","Ecuador","X","Export","0","W00","World","0","W00","World","H0","HS","true","0709","Vegetables, n.e.s. in chapter 07; fresh or chilled","4","false","C00","TOTAL CPC","0","0","TOTAL MOT","8","kg","399475","false","-1","N/A",,"false","399475","false",,"false",,"329327","329327","0","true","false",
"C","A","19930101","1993","52","1993","218","ECU","Ecuador","X","Export","0","W00","World","0","W00","World","H0","HS","true","0712","Vegetables, dried; whole, cut, sliced, broken or in powder, but not further prepared","4","false","C00","TOTAL CPC","0","0","TOTAL MOT","8","kg","139901","false","-1","N/A",,"false","139901","false",,"false",,"93611","93611","0","true","false",
"C","A","19930101","1993","52","1993","320","GTM","Guatemala","X","Export","0","W00","World","0","W00","World","H0","HS","true","0701","Potatoes; fresh or chilled","4","false","C00","TOTAL CPC","0","0","TOTAL MOT","8","kg","15362977","false","-1","N/A",,"false","15362977","false",,"false",,"1310662","1310662","0","true","false",
"C","A","19930101","1993","52","1993","320","GTM","Guatemala","X","Export","0","W00","World","0","W00","World","H0","HS","true","0702","Tomatoes; fresh or chilled","4","false","C00","TOTAL CPC","0","0","TOTAL MOT","8","kg","1097909","false","-1","N/A",,"false","1097909","false",,"false",,"95561","95561","0","true","false",
"C","A","19930101","1993","52","1993","320","GTM","Guatemala","X","Export","0","W00","World","0","W00","World","H0","HS","true","0703","Onions, shallots, garlic, leeks and other alliaceous vegetables; fresh or chilled","4","false","C00","TOTAL CPC","0","0","TOTAL MOT","8","kg","15317870","false","-1","N/A",,"false","15317870","false",,"false",,"4029542","4029542","0","true","false",
"C","A","19930101","1993","52","1993","320","GTM","Guatemala","X","Export","0","W00","World","0","W00","World","H0","HS","true","0704","Cabbages, cauliflowers, kohlrabi, kale and similar edible brassicas; fresh or chilled","4","false","C00","TOTAL CPC","0","0","TOTAL MOT","8","kg","20953612","false","-1","N/A",,"false","20953612","false",,"false",,"8011218","8011218","0","true","false",
"C","A","19930101","1993","52","1993","320","GTM","Guatemala","X","Export","0","W00","World","0","W00","World","H0","HS","true","0705","Lettuce (lactuca sativa) and chicory (cichorium spp.) fresh or chilled","4","false","C00","TOTAL CPC","0","0","TOTAL MOT","8","kg","2104516","false","-1","N/A",,"false","2104516","false",,"false",,"455634","455634","0","true","false",
"C","A","19930101","1993","52","1993","320","GTM","Guatemala","X","Export","0","W00","World","0","W00","World","H0","HS","true","0706","Carrots, turnips, salad beetroot, salsify, celeriac, radishes and similar edible roots; fresh or chilled","4","false","C00","TOTAL CPC","0","0","TOTAL MOT","8","kg","1675602","false","-1","N/A",,"false","1675602","false",,"false",,"198947","198947","0","true","false",
"C","A","19930101","1993","52","1993","320","GTM","Guatemala","X","Export","0","W00","World","0","W00","World","H0","HS","true","0707","Cucumbers and gherkins; fresh or chilled","4","false","C00","TOTAL CPC","0","0","TOTAL MOT","8","kg","71667","false","-1","N/A",,"false","71667","false",,"false",,"16925","16925","0","true","false",
"C","A","19930101","1993","52","1993","320","GTM","Guatemala","X","Export","0","W00","World","0","W00","World","H0","HS","true","0708","Leguminous vegetables; shelled or unshelled, fresh or chilled","4","false","C00","TOTAL CPC","0","0","TOTAL MOT","8","kg","2935840","false","-1","N/A",,"false","2935840","false",,"false",,"1904525","1904525","0","true","false",
"C","A","19930101","1993","52","1993","320","GTM","Guatemala","X","Export","0","W00","World","0","W00","World","H0","HS","true","0709","Vegetables, n.e.s. in chapter 07; fresh or chilled","4","false","C00","TOTAL CPC","0","0","TOTAL MOT","8","kg","5176541","false","-1","N/A",,"false","5176541","false",,"false",,"1851511","1851511","0","true","false",
"C","A","19930101","1993","52","1993","320","GTM","Guatemala","X","Export","0","W00","World","0","W00","World","H0","HS","true","0712","Vegetables, dried; whole, cut, sliced, broken or in powder, but not further prepared","4","false","C00","TOTAL CPC","0","0","TOTAL MOT","8","kg","189210","false","-1","N/A",,"false","189210","false",,"false",,"129959","129959","0","true","false",
"C","A","19930101","1993","52","1993","360","IDN","Indonesia","X","Export","0","W00","World","0","W00","World","H0","HS","true","0701","Potatoes; fresh or chilled","4","false","C00","TOTAL CPC","0","0","TOTAL MOT","8","kg","126741552","false","-1","N/A",,"false","126741552","false",,"false",,"19068184","19068184","0","true","false",
"C","A","19930101","1993","52","1993","360","IDN","Indonesia","X","Export","0","W00","World","0","W00","World","H0","HS","true","0702","Tomatoes; fresh or chilled","4","false","C00","TOTAL CPC","0","0","TOTAL MOT","8","kg","3564712","false","-1","N/A",,"false","3564712","false",,"false",,"968374","968374","0","true","false",
"C","A","19930101","1993","52","1993","360","IDN","Indonesia","X","Export","0","W00","World","0","W00","World","H0","HS","true","0703","Onions, shallots, garlic, leeks and other alliaceous vegetables; fresh or chilled","4","false","C00","TOTAL CPC","0","0","TOTAL MOT","8","kg","6968745","false","-1","N/A",,"false","6968745","false",,"false",,"1864267","1864267","0","true","false",
"C","A","19930101","1993","52","1993","360","IDN","Indonesia","X","Export","0","W00","World","0","W00","World","H0","HS","true","0704","Cabbages, cauliflowers, kohlrabi, kale and similar edible brassicas; fresh or chilled","4","false","C00","TOTAL CPC","0","0","TOTAL MOT","8","kg","72033040","false","-1","N/A",,"false","72033040","false",,"false",,"9593751","9593751","0","true","false",
"C","A","19930101","1993","52","1993","360","IDN","Indonesia","X","Export","0","W00","World","0","W00","World","H0","HS","true","0705","Lettuce (lactuca sativa) and chicory (cichorium spp.) fresh or chilled","4","false","C00","TOTAL CPC","0","0","TOTAL MOT","8","kg","5062","false","-1","N/A",,"false","5062","false",,"false",,"9087","9087","0","true","false",
"C","A","19930101","1993","52","1993","360","IDN","Indonesia","X","Export","0","W00","World","0","W00","World","H0","HS","true","0706","Carrots, turnips, salad beetroot, salsify, celeriac, radishes and similar edible roots; fresh or chilled","4","false","C00","TOTAL CPC","0","0","TOTAL MOT","8","kg","3126075","false","-1","N/A",,"false","3126075","false",,"false",,"448166","448166","0","true","false",
"C","A","19930101","1993","52","1993","360","IDN","Indonesia","X","Export","0","W00","World","0","W00","World","H0","HS","true","0707","Cucumbers and gherkins; fresh or chilled","4","false","C00","TOTAL CPC","0","0","TOTAL MOT","8","kg","21645","false","-1","N/A",,"false","21645","false",,"false",,"8975","8975","0","true","false",
"C","A","19930101","1993","52","1993","360","IDN","Indonesia","X","Export","0","W00","World","0","W00","World","H0","HS","true","0708","Leguminous vegetables; shelled or unshelled, fresh or chilled","4","false","C00","TOTAL CPC","0","0","TOTAL MOT","8","kg","1417715","false","-1","N/A",,"false","1417715","false",,"false",,"454725","454725","0","true","false",
"C","A","19930101","1993","52","1993","360","IDN","Indonesia","X","Export","0","W00","World","0","W00","World","H0","HS","true","0709","Vegetables, n.e.s. in chapter 07; fresh or chilled","4","false","C00","TOTAL CPC","0","0","TOTAL MOT","8","kg","8042190","false","-1","N/A",,"false","8042190","false",,"false",,"10747379","10747379","0","true","false",
"C","A","19930101","1993","52","1993","360","IDN","Indonesia","X","Export","0","W00","World","0","W00","World","H0","HS","true","0712","Vegetables, dried; whole, cut, sliced, broken or in powder, but not further prepared","4","false","C00","TOTAL CPC","0","0","TOTAL MOT","8","kg","1804398","false","-1","N/A",,"false","1804398","false",,"false",,"1224458","1224458","0","true","false",
"C","A","19930101","1993","52","1993","504","MAR","Morocco","X","Export","0","W00","World","0","W00","World","H0","HS","true","0701","Potatoes; fresh or chilled","4","false","C00","TOTAL CPC","0","0","TOTAL MOT","8","kg","60974208","false","-1","N/A",,"false","60974208","false",,"false",,"19918138","19918138","0","true","false",
"C","A","19930101","1993","52","1993","504","MAR","Morocco","X","Export","0","W00","World","0","W00","World","H0","HS","true","0702","Tomatoes; fresh or chilled","4","false","C00","TOTAL CPC","0","0","TOTAL MOT","8","kg","162355056","false","-1","N/A",,"false","162355056","false",,"false",,"52866788","52866788","0","true","false",
"C","A","19930101","1993","52","1993","504","MAR","Morocco","X","Export","0","W00","World","0","W00","World","H0","HS","true","0703","Onions, shallots, garlic, leeks and other alliaceous vegetables; fresh or chilled","4","false","C00","TOTAL CPC","0","0","TOTAL MOT","8","kg","1521218","false","-1","N/A",,"false","1521218","false",,"false",,"788987","788987","0","true","false",
"C","A","19930101","1993","52","1993","504","MAR","Morocco","X","Export","0","W00","World","0","W00","World","H0","HS","true","0704","Cabbages, cauliflowers, kohlrabi, kale and similar edible brassicas; fresh or chilled","4","false","C00","TOTAL CPC","0","0","TOTAL MOT","8","kg","134505","false","-1","N/A",,"false","134505","false",,"false",,"65274","65274","0","true","false",
"C","A","19930101","1993","52","1993","504","MAR","Morocco","X","Export","0","W00","World","0","W00","World","H0","HS","true","0705","Lettuce (lactuca sativa) and chicory (cichorium spp.) fresh or chilled","4","false","C00","TOTAL CPC","0","0","TOTAL MOT","8","kg","2249","false","-1","N/A",,"false","2249","false",,"false",,"5245","5245","0","true","false",
"C","A","19930101","1993","52","1993","504","MAR","Morocco","X","Export","0","W00","World","0","W00","World","H0","HS","true","0706","Carrots, turnips, salad beetroot, salsify, celeriac, radishes and similar edible roots; fresh or chilled","4","false","C00","TOTAL CPC","0","0","TOTAL MOT","8","kg","37089","false","-1","N/A",,"false","37089","false",,"false",,"20903","20903","0","true","false",
"C","A","19930101","1993","52","1993","504","MAR","Morocco","X","Export","0","W00","World","0","W00","World","H0","HS","true","0707","Cucumbers and gherkins; fresh or chilled","4","false","C00","TOTAL CPC","0","0","TOTAL MOT","8","kg","1086556","false","-1","N/A",,"false","1086556","false",,"false",,"402220","402220","0","true","false",
"C","A","19930101","1993","52","1993","504","MAR","Morocco","X","Export","0","W00","World","0","W00","World","H0","HS","true","0708","Leguminous vegetables; shelled or unshelled, fresh or chilled","4","false","C00","TOTAL CPC","0","0","TOTAL MOT","8","kg","4215414","false","-1","N/A",,"false","4215414","false",,"false",,"3174340","3174340","0","true","false",
"C","A","19930101","1993","52","1993","504","MAR","Morocco","X","Export","0","W00","World","0","W00","World","H0","HS","true","0709","Vegetables, n.e.s. in chapter 07; fresh or chilled","4","false","C00","TOTAL CPC","0","0","TOTAL MOT","8","kg","10139662","false","-1","N/A",,"false","10139662","false",,"false",,"7204228","7204228","0","true","false",
"C","A","19930101","1993","52","1993","504","MAR","Morocco","X","Export","0","W00","World","0","W00","World","H0","HS","true","0712","Vegetables, dried; whole, cut, sliced, broken or in powder, but not further prepared","4","false","C00","TOTAL CPC","0","0","TOTAL MOT","8","kg","9402143","false","-1","N/A",,"false","9402143","false",,"false",,"13643886","13643886","0","true","false",
"C","A","19930101","1993","52","1993","724","ESP","Spain","X","Export","0","W00","World","0","W00","World","H0","HS","true","0701","Potatoes; fresh or chilled","4","false","C00","TOTAL CPC","0","0","TOTAL MOT","8","kg","138731328","false","-1","N/A",,"false","138731328","false",,"false",,"35379408","35379408","0","true","false",
"C","A","19930101","1993","52","1993","724","ESP","Spain","X","Export","0","W00","World","0","W00","World","H0","HS","true","0702","Tomatoes; fresh or chilled","4","false","C00","TOTAL CPC","0","0","TOTAL MOT","8","kg","545496256","false","-1","N/A",,"false","545496256","false",,"false",,"420643648","420643648","0","true","false",
"C","A","19930101","1993","52","1993","724","ESP","Spain","X","Export","0","W00","World","0","W00","World","H0","HS","true","0703","Onions, shallots, garlic, leeks and other alliaceous vegetables; fresh or chilled","4","false","C00","TOTAL CPC","0","0","TOTAL MOT","8","kg","215541296","false","-1","N/A",,"false","215541296","false",,"false",,"96643008","96643008","0","true","false",
"C","A","19930101","1993","52","1993","724","ESP","Spain","X","Export","0","W00","World","0","W00","World","H0","HS","true","0704","Cabbages, cauliflowers, kohlrabi, kale and similar edible brassicas; fresh or chilled","4","false","C00","TOTAL CPC","0","0","TOTAL MOT","8","kg","100604064","false","-1","N/A",,"false","100604064","false",,"false",,"86880832","86880832","0","true","false",
"C","A","19930101","1993","52","1993","724","ESP","Spain","X","Export","0","W00","World","0","W00","World","H0","HS","true","0705","Lettuce (lactuca sativa) and chicory (cichorium spp.) fresh or chilled","4","false","C00","TOTAL CPC","0","0","TOTAL MOT","8","kg","199607776","false","-1","N/A",,"false","199607776","false",,"false",,"177761856","177761856","0","true","false",
"C","A","19930101","1993","52","1993","724","ESP","Spain","X","Export","0","W00","World","0","W00","World","H0","HS","true","0706","Carrots, turnips, salad beetroot, salsify, celeriac, radishes and similar edible roots; fresh or chilled","4","false","C00","TOTAL CPC","0","0","TOTAL MOT","8","kg","52006244","false","-1","N/A",,"false","52006244","false",,"false",,"22994700","22994700","0","true","false",
"C","A","19930101","1993","52","1993","724","ESP","Spain","X","Export","0","W00","World","0","W00","World","H0","HS","true","0707","Cucumbers and gherkins; fresh or chilled","4","false","C00","TOTAL CPC","0","0","TOTAL MOT","8","kg","174931376","false","-1","N/A",,"false","174931376","false",,"false",,"144358016","144358016","0","true","false",
"C","A","19930101","1993","52","1993","724","ESP","Spain","X","Export","0","W00","World","0","W00","World","H0","HS","true","0708","Leguminous vegetables; shelled or unshelled, fresh or chilled","4","false","C00","TOTAL CPC","0","0","TOTAL MOT","8","kg","30972840","false","-1","N/A",,"false","30972840","false",,"false",,"47923520","47923520","0","true","false",
"C","A","19930101","1993","52","1993","724","ESP","Spain","X","Export","0","W00","World","0","W00","World","H0","HS","true","0709","Vegetables, n.e.s. in chapter 07; fresh or chilled","4","false","C00","TOTAL CPC","0","0","TOTAL MOT","8","kg","476968896","false","-1","N/A",,"false","476968896","false",,"false",,"524990144","524990144","0","true","false",
"C","A","19930101","1993","52","1993","724","ESP","Spain","X","Export","0","W00","World","0","W00","World","H0","HS","true","0712","Vegetables, dried; whole, cut, sliced, broken or in powder, but not further prepared","4","false","C00","TOTAL CPC","0","0","TOTAL MOT","8","kg","10034391","false","-1","N/A",,"false","10034391","false",,"false",,"18280732","18280732","0","true","false",
"C","A","19930101","1993","52","1993","764","THA","Thailand","X","Export","0","W00","World","0","W00","World","H0","HS","true","0701","Potatoes; fresh or chilled","4","false","C00","TOTAL CPC","0","0","TOTAL MOT","8","kg","1094900","false","-1","N/A",,"false","1094900","false",,"false",,"125278","125278","0","true","false",
"C","A","19930101","1993","52","1993","764","THA","Thailand","X","Export","0","W00","World","0","W00","World","H0","HS","true","0702","Tomatoes; fresh or chilled","4","false","C00","TOTAL CPC","0","0","TOTAL MOT","8","kg","1797901","false","-1","N/A",,"false","1797901","false",,"false",,"225576","225576","0","true","false",
"C","A","19930101","1993","52","1993","764","THA","Thailand","X","Export","0","W00","World","0","W00","World","H0","HS","true","0703","Onions, shallots, garlic, leeks and other alliaceous vegetables; fresh or chilled","4","false","C00","TOTAL CPC","0","0","TOTAL MOT","8","kg","10280198","false","-1","N/A",,"false","10280198","false",,"false",,"2654650","2654650","0","true","false",
"C","A","19930101","1993","52","1993","764","THA","Thailand","X","Export","0","W00","World","0","W00","World","H0","HS","true","0704","Cabbages, cauliflowers, kohlrabi, kale and similar edible brassicas; fresh or chilled","4","false","C00","TOTAL CPC","0","0","TOTAL MOT","8","kg","320863","false","-1","N/A",,"false","320863","false",,"false",,"219799","219799","0","true","false",
"C","A","19930101","1993","52","1993","764","THA","Thailand","X","Export","0","W00","World","0","W00","World","H0","HS","true","0705","Lettuce (lactuca sativa) and chicory (cichorium spp.) fresh or chilled","4","false","C00","TOTAL CPC","0","0","TOTAL MOT","8","kg","33554","false","-1","N/A",,"false","33554","false",,"false",,"22530","22530","0","true","false",
"C","A","19930101","1993","52","1993","764","THA","Thailand","X","Export","0","W00","World","0","W00","World","H0","HS","true","0706","Carrots, turnips, salad beetroot, salsify, celeriac, radishes and similar edible roots; fresh or chilled","4","false","C00","TOTAL CPC","0","0","TOTAL MOT","8","kg","1446913","false","-1","N/A",,"false","1446913","false",,"false",,"11562676","11562676","0","true","false",
"C","A","19930101","1993","52","1993","764","THA","Thailand","X","Export","0","W00","World","0","W00","World","H0","HS","true","0707","Cucumbers and gherkins; fresh or chilled","4","false","C00","TOTAL CPC","0","0","TOTAL MOT","8","kg","5937","false","-1","N/A",,"false","5937","false",,"false",,"7509","7509","0","true","false",
"C","A","19930101","1993","52","1993","764","THA","Thailand","X","Export","0","W00","World","0","W00","World","H0","HS","true","0708","Leguminous vegetables; shelled or unshelled, fresh or chilled","4","false","C00","TOTAL CPC","0","0","TOTAL MOT","8","kg","475386","false","-1","N/A",,"false","475386","false",,"false",,"774646","774646","0","true","false",
"C","A","19930101","1993","52","1993","764","THA","Thailand","X","Export","0","W00","World","0","W00","World","H0","HS","true","0709","Vegetables, n.e.s. in chapter 07; fresh or chilled","4","false","C00","TOTAL CPC","0","0","TOTAL MOT","8","kg","22141304","false","-1","N/A",,"false","22141304","false",,"false",,"19868213","19868213","0","true","false",
"C","A","19930101","1993","52","1993","764","THA","Thailand","X","Export","0","W00","World","0","W00","World","H0","HS","true","0712","Vegetables, dried; whole, cut, sliced, broken or in powder, but not further prepared","4","false","C00","TOTAL CPC","0","0","TOTAL MOT","8","kg","3405481","false","-1","N/A",,"false","3405481","false",,"false",,"5648806","5648806","0","true","false",
"C","A","19930101","1993","52","1993","792","TUR","Türkiye","X","Export","0","W00","World","0","W00","World","H0","HS","true","0701","Potatoes; fresh or chilled","4","false","C00","TOTAL CPC","0","0","TOTAL MOT","8","kg","244102349","false","-1","N/A",,"false","244102349","false",,"false",,"48041824","48041824","0","true","false",
"C","A","19930101","1993","52","1993","792","TUR","Türkiye","X","Export","0","W00","World","0","W00","World","H0","HS","true","0702","Tomatoes; fresh or chilled","4","false","C00","TOTAL CPC","0","0","TOTAL MOT","8","kg","77270676","false","-1","N/A",,"false","77270676","false",,"false",,"33907123","33907123","0","true","false",
"C","A","19930101","1993","52","1993","792","TUR","Türkiye","X","Export","0","W00","World","0","W00","World","H0","HS","true","0703","Onions, shallots, garlic, leeks and other alliaceous vegetables; fresh or chilled","4","false","C00","TOTAL CPC","0","0","TOTAL MOT","8","kg","122941092","false","-1","N/A",,"false","122941092","false",,"false",,"22048445","22048445","0","true","false",
"C","A","19930101","1993","52","1993","792","TUR","Türkiye","X","Export","0","W00","World","0","W00","World","H0","HS","true","0704","Cabbages, cauliflowers, kohlrabi, kale and similar edible brassicas; fresh or chilled","4","false","C00","TOTAL CPC","0","0","TOTAL MOT","8","kg","3027039","false","-1","N/A",,"false","3027039","false",,"false",,"1091627","1091627","0","true","false",
"C","A","19930101","1993","52","1993","792","TUR","Türkiye","X","Export","0","W00","World","0","W00","World","H0","HS","true","0705","Lettuce (lactuca sativa) and chicory (cichorium spp.) fresh or chilled","4","false","C00","TOTAL CPC","0","0","TOTAL MOT","8","kg","528930","false","-1","N/A",,"false","528930","false",,"false",,"284328","284328","0","true","false",
"C","A","19930101","1993","52","1993","792","TUR","Türkiye","X","Export","0","W00","World","0","W00","World","H0","HS","true","0706","Carrots, turnips, salad beetroot, salsify, celeriac, radishes and similar edible roots; fresh or chilled","4","false","C00","TOTAL CPC","0","0","TOTAL MOT","8","kg","5973866","false","-1","N/A",,"false","5973866","false",,"false",,"1833684","1833684","0","true","false",
"C","A","19930101","1993","52","1993","792","TUR","Türkiye","X","Export","0","W00","World","0","W00","World","H0","HS","true","0707","Cucumbers and gherkins; fresh or chilled","4","false","C00","TOTAL CPC","0","0","TOTAL MOT","8","kg","4737974","false","-1","N/A",,"false","4737974","false",,"false",,"3425114","3425114","0","true","false",
"C","A","19930101","1993","52","1993","792","TUR","Türkiye","X","Export","0","W00","World","0","W00","World","H0","HS","true","0708","Leguminous vegetables; shelled or unshelled, fresh or chilled","4","false","C00","TOTAL CPC","0","0","TOTAL MOT","8","kg","756230","false","-1","N/A",,"false","756230","false",,"false",,"666680","666680","0","true","false",
"C","A","19930101","1993","52","1993","792","TUR","Türkiye","X","Export","0","W00","World","0","W00","World","H0","HS","true","0709","Vegetables, n.e.s. in chapter 07; fresh or chilled","4","false","C00","TOTAL CPC","0","0","TOTAL MOT","8","kg","28897674","false","-1","N/A",,"false","28897674","false",,"false",,"26996697","26996697","0","true","false",
"C","A","19930101","1993","52","1993","792","TUR","Türkiye","X","Export","0","W00","World","0","W00","World","H0","HS","true","0712","Vegetables, dried; whole, cut, sliced, broken or in powder, but not further prepared","4","false","C00","TOTAL CPC","0","0","TOTAL MOT","8","kg","2444528","false","-1","N/A",,"false","2444528","false",,"false",,"10966503","10966503","0","true","false",
"C","A","19940101","1994","52","1994","32","ARG","Argentina","X","Export","0","W00","World","0","W00","World","H0","HS","true","0701","Potatoes; fresh or chilled","4","false","C00","TOTAL CPC","0","0","TOTAL MOT","8","kg","168477728","false","-1","N/A",,"false","168477728","false",,"false",,"24064668","24064668","0","true","false",
"C","A","19940101","1994","52","1994","68","BOL","Bolivia (Plurinational State of)","X","Export","0","W00","World","0","W00","World","H0","HS","true","0701","Potatoes; fresh or chilled","4","false","C00","TOTAL CPC","0","0","TOTAL MOT","8","kg","1085","false","-1","N/A",,"false","1085","false",,"false",,"1205","1205","0","true","false",
"C","A","19940101","1994","52","1994","32","ARG","Argentina","X","Export","0","W00","World","0","W00","World","H0","HS","true","0702","Tomatoes; fresh or chilled","4","false","C00","TOTAL CPC","0","0","TOTAL MOT","8","kg","1350061","false","-1","N/A",,"false","1350061","false",,"false",,"477938","477938","0","true","false",
"C","A","19940101","1994","52","1994","32","ARG","Argentina","X","Export","0","W00","World","0","W00","World","H0","HS","true","0703","Onions, shallots, garlic, leeks and other alliaceous vegetables; fresh or chilled","4","false","C00","TOTAL CPC","0","0","TOTAL MOT","8","kg","194052768","false","-1","N/A",,"false","194052768","false",,"false",,"91983288","91983288","0","true","false",
"C","A","19940101","1994","52","1994","68","BOL","Bolivia (Plurinational State of)","X","Export","0","W00","World","0","W00","World","H0","HS","true","0703","Onions, shallots, garlic, leeks and other alliaceous vegetables; fresh or chilled","4","false","C00","TOTAL CPC","0","0","TOTAL MOT","8","kg","11534","false","-1","N/A",,"false","11534","false",,"false",,"13138","13138","0","true","false",
"C","A","19940101","1994","52","1994","32","ARG","Argentina","X","Export","0","W00","World","0","W00","World","H0","HS","true","0706","Carrots, turnips, salad beetroot, salsify, celeriac, radishes and similar edible roots; fresh or chilled","4","false","C00","TOTAL CPC","0","0","TOTAL MOT","8","kg","113707","false","-1","N/A",,"false","113707","false",,"false",,"24324","24324","0","true","false",
"C","A","19940101","1994","52","1994","32","ARG","Argentina","X","Export","0","W00","World","0","W00","World","H0","HS","true","0707","Cucumbers and gherkins; fresh or chilled","4","false","C00","TOTAL CPC","0","0","TOTAL MOT","8","kg","2875","false","-1","N/A",,"false","2875","false",,"false",,"2550","2550","0","true","false",
"C","A","19940101","1994","52","1994","32","ARG","Argentina","X","Export","0","W00","World","0","W00","World","H0","HS","true","0708","Leguminous vegetables; shelled or unshelled, fresh or chilled","4","false","C00","TOTAL CPC","0","0","TOTAL MOT","8","kg","504401","false","-1","N/A",,"false","504401","false",,"false",,"274608","274608","0","true","false",
"C","A","19940101","1994","52","1994","68","BOL","Bolivia (Plurinational State of)","X","Export","0","W00","World","0","W00","World","H0","HS","true","0708","Leguminous vegetables; shelled or unshelled, fresh or chilled","4","false","C00","TOTAL CPC","0","0","TOTAL MOT","8","kg","54000","false","-1","N/A",,"false","54000","false",,"false",,"37800","37800","0","true","false",
"C","A","19940101","1994","52","1994","32","ARG","Argentina","X","Export","0","W00","World","0","W00","World","H0","HS","true","0709","Vegetables, n.e.s. in chapter 07; fresh or chilled","4","false","C00","TOTAL CPC","0","0","TOTAL MOT","8","kg","858842","false","-1","N/A",,"false","858842","false",,"false",,"1209257","1209257","0","true","false",
"C","A","19940101","1994","52","1994","68","BOL","Bolivia (Plurinational State of)","X","Export","0","W00","World","0","W00","World","H0","HS","true","0709","Vegetables, n.e.s. in chapter 07; fresh or chilled","4","false","C00","TOTAL CPC","0","0","TOTAL MOT","8","kg","12307","false","-1","N/A",,"false","12307","false",,"false",,"4312","4312","0","true","false",
"C","A","19940101","1994","52","1994","32","ARG","Argentina","X","Export","0","W00","World","0","W00","World","H0","HS","true","0712","Vegetables, dried; whole, cut, sliced, broken or in powder, but not further prepared","4","false","C00","TOTAL CPC","0","0","TOTAL MOT","8","kg","1150026","false","-1","N/A",,"false","1150026","false",,"false",,"3946744","3946744","0","true","false",
"C","A","19940101","1994","52","1994","68","BOL","Bolivia (Plurinational State of)","X","Export","0","W00","World","0","W00","World","H0","HS","true","0712","Vegetables, dried; whole, cut, sliced, broken or in powder, but not further prepared","4","false","C00","TOTAL CPC","0","0","TOTAL MOT","8","kg","3357","false","-1","N/A",,"false","3357","false",,"false",,"5278","5278","0","true","false",
"C","A","19940101","1994","52","1994","188","CRI","Costa Rica","X","Export","0","W00","World","0","W00","World","H0","HS","true","0701","Potatoes; fresh or chilled","4","false","C00","TOTAL CPC","0","0","TOTAL MOT","8","kg","623861","false","-1","N/A",,"false","623861","false",,"false",,"74485","74485","0","true","false",
"C","A","19940101","1994","52","1994","188","CRI","Costa Rica","X","Export","0","W00","World","0","W00","World","H0","HS","true","0702","Tomatoes; fresh or chilled","4","false","C00","TOTAL CPC","0","0","TOTAL MOT","8","kg","157840","false","-1","N/A",,"false","157840","false",,"false",,"146201","146201","0","true","false",
"C","A","19940101","1994","52","1994","188","CRI","Costa Rica","X","Export","0","W00","World","0","W00","World","H0","HS","true","0703","Onions, shallots, garlic, leeks and other alliaceous vegetables; fresh or chilled","4","false","C00","TOTAL CPC","0","0","TOTAL MOT","8","kg","3406867","false","-1","N/A",,"false","3406867","false",,"false",,"1232790","1232790","0","true","false",
"C","A","19940101","1994","52","1994","188","CRI","Costa Rica","X","Export","0","W00","World","0","W00","World","H0","HS","true","0704","Cabbages, cauliflowers, kohlrabi, kale and similar edible brassicas; fresh or chilled","4","false","C00","TOTAL CPC","0","0","TOTAL MOT","8","kg","1095230","false","-1","N/A",,"false","1095230","false",,"false",,"64900","64900","0","true","false",
"C","A","19940101","1994","52","1994","188","CRI","Costa Rica","X","Export","0","W00","World","0","W00","World","H0","HS","true","0705","Lettuce (lactuca sativa) and chicory (cichorium spp.) fresh or chilled","4","false","C00","TOTAL CPC","0","0","TOTAL MOT","8","kg","23683","false","-1","N/A",,"false","23683","false",,"false",,"5472","5472","0","true","false",
"C","A","19940101","1994","52","1994","188","CRI","Costa Rica","X","Export","0","W00","World","0","W00","World","H0","HS","true","0706","Carrots, turnips, salad beetroot, salsify, celeriac, radishes and similar edible roots; fresh or chilled","4","false","C00","TOTAL CPC","0","0","TOTAL MOT","8","kg","912900","false","-1","N/A",,"false","912900","false",,"false",,"559689","559689","0","true","false",
"C","A","19940101","1994","52","1994","188","CRI","Costa Rica","X","Export","0","W00","World","0","W00","World","H0","HS","true","0707","Cucumbers and gherkins; fresh or chilled","4","false","C00","TOTAL CPC","0","0","TOTAL MOT","8","kg","3140","false","-1","N/A",,"false","3140","false",,"false",,"1892","1892","0","true","false",
"C","A","19940101","1994","52","1994","188","CRI","Costa Rica","X","Export","0","W00","World","0","W00","World","H0","HS","true","0708","Leguminous vegetables; shelled or unshelled, fresh or chilled","4","false","C00","TOTAL CPC","0","0","TOTAL MOT","8","kg","28444","false","-1","N/A",,"false","28444","false",,"false",,"25254","25254","0","true","false",
"C","A","19940101","1994","52","1994","188","CRI","Costa Rica","X","Export","0","W00","World","0","W00","World","H0","HS","true","0709","Vegetables, n.e.s. in chapter 07; fresh or chilled","4","false","C00","TOTAL CPC","0","0","TOTAL MOT","8","kg","21185640","false","-1","N/A",,"false","21185640","false",,"false",,"11767613","11767613","0","true","false",
"C","A","19940101","1994","52","1994","188","CRI","Costa Rica","X","Export","0","W00","World","0","W00","World","H0","HS","true","0712","Vegetables, dried; whole, cut, sliced, broken or in powder, but not further prepared","4","false","C00","TOTAL CPC","0","0","TOTAL MOT","8","kg","37334","false","-1","N/A",,"false","37334","false",,"false",,"131686","131686","0","true","false",
"C","A","19940101","1994","52","1994","218","ECU","Ecuador","X","Export","0","W00","World","0","W00","World","H0","HS","true","0703","Onions, shallots, garlic, leeks and other alliaceous vegetables; fresh or chilled","4","false","C00","TOTAL CPC","0","0","TOTAL MOT","8","kg","67726","false","-1","N/A",,"false","67726","false",,"false",,"22100","22100","0","true","false",
"C","A","19940101","1994","52","1994","218","ECU","Ecuador","X","Export","0","W00","World","0","W00","World","H0","HS","true","0704","Cabbages, cauliflowers, kohlrabi, kale and similar edible brassicas; fresh or chilled","4","false","C00","TOTAL CPC","0","0","TOTAL MOT","8","kg","3643138","false","-1","N/A",,"false","3643138","false",,"false",,"3305330","3305330","0","true","false",
"C","A","19940101","1994","52","1994","218","ECU","Ecuador","X","Export","0","W00","World","0","W00","World","H0","HS","true","0706","Carrots, turnips, salad beetroot, salsify, celeriac, radishes and similar edible roots; fresh or chilled","4","false","C00","TOTAL CPC","0","0","TOTAL MOT","8","kg","1","false","-1","N/A",,"false","1","false",,"false",,"1","1","0","true","false",
"C","A","19940101","1994","52","1994","218","ECU","Ecuador","X","Export","0","W00","World","0","W00","World","H0","HS","true","0707","Cucumbers and gherkins; fresh or chilled","4","false","C00","TOTAL CPC","0","0","TOTAL MOT","8","kg","65001","false","-1","N/A",,"false","65001","false",,"false",,"67337","67337","0","true","false",
"C","A","19940101","1994","52","1994","218","ECU","Ecuador","X","Export","0","W00","World","0","W00","World","H0","HS","true","0708","Leguminous vegetables; shelled or unshelled, fresh or chilled","4","false","C00","TOTAL CPC","0","0","TOTAL MOT","8","kg","5937","false","-1","N/A",,"false","5937","false",,"false",,"3634","3634","0","true","false",
"C","A","19940101","1994","52","1994","218","ECU","Ecuador","X","Export","0","W00","World","0","W00","World","H0","HS","true","0709","Vegetables, n.e.s. in chapter 07; fresh or chilled","4","false","C00","TOTAL CPC","0","0","TOTAL MOT","8","kg","433661","false","-1","N/A",,"false","433661","false",,"false",,"312311","312311","0","true","false",
"C","A","19940101","1994","52","1994","218","ECU","Ecuador","X","Export","0","W00","World","0","W00","World","H0","HS","true","0712","Vegetables, dried; whole, cut, sliced, broken or in powder, but not further prepared","4","false","C00","TOTAL CPC","0","0","TOTAL MOT","8","kg","135424","false","-1","N/A",,"false","135424","false",,"false",,"305842","305842","0","true","false",
"C","A","19940101","1994","52","1994","320","GTM","Guatemala","X","Export","0","W00","World","0","W00","World","H0","HS","true","0701","Potatoes; fresh or chilled","4","false","C00","TOTAL CPC","0","0","TOTAL MOT","8","kg","18079632","false","-1","N/A",,"false","18079632","false",,"false",,"1267000","1267000","0","true","false",
"C","A","19940101","1994","52","1994","340","HND","Honduras","X","Export","0","W00","World","0","W00","World","H0","HS","true","0701","Potatoes; fresh or chilled","4","false","C00","TOTAL CPC","0","0","TOTAL MOT","8","kg","1164625","false","-1","N/A",,"false","1164625","false",,"false",,"17912","17912","0","true","false",
"C","A","19940101","1994","52","1994","320","GTM","Guatemala","X","Export","0","W00","World","0","W00","World","H0","HS","true","0702","Tomatoes; fresh or chilled","4","false","C00","TOTAL CPC","0","0","TOTAL MOT","8","kg","94511","false","-1","N/A",,"false","94511","false",,"false",,"12000","12000","0","true","false",
"C","A","19940101","1994","52","1994","340","HND","Honduras","X","Export","0","W00","World","0","W00","World","H0","HS","true","0702","Tomatoes; fresh or chilled","4","false","C00","TOTAL CPC","0","0","TOTAL MOT","8","kg","699034","false","-1","N/A",,"false","699034","false",,"false",,"23146","23146","0","true","false",
"C","A","19940101","1994","52","1994","320","GTM","Guatemala","X","Export","0","W00","World","0","W00","World","H0","HS","true","0703","Onions, shallots, garlic, leeks and other alliaceous vegetables; fresh or chilled","4","false","C00","TOTAL CPC","0","0","TOTAL MOT","8","kg","8766111","false","-1","N/A",,"false","8766111","false",,"false",,"1425000","1425000","0","true","false",
"C","A","19940101","1994","52","1994","340","HND","Honduras","X","Export","0","W00","World","0","W00","World","H0","HS","true","0703","Onions, shallots, garlic, leeks and other alliaceous vegetables; fresh or chilled","4","false","C00","TOTAL CPC","0","0","TOTAL MOT","8","kg","359411","false","-1","N/A",,"false","359411","false",,"false",,"27973","27973","0","true","false",
"C","A","19940101","1994","52","1994","320","GTM","Guatemala","X","Export","0","W00","World","0","W00","World","H0","HS","true","0704","Cabbages, cauliflowers, kohlrabi, kale and similar edible brassicas; fresh or chilled","4","false","C00","TOTAL CPC","0","0","TOTAL MOT","8","kg","22580940","false","-1","N/A",,"false","22580940","false",,"false",,"6836000","6836000","0","true","false",
"C","A","19940101","1994","52","1994","340","HND","Honduras","X","Export","0","W00","World","0","W00","World","H0","HS","true","0704","Cabbages, cauliflowers, kohlrabi, kale and similar edible brassicas; fresh or chilled","4","false","C00","TOTAL CPC","0","0","TOTAL MOT","8","kg","162410","false","-1","N/A",,"false","162410","false",,"false",,"6209","6209","0","true","false",
"C","A","19940101","1994","52","1994","320","GTM","Guatemala","X","Export","0","W00","World","0","W00","World","H0","HS","true","0705","Lettuce (lactuca sativa) and chicory (cichorium spp.) fresh or chilled","4","false","C00","TOTAL CPC","0","0","TOTAL MOT","8","kg","2949402","false","-1","N/A",,"false","2949402","false",,"false",,"638000","638000","0","true","false",
"C","A","19940101","1994","52","1994","340","HND","Honduras","X","Export","0","W00","World","0","W00","World","H0","HS","true","0705","Lettuce (lactuca sativa) and chicory (cichorium spp.) fresh or chilled","4","false","C00","TOTAL CPC","0","0","TOTAL MOT","8","kg","109534","false","-1","N/A",,"false","109534","false",,"false",,"18538","18538","0","true","false",
"C","A","19940101","1994","52","1994","320","GTM","Guatemala","X","Export","0","W00","World","0","W00","World","H0","HS","true","0706","Carrots, turnips, salad beetroot, salsify, celeriac, radishes and similar edible roots; fresh or chilled","4","false","C00","TOTAL CPC","0","0","TOTAL MOT","8","kg","4122400","false","-1","N/A",,"false","4122400","false",,"false",,"286000","286000","0","true","false",
"C","A","19940101","1994","52","1994","340","HND","Honduras","X","Export","0","W00","World","0","W00","World","H0","HS","true","0706","Carrots, turnips, salad beetroot, salsify, celeriac, radishes and similar edible roots; fresh or chilled","4","false","C00","TOTAL CPC","0","0","TOTAL MOT","8","kg","1464","false","-1","N/A",,"false","1464","false",,"false",,"204","204","0","true","false",
"C","A","19940101","1994","52","1994","320","GTM","Guatemala","X","Export","0","W00","World","0","W00","World","H0","HS","true","0707","Cucumbers and gherkins; fresh or chilled","4","false","C00","TOTAL CPC","0","0","TOTAL MOT","8","kg","24714","false","-1","N/A",,"false","24714","false",,"false",,"4000","4000","0","true","false",
"C","A","19940101","1994","52","1994","320","GTM","Guatemala","X","Export","0","W00","World","0","W00","World","H0","HS","true","0708","Leguminous vegetables; shelled or unshelled, fresh or chilled","4","false","C00","TOTAL CPC","0","0","TOTAL MOT","8","kg","2916907","false","-1","N/A",,"false","2916907","false",,"false",,"1507000","1507000","0","true","false",
"C","A","19940101","1994","52","1994","340","HND","Honduras","X","Export","0","W00","World","0","W00","World","H0","HS","true","0708","Leguminous vegetables; shelled or unshelled, fresh or chilled","4","false","C00","TOTAL CPC","0","0","TOTAL MOT","8","kg","1926849","false","-1","N/A",,"false","1926849","false",,"false",,"406141","406141","0","true","false",
"C","A","19940101","1994","52","1994","320","GTM","Guatemala","X","Export","0","W00","World","0","W00","World","H0","HS","true","0709","Vegetables, n.e.s. in chapter 07; fresh or chilled","4","false","C00","TOTAL CPC","0","0","TOTAL MOT","8","kg","7687257","false","-1","N/A",,"false","7687257","false",,"false",,"2504000","2504000","0","true","false",
"C","A","19940101","1994","52","1994","340","HND","Honduras","X","Export","0","W00","World","0","W00","World","H0","HS","true","0709","Vegetables, n.e.s. in chapter 07; fresh or chilled","4","false","C00","TOTAL CPC","0","0","TOTAL MOT","8","kg","316338","false","-1","N/A",,"false","316338","false",,"false",,"185513","185513","0","true","false",
"C","A","19940101","1994","52","1994","320","GTM","Guatemala","X","Export","0","W00","World","0","W00","World","H0","HS","true","0712","Vegetables, dried; whole, cut, sliced, broken or in powder, but not further prepared","4","false","C00","TOTAL CPC","0","0","TOTAL MOT","8","kg","49405","false","-1","N/A",,"false","49405","false",,"false",,"13000","13000","0","true","false",
"C","A","19940101","1994","52","1994","340","HND","Honduras","X","Export","0","W00","World","0","W00","World","H0","HS","true","0712","Vegetables, dried; whole, cut, sliced, broken or in powder, but not further prepared","4","false","C00","TOTAL CPC","0","0","TOTAL MOT","8","kg","113178","false","-1","N/A",,"false","113178","false",,"false",,"6740","6740","0","true","false",
"C","A","19940101","1994","52","1994","360","IDN","Indonesia","X","Export","0","W00","World","0","W00","World","H0","HS","true","0701","Potatoes; fresh or chilled","4","false","C00","TOTAL CPC","0","0","TOTAL MOT","8","kg","88968968","false","-1","N/A",,"false","88968968","false",,"false",,"13887644","13887644","0","true","false",
"C","A","19940101","1994","52","1994","360","IDN","Indonesia","X","Export","0","W00","World","0","W00","World","H0","HS","true","0702","Tomatoes; fresh or chilled","4","false","C00","TOTAL CPC","0","0","TOTAL MOT","8","kg","3744564","false","-1","N/A",,"false","3744564","false",,"false",,"1586213","1586213","0","true","false",
"C","A","19940101","1994","52","1994","360","IDN","Indonesia","X","Export","0","W00","World","0","W00","World","H0","HS","true","0703","Onions, shallots, garlic, leeks and other alliaceous vegetables; fresh or chilled","4","false","C00","TOTAL CPC","0","0","TOTAL MOT","8","kg","8663030","false","-1","N/A",,"false","8663030","false",,"false",,"2235405","2235405","0","true","false",
"C","A","19940101","1994","52","1994","360","IDN","Indonesia","X","Export","0","W00","World","0","W00","World","H0","HS","true","0704","Cabbages, cauliflowers, kohlrabi, kale and similar edible brassicas; fresh or chilled","4","false","C00","TOTAL CPC","0","0","TOTAL MOT","8","kg","73994520","false","-1","N/A",,"false","73994520","false",,"false",,"10107742","10107742","0","true","false",
"C","A","19940101","1994","52","1994","360","IDN","Indonesia","X","Export","0","W00","World","0","W00","World","H0","HS","true","0705","Lettuce (lactuca sativa) and chicory (cichorium spp.) fresh or chilled","4","false","C00","TOTAL CPC","0","0","TOTAL MOT","8","kg","36507","false","-1","N/A",,"false","36507","false",,"false",,"20854","20854","0","true","false",
"C","A","19940101","1994","52","1994","360","IDN","Indonesia","X","Export","0","W00","World","0","W00","World","H0","HS","true","0706","Carrots, turnips, salad beetroot, salsify, celeriac, radishes and similar edible roots; fresh or chilled","4","false","C00","TOTAL CPC","0","0","TOTAL MOT","8","kg","2430240","false","-1","N/A",,"false","2430240","false",,"false",,"388917","388917","0","true","false",
"C","A","19940101","1994","52","1994","360","IDN","Indonesia","X","Export","0","W00","World","0","W00","World","H0","HS","true","0707","Cucumbers and gherkins; fresh or chilled","4","false","C00","TOTAL CPC","0","0","TOTAL MOT","8","kg","19964","false","-1","N/A",,"false","19964","false",,"false",,"2745","2745","0","true","false",
"C","A","19940101","1994","52","1994","360","IDN","Indonesia","X","Export","0","W00","World","0","W00","World","H0","HS","true","0708","Leguminous vegetables; shelled or unshelled, fresh or chilled","4","false","C00","TOTAL CPC","0","0","TOTAL MOT","8","kg","1926212","false","-1","N/A",,"false","1926212","false",,"false",,"731876","731876","0","true","false",
"C","A","19940101","1994","52","1994","360","IDN","Indonesia","X","Export","0","W00","World","0","W00","World","H0","HS","true","0709","Vegetables, n.e.s. in chapter 07; fresh or chilled","4","false","C00","TOTAL CPC","0","0","TOTAL MOT","8","kg","9681912","false","-1","N/A",,"false","9681912","false",,"false",,"14675061","14675061","0","true","false",
"C","A","19940101","1994","52","1994","360","IDN","Indonesia","X","Export","0","W00","World","0","W00","World","H0","HS","true","0712","Vegetables, dried; whole, cut, sliced, broken or in powder, but not further prepared","4","false","C00","TOTAL CPC","0","0","TOTAL MOT","8","kg","1752942","false","-1","N/A",,"false","1752942","false",,"false",,"1637111","1637111","0","true","false",
"C","A","19940101","1994","52","1994","504","MAR","Morocco","X","Export","0","W00","World","0","W00","World","H0","HS","true","0701","Potatoes; fresh or chilled","4","false","C00","TOTAL CPC","0","0","TOTAL MOT","8","kg","86870584","false","-1","N/A",,"false","86870584","false",,"false",,"26727868","26727868","0","true","false",
"C","A","19940101","1994","52","1994","504","MAR","Morocco","X","Export","0","W00","World","0","W00","World","H0","HS","true","0702","Tomatoes; fresh or chilled","4","false","C00","TOTAL CPC","0","0","TOTAL MOT","8","kg","150876144","false","-1","N/A",,"false","150876144","false",,"false",,"44015888","44015888","0","true","false",
"C","A","19940101","1994","52","1994","504","MAR","Morocco","X","Export","0","W00","World","0","W00","World","H0","HS","true","0703","Onions, shallots, garlic, leeks and other alliaceous vegetables; fresh or chilled","4","false","C00","TOTAL CPC","0","0","TOTAL MOT","8","kg","2599765","false","-1","N/A",,"false","2599765","false",,"false",,"693020","693020","0","true","false",
"C","A","19940101","1994","52","1994","504","MAR","Morocco","X","Export","0","W00","World","0","W00","World","H0","HS","true","0704","Cabbages, cauliflowers, kohlrabi, kale and similar edible brassicas; fresh or chilled","4","false","C00","TOTAL CPC","0","0","TOTAL MOT","8","kg","22698","false","-1","N/A",,"false","22698","false",,"false",,"7235","7235","0","true","false",
"C","A","19940101","1994","52","1994","504","MAR","Morocco","X","Export","0","W00","World","0","W00","World","H0","HS","true","0705","Lettuce (lactuca sativa) and chicory (cichorium spp.) fresh or chilled","4","false","C00","TOTAL CPC","0","0","TOTAL MOT","8","kg","20835","false","-1","N/A",,"false","20835","false",,"false",,"8465","8465","0","true","false",
"C","A","19940101","1994","52","1994","504","MAR","Morocco","X","Export","0","W00","World","0","W00","World","H0","HS","true","0706","Carrots, turnips, salad beetroot, salsify, celeriac, radishes and similar edible roots; fresh or chilled","4","false","C00","TOTAL CPC","0","0","TOTAL MOT","8","kg","1409","false","-1","N/A",,"false","1409","false",,"false",,"416","416","0","true","false",
"C","A","19940101","1994","52","1994","504","MAR","Morocco","X","Export","0","W00","World","0","W00","World","H0","HS","true","0707","Cucumbers and gherkins; fresh or chilled","4","false","C00","TOTAL CPC","0","0","TOTAL MOT","8","kg","524186","false","-1","N/A",,"false","524186","false",,"false",,"182782","182782","0","true","false",
"C","A","19940101","1994","52","1994","504","MAR","Morocco","X","Export","0","W00","World","0","W00","World","H0","HS","true","0708","Leguminous vegetables; shelled or unshelled, fresh or chilled","4","false","C00","TOTAL CPC","0","0","TOTAL MOT","8","kg","6341085","false","-1","N/A",,"false","6341085","false",,"false",,"4091780","4091780","0","true","false",
"C","A","19940101","1994","52","1994","504","MAR","Morocco","X","Export","0","W00","World","0","W00","World","H0","HS","true","0709","Vegetables, n.e.s. in chapter 07; fresh or chilled","4","false","C00","TOTAL CPC","0","0","TOTAL MOT","8","kg","9391063","false","-1","N/A",,"false","9391063","false",,"false",,"9759190","9759190","0","true","false",
"C","A","19940101","1994","52","1994","504","MAR","Morocco","X","Export","0","W00","World","0","W00","World","H0","HS","true","0712","Vegetables, dried; whole, cut, sliced, broken or in powder, but not further prepared","4","false","C00","TOTAL CPC","0","0","TOTAL MOT","8","kg","7470994","false","-1","N/A",,"false","7470994","false",,"false",,"9330647","9330647","0","true","false",
"C","A","19940101","1994","52","1994","724","ESP","Spain","X","Export","0","W00","World","0","W00","World","H0","HS","true","0701","Potatoes; fresh or chilled","4","false","C00","TOTAL CPC","0","0","TOTAL MOT","8","kg","144414304","false","-1","N/A",,"false","144414304","false",,"false",,"57271456","57271456","0","true","false",
"C","A","19940101","1994","52","1994","724","ESP","Spain","X","Export","0","W00","World","0","W00","World","H0","HS","true","0702","Tomatoes; fresh or chilled","4","false","C00","TOTAL CPC","0","0","TOTAL MOT","8","kg","686248832","false","-1","N/A",,"false","686248832","false",,"false",,"535940384","535940384","0","true","false",
"C","A","19940101","1994","52","1994","724","ESP","Spain","X","Export","0","W00","World","0","W00","World","H0","HS","true","0703","Onions, shallots, garlic, leeks and other alliaceous vegetables; fresh or chilled","4","false","C00","TOTAL CPC","0","0","TOTAL MOT","8","kg","262184496","false","-1","N/A",,"false","262184496","false",,"false",,"112552864","112552864","0","true","false",
"C","A","19940101","1994","52","1994","724","ESP","Spain","X","Export","0","W00","World","0","W00","World","H0","HS","true","0704","Cabbages, cauliflowers, kohlrabi, kale and similar edible brassicas; fresh or chilled","4","false","C00","TOTAL CPC","0","0","TOTAL MOT","8","kg","140918784","false","-1","N/A",,"false","140918784","false",,"false",,"107371208","107371208","0","true","false",
"C","A","19940101","1994","52","1994","724","ESP","Spain","X","Export","0","W00","World","0","W00","World","H0","HS","true","0705","Lettuce (lactuca sativa) and chicory (cichorium spp.) fresh or chilled","4","false","C00","TOTAL CPC","0","0","TOTAL MOT","8","kg","272874944","false","-1","N/A",,"false","272874944","false",,"false",,"187259504","187259504","0","true","false",
"C","A","19940101","1994","52","1994","724","ESP","Spain","X","Export","0","W00","World","0","W00","World","H0","HS","true","0706","Carrots, turnips, salad beetroot, salsify, celeriac, radishes and similar edible roots; fresh or chilled","4","false","C00","TOTAL CPC","0","0","TOTAL MOT","8","kg","51424576","false","-1","N/A",,"false","51424576","false",,"false",,"23589482","23589482","0","true","false",
"C","A","19940101","1994","52","1994","724","ESP","Spain","X","Export","0","W00","World","0","W00","World","H0","HS","true","0707","Cucumbers and gherkins; fresh or chilled","4","false","C00","TOTAL CPC","0","0","TOTAL MOT","8","kg","218038208","false","-1","N/A",,"false","218038208","false",,"false",,"127813952","127813952","0","true","false",
"C","A","19940101","1994","52","1994","724","ESP","Spain","X","Export","0","W00","World","0","W00","World","H0","HS","true","0708","Leguminous vegetables; shelled or unshelled, fresh or chilled","4","false","C00","TOTAL CPC","0","0","TOTAL MOT","8","kg","34215432","false","-1","N/A",,"false","34215432","false",,"false",,"53596696","53596696","0","true","false",
"C","A","19940101","1994","52","1994","724","ESP","Spain","X","Export","0","W00","World","0","W00","World","H0","HS","true","0709","Vegetables, n.e.s. in chapter 07; fresh or chilled","4","false","C00","TOTAL CPC","0","0","TOTAL MOT","8","kg","491017216","false","-1","N/A",,"false","491017216","false",,"false",,"517804640","517804640","0","true","false",
"C","A","19940101","1994","52","1994","724","ESP","Spain","X","Export","0","W00","World","0","W00","World","H0","HS","true","0712","Vegetables, dried; whole, cut, sliced, broken or in powder, but not further prepared","4","false","C00","TOTAL CPC","0","0","TOTAL MOT","8","kg","13276200","false","-1","N/A",,"false","13276200","false",,"false",,"19908524","19908524","0","true","false",
"C","A","19940101","1994","52","1994","764","THA","Thailand","X","Export","0","W00","World","0","W00","World","H0","HS","true","0701","Potatoes; fresh or chilled","4","false","C00","TOTAL CPC","0","0","TOTAL MOT","8","kg","155535","false","-1","N/A",,"false","155535","false",,"false",,"102907","102907","0","true","false",
"C","A","19940101","1994","52","1994","764","THA","Thailand","X","Export","0","W00","World","0","W00","World","H0","HS","true","0702","Tomatoes; fresh or chilled","4","false","C00","TOTAL CPC","0","0","TOTAL MOT","8","kg","1346588","false","-1","N/A",,"false","1346588","false",,"false",,"274397","274397","0","true","false",
"C","A","19940101","1994","52","1994","764","THA","Thailand","X","Export","0","W00","World","0","W00","World","H0","HS","true","0703","Onions, shallots, garlic, leeks and other alliaceous vegetables; fresh or chilled","4","false","C00","TOTAL CPC","0","0","TOTAL MOT","8","kg","13560031","false","-1","N/A",,"false","13560031","false",,"false",,"4801724","4801724","0","true","false",
"C","A","19940101","1994","52","1994","764","THA","Thailand","X","Export","0","W00","World","0","W00","World","H0","HS","true","0704","Cabbages, cauliflowers, kohlrabi, kale and similar edible brassicas; fresh or chilled","4","false","C00","TOTAL CPC","0","0","TOTAL MOT","8","kg","1334102","false","-1","N/A",,"false","1334102","false",,"false",,"326283","326283","0","true","false",
"C","A","19940101","1994","52","1994","764","THA","Thailand","X","Export","0","W00","World","0","W00","World","H0","HS","true","0705","Lettuce (lactuca sativa) and chicory (cichorium spp.) fresh or chilled","4","false","C00","TOTAL CPC","0","0","TOTAL MOT","8","kg","105467","false","-1","N/A",,"false","105467","false",,"false",,"47006","47006","0","true","false",
"C","A","19940101","1994","52","1994","764","THA","Thailand","X","Export","0","W00","World","0","W00","World","H0","HS","true","0706","Carrots, turnips, salad beetroot, salsify, celeriac, radishes and similar edible roots; fresh or chilled","4","false","C00","TOTAL CPC","0","0","TOTAL MOT","8","kg","1027088","false","-1","N/A",,"false","1027088","false",,"false",,"10145489","10145489","0","true","false",
"C","A","19940101","1994","52","1994","764","THA","Thailand","X","Export","0","W00","World","0","W00","World","H0","HS","true","0707","Cucumbers and gherkins; fresh or chilled","4","false","C00","TOTAL CPC","0","0","TOTAL MOT","8","kg","45335","false","-1","N/A",,"false","45335","false",,"false",,"45550","45550","0","true","false",
"C","A","19940101","1994","52","1994","764","THA","Thailand","X","Export","0","W00","World","0","W00","World","H0","HS","true","0708","Leguminous vegetables; shelled or unshelled, fresh or chilled","4","false","C00","TOTAL CPC","0","0","TOTAL MOT","8","kg","250752","false","-1","N/A",,"false","250752","false",,"false",,"677917","677917","0","true","false",
"C","A","19940101","1994","52","1994","764","THA","Thailand","X","Export","0","W00","World","0","W00","World","H0","HS","true","0709","Vegetables, n.e.s. in chapter 07; fresh or chilled","4","false","C00","TOTAL CPC","0","0","TOTAL MOT","8","kg","28763150","false","-1","N/A",,"false","28763150","false",,"false",,"24119148","24119148","0","true","false",
"C","A","19940101","1994","52","1994","764","THA","Thailand","X","Export","0","W00","World","0","W00","World","H0","HS","true","0712","Vegetables, dried; whole, cut, sliced, broken or in powder, but not further prepared","4","false","C00","TOTAL CPC","0","0","TOTAL MOT","8","kg","2320905","false","-1","N/A",,"false","2320905","false",,"false",,"4951899","4951899","0","true","false",
"C","A","19940101","1994","52","1994","792","TUR","Türkiye","X","Export","0","W00","World","0","W00","World","H0","HS","true","0701","Potatoes; fresh or chilled","4","false","C00","TOTAL CPC","0","0","TOTAL MOT","8","kg","229094450","false","-1","N/A",,"false","229094450","false",,"false",,"36864959","36864959","0","true","false",
"C","A","19940101","1994","52","1994","792","TUR","Türkiye","X","Export","0","W00","World","0","W00","World","H0","HS","true","0702","Tomatoes; fresh or chilled","4","false","C00","TOTAL CPC","0","0","TOTAL MOT","8","kg","115967419","false","-1","N/A",,"false","115967419","false",,"false",,"41930350","41930350","0","true","false",
"C","A","19940101","1994","52","1994","792","TUR","Türkiye","X","Export","0","W00","World","0","W00","World","H0","HS","true","0703","Onions, shallots, garlic, leeks and other alliaceous vegetables; fresh or chilled","4","false","C00","TOTAL CPC","0","0","TOTAL MOT","8","kg","69056235","false","-1","N/A",,"false","69056235","false",,"false",,"14779394","14779394","0","true","false",
"C","A","19940101","1994","52","1994","792","TUR","Türkiye","X","Export","0","W00","World","0","W00","World","H0","HS","true","0704","Cabbages, cauliflowers, kohlrabi, kale and similar edible brassicas; fresh or chilled","4","false","C00","TOTAL CPC","0","0","TOTAL MOT","8","kg","2590420","false","-1","N/A",,"false","2590420","false",,"false",,"821912","821912","0","true","false",
"C","A","19940101","1994","52","1994","792","TUR","Türkiye","X","Export","0","W00","World","0","W00","World","H0","HS","true","0705","Lettuce (lactuca sativa) and chicory (cichorium spp.) fresh or chilled","4","false","C00","TOTAL CPC","0","0","TOTAL MOT","8","kg","38636","false","-1","N/A",,"false","38636","false",,"false",,"23390","23390","0","true","false",
"C","A","19940101","1994","52","1994","792","TUR","Türkiye","X","Export","0","W00","World","0","W00","World","H0","HS","true","0706","Carrots, turnips, salad beetroot, salsify, celeriac, radishes and similar edible roots; fresh or chilled","4","false","C00","TOTAL CPC","0","0","TOTAL MOT","8","kg","8902732","false","-1","N/A",,"false","8902732","false",,"false",,"2549360","2549360","0","true","false",
"C","A","19940101","1994","52","1994","792","TUR","Türkiye","X","Export","0","W00","World","0","W00","World","H0","HS","true","0707","Cucumbers and gherkins; fresh or chilled","4","false","C00","TOTAL CPC","0","0","TOTAL MOT","8","kg","15922246","false","-1","N/A",,"false","15922246","false",,"false",,"7325048","7325048","0","true","false",
"C","A","19940101","1994","52","1994","792","TUR","Türkiye","X","Export","0","W00","World","0","W00","World","H0","HS","true","0708","Leguminous vegetables; shelled or unshelled, fresh or chilled","4","false","C00","TOTAL CPC","0","0","TOTAL MOT","8","kg","748782","false","-1","N/A",,"false","748782","false",,"false",,"502358","502358","0","true","false",
"C","A","19940101","1994","52","1994","792","TUR","Türkiye","X","Export","0","W00","World","0","W00","World","H0","HS","true","0709","Vegetables, n.e.s. in chapter 07; fresh or chilled","4","false","C00","TOTAL CPC","0","0","TOTAL MOT","8","kg","33866491","false","-1","N/A",,"false","33866491","false",,"false",,"24776401","24776401","0","true","false",
"C","A","19940101","1994","52","1994","792","TUR","Türkiye","X","Export","0","W00","World","0","W00","World","H0","HS","true","0712","Vegetables, dried; whole, cut, sliced, broken or in powder, but not further prepared","4","false","C00","TOTAL CPC","0","0","TOTAL MOT","8","kg","2893240","false","-1","N/A",,"false","2893240","false",,"false",,"14521197","14521197","0","true","false",
"C","A","19950101","1995","52","1995","32","ARG","Argentina","X","Export","0","W00","World","0","W00","World","H0","HS","true","0701","Potatoes; fresh or chilled","4","false","C00","TOTAL CPC","0","0","TOTAL MOT","8","kg","47019860","false","-1","N/A",,"false","47019860","false",,"false",,"7544336","7544336","0","true","false",
"C","A","19950101","1995","52","1995","32","ARG","Argentina","X","Export","0","W00","World","0","W00","World","H0","HS","true","0702","Tomatoes; fresh or chilled","4","false","C00","TOTAL CPC","0","0","TOTAL MOT","8","kg","1025261","false","-1","N/A",,"false","1025261","false",,"false",,"314582","314582","0","true","false",
"C","A","19950101","1995","52","1995","32","ARG","Argentina","X","Export","0","W00","World","0","W00","World","H0","HS","true","0703","Onions, shallots, garlic, leeks and other alliaceous vegetables; fresh or chilled","4","false","C00","TOTAL CPC","0","0","TOTAL MOT","8","kg","232205520","false","-1","N/A",,"false","232205520","false",,"false",,"110583456","110583456","0","true","false",
"C","A","19950101","1995","52","1995","68","BOL","Bolivia (Plurinational State of)","X","Export","0","W00","World","0","W00","World","H0","HS","true","0703","Onions, shallots, garlic, leeks and other alliaceous vegetables; fresh or chilled","4","false","C00","TOTAL CPC","0","0","TOTAL MOT","8","kg","221620","false","-1","N/A",,"false","221620","false",,"false",,"94296","94296","0","true","false",
"C","A","19950101","1995","52","1995","32","ARG","Argentina","X","Export","0","W00","World","0","W00","World","H0","HS","true","0704","Cabbages, cauliflowers, kohlrabi, kale and similar edible brassicas; fresh or chilled","4","false","C00","TOTAL CPC","0","0","TOTAL MOT","8","kg","3776","false","-1","N/A",,"false","3776","false",,"false",,"9032","9032","0","true","false",
"C","A","19950101","1995","52","1995","32","ARG","Argentina","X","Export","0","W00","World","0","W00","World","H0","HS","true","0705","Lettuce (lactuca sativa) and chicory (cichorium spp.) fresh or chilled","4","false","C00","TOTAL CPC","0","0","TOTAL MOT","8","kg","2687","false","-1","N/A",,"false","2687","false",,"false",,"1800","1800","0","true","false",
"C","A","19950101","1995","52","1995","32","ARG","Argentina","X","Export","0","W00","World","0","W00","World","H0","HS","true","0706","Carrots, turnips, salad beetroot, salsify, celeriac, radishes and similar edible roots; fresh or chilled","4","false","C00","TOTAL CPC","0","0","TOTAL MOT","8","kg","847682","false","-1","N/A",,"false","847682","false",,"false",,"184102","184102","0","true","false",
"C","A","19950101","1995","52","1995","32","ARG","Argentina","X","Export","0","W00","World","0","W00","World","H0","HS","true","0707","Cucumbers and gherkins; fresh or chilled","4","false","C00","TOTAL CPC","0","0","TOTAL MOT","8","kg","238","false","-1","N/A",,"false","238","false",,"false",,"398","398","0","true","false",
"C","A","19950101","1995","52","1995","32","ARG","Argentina","X","Export","0","W00","World","0","W00","World","H0","HS","true","0708","Leguminous vegetables; shelled or unshelled, fresh or chilled","4","false","C00","TOTAL CPC","0","0","TOTAL MOT","8","kg","425941","false","-1","N/A",,"false","425941","false",,"false",,"144564","144564","0","true","false",
"C","A","19950101","1995","52","1995","68","BOL","Bolivia (Plurinational State of)","X","Export","0","W00","World","0","W00","World","H0","HS","true","0708","Leguminous vegetables; shelled or unshelled, fresh or chilled","4","false","C00","TOTAL CPC","0","0","TOTAL MOT","8","kg","45","false","-1","N/A",,"false","45","false",,"false",,"34","34","0","true","false",
"C","A","19950101","1995","52","1995","32","ARG","Argentina","X","Export","0","W00","World","0","W00","World","H0","HS","true","0709","Vegetables, n.e.s. in chapter 07; fresh or chilled","4","false","C00","TOTAL CPC","0","0","TOTAL MOT","8","kg","1402904","false","-1","N/A",,"false","1402904","false",,"false",,"2687862","2687862","0","true","false",
"C","A","19950101","1995","52","1995","32","ARG","Argentina","X","Export","0","W00","World","0","W00","World","H0","HS","true","0712","Vegetables, dried; whole, cut, sliced, broken or in powder, but not further prepared","4","false","C00","TOTAL CPC","0","0","TOTAL MOT","8","kg","1528898","false","-1","N/A",,"false","1528898","false",,"false",,"6313679","6313679","0","true","false",
"C","A","19950101","1995","52","1995","68","BOL","Bolivia (Plurinational State of)","X","Export","0","W00","World","0","W00","World","H0","HS","true","0712","Vegetables, dried; whole, cut, sliced, broken or in powder, but not further prepared","4","false","C00","TOTAL CPC","0","0","TOTAL MOT","8","kg","6295","false","-1","N/A",,"false","6295","false",,"false",,"8821","8821","0","true","false",
"C","A","19950101","1995","52","1995","188","CRI","Costa Rica","X","Export","0","W00","World","0","W00","World","H0","HS","true","0701","Potatoes; fresh or chilled","4","false","C00","TOTAL CPC","0","0","TOTAL MOT","8","kg","311620","false","-1","N/A",,"false","311620","false",,"false",,"39561","39561","0","true","false",
"C","A","19950101","1995","52","1995","188","CRI","Costa Rica","X","Export","0","W00","World","0","W00","World","H0","HS","true","0702","Tomatoes; fresh or chilled","4","false","C00","TOTAL CPC","0","0","TOTAL MOT","8","kg","117842","false","-1","N/A",,"false","117842","false",,"false",,"93698","93698","0","true","false",
"C","A","19950101","1995","52","1995","188","CRI","Costa Rica","X","Export","0","W00","World","0","W00","World","H0","HS","true","0703","Onions, shallots, garlic, leeks and other alliaceous vegetables; fresh or chilled","4","false","C00","TOTAL CPC","0","0","TOTAL MOT","8","kg","1960773","false","-1","N/A",,"false","1960773","false",,"false",,"2906028","2906028","0","true","false",
"C","A","19950101","1995","52","1995","188","CRI","Costa Rica","X","Export","0","W00","World","0","W00","World","H0","HS","true","0704","Cabbages, cauliflowers, kohlrabi, kale and similar edible brassicas; fresh or chilled","4","false","C00","TOTAL CPC","0","0","TOTAL MOT","8","kg","786242","false","-1","N/A",,"false","786242","false",,"false",,"220289","220289","0","true","false",
"C","A","19950101","1995","52","1995","188","CRI","Costa Rica","X","Export","0","W00","World","0","W00","World","H0","HS","true","0705","Lettuce (lactuca sativa) and chicory (cichorium spp.) fresh or chilled","4","false","C00","TOTAL CPC","0","0","TOTAL MOT","8","kg","31468","false","-1","N/A",,"false","31468","false",,"false",,"4513","4513","0","true","false",
"C","A","19950101","1995","52","1995","188","CRI","Costa Rica","X","Export","0","W00","World","0","W00","World","H0","HS","true","0706","Carrots, turnips, salad beetroot, salsify, celeriac, radishes and similar edible roots; fresh or chilled","4","false","C00","TOTAL CPC","0","0","TOTAL MOT","8","kg","1634229","false","-1","N/A",,"false","1634229","false",,"false",,"767455","767455","0","true","false",
"C","A","19950101","1995","52","1995","188","CRI","Costa Rica","X","Export","0","W00","World","0","W00","World","H0","HS","true","0707","Cucumbers and gherkins; fresh or chilled","4","false","C00","TOTAL CPC","0","0","TOTAL MOT","8","kg","1174","false","-1","N/A",,"false","1174","false",,"false",,"898","898","0","true","false",
"C","A","19950101","1995","52","1995","188","CRI","Costa Rica","X","Export","0","W00","World","0","W00","World","H0","HS","true","0708","Leguminous vegetables; shelled or unshelled, fresh or chilled","4","false","C00","TOTAL CPC","0","0","TOTAL MOT","8","kg","28039","false","-1","N/A",,"false","28039","false",,"false",,"25523","25523","0","true","false",
"C","A","19950101","1995","52","1995","188","CRI","Costa Rica","X","Export","0","W00","World","0","W00","World","H0","HS","true","0709","Vegetables, n.e.s. in chapter 07; fresh or chilled","4","false","C00","TOTAL CPC","0","0","TOTAL MOT","8","kg","24236644","false","-1","N/A",,"false","24236644","false",,"false",,"13580661","13580661","0","true","false",
"C","A","19950101","1995","52","1995","188","CRI","Costa Rica","X","Export","0","W00","World","0","W00","World","H0","HS","true","0712","Vegetables, dried; whole, cut, sliced, broken or in powder, but not further prepared","4","false","C00","TOTAL CPC","0","0","TOTAL MOT","8","kg","64211","false","-1","N/A",,"false","64211","false",,"false",,"144292","144292","0","true","false",
"C","A","19950101","1995","52","1995","218","ECU","Ecuador","X","Export","0","W00","World","0","W00","World","H0","HS","true","0701","Potatoes; fresh or chilled","4","false","C00","TOTAL CPC","0","0","TOTAL MOT","8","kg","1010000","false","-1","N/A",,"false","1010000","false",,"false",,"89199","89199","0","true","false",
"C","A","19950101","1995","52","1995","218","ECU","Ecuador","X","Export","0","W00","World","0","W00","World","H0","HS","true","0703","Onions, shallots, garlic, leeks and other alliaceous vegetables; fresh or chilled","4","false","C00","TOTAL CPC","0","0","TOTAL MOT","8","kg","363125","false","-1","N/A",,"false","363125","false",,"false",,"242571","242571","0","true","false",
"C","A","19950101","1995","52","1995","218","ECU","Ecuador","X","Export","0","W00","World","0","W00","World","H0","HS","true","0704","Cabbages, cauliflowers, kohlrabi, kale and similar edible brassicas; fresh or chilled","4","false","C00","TOTAL CPC","0","0","TOTAL MOT","8","kg","6184230","false","-1","N/A",,"false","6184230","false",,"false",,"6313006","6313006","0","true","false",
"C","A","19950101","1995","52","1995","218","ECU","Ecuador","X","Export","0","W00","World","0","W00","World","H0","HS","true","0705","Lettuce (lactuca sativa) and chicory (cichorium spp.) fresh or chilled","4","false","C00","TOTAL CPC","0","0","TOTAL MOT","8","kg","251171","false","-1","N/A",,"false","251171","false",,"false",,"56491","56491","0","true","false",
"C","A","19950101","1995","52","1995","218","ECU","Ecuador","X","Export","0","W00","World","0","W00","World","H0","HS","true","0706","Carrots, turnips, salad beetroot, salsify, celeriac, radishes and similar edible roots; fresh or chilled","4","false","C00","TOTAL CPC","0","0","TOTAL MOT","8","kg","13824","false","-1","N/A",,"false","13824","false",,"false",,"14682","14682","0","true","false",
"C","A","19950101","1995","52","1995","218","ECU","Ecuador","X","Export","0","W00","World","0","W00","World","H0","HS","true","0707","Cucumbers and gherkins; fresh or chilled","4","false","C00","TOTAL CPC","0","0","TOTAL MOT","8","kg","106547","false","-1","N/A",,"false","106547","false",,"false",,"115270","115270","0","true","false",
"C","A","19950101","1995","52","1995","218","ECU","Ecuador","X","Export","0","W00","World","0","W00","World","H0","HS","true","0708","Leguminous vegetables; shelled or unshelled, fresh or chilled","4","false","C00","TOTAL CPC","0","0","TOTAL MOT","8","kg","18233","false","-1","N/A",,"false","18233","false",,"false",,"20792","20792","0","true","false",
"C","A","19950101","1995","52","1995","218","ECU","Ecuador","X","Export","0","W00","World","0","W00","World","H0","HS","true","0709","Vegetables, n.e.s. in chapter 07; fresh or chilled","4","false","C00","TOTAL CPC","0","0","TOTAL MOT","8","kg","578868","false","-1","N/A",,"false","578868","false",,"false",,"747883","747883","0","true","false",
"C","A","19950101","1995","52","1995","218","ECU","Ecuador","X","Export","0","W00","World","0","W00","World","H0","HS","true","0712","Vegetables, dried; whole, cut, sliced, broken or in powder, but not further prepared","4","false","C00","TOTAL CPC","0","0","TOTAL MOT","8","kg","180481","false","-1","N/A",,"false","180481","false",,"false",,"498345","498345","0","true","false",
"C","A","19950101","1995","52","1995","320","GTM","Guatemala","X","Export","0","W00","World","0","W00","World","H0","HS","true","0701","Potatoes; fresh or chilled","4","false","C00","TOTAL CPC","0","0","TOTAL MOT","8","kg","24590420","false","-1","N/A",,"false","24590420","false",,"false",,"1378502","1378502","0","true","false",
"C","A","19950101","1995","52","1995","340","HND","Honduras","X","Export","0","W00","World","0","W00","World","H0","HS","true","0701","Potatoes; fresh or chilled","4","false","C00","TOTAL CPC","0","0","TOTAL MOT","8","kg","1975499","false","-1","N/A",,"false","1975499","false",,"false",,"16191","16191","0","true","false",
"C","A","19950101","1995","52","1995","320","GTM","Guatemala","X","Export","0","W00","World","0","W00","World","H0","HS","true","0702","Tomatoes; fresh or chilled","4","false","C00","TOTAL CPC","0","0","TOTAL MOT","8","kg","194718","false","-1","N/A",,"false","194718","false",,"false",,"10484","10484","0","true","false",
"C","A","19950101","1995","52","1995","340","HND","Honduras","X","Export","0","W00","World","0","W00","World","H0","HS","true","0702","Tomatoes; fresh or chilled","4","false","C00","TOTAL CPC","0","0","TOTAL MOT","8","kg","1228726","false","-1","N/A",,"false","1228726","false",,"false",,"17250","17250","0","true","false",
"C","A","19950101","1995","52","1995","320","GTM","Guatemala","X","Export","0","W00","World","0","W00","World","H0","HS","true","0703","Onions, shallots, garlic, leeks and other alliaceous vegetables; fresh or chilled","4","false","C00","TOTAL CPC","0","0","TOTAL MOT","8","kg","11019644","false","-1","N/A",,"false","11019644","false",,"false",,"1435114","1435114","0","true","false",
"C","A","19950101","1995","52","1995","340","HND","Honduras","X","Export","0","W00","World","0","W00","World","H0","HS","true","0703","Onions, shallots, garlic, leeks and other alliaceous vegetables; fresh or chilled","4","false","C00","TOTAL CPC","0","0","TOTAL MOT","8","kg","35000","false","-1","N/A",,"false","35000","false",,"false",,"229","229","0","true","false",
"C","A","19950101","1995","52","1995","320","GTM","Guatemala","X","Export","0","W00","World","0","W00","World","H0","HS","true","0704","Cabbages, cauliflowers, kohlrabi, kale and similar edible brassicas; fresh or chilled","4","false","C00","TOTAL CPC","0","0","TOTAL MOT","8","kg","36968884","false","-1","N/A",,"false","36968884","false",,"false",,"10946671","10946671","0","true","false",
"C","A","19950101","1995","52","1995","340","HND","Honduras","X","Export","0","W00","World","0","W00","World","H0","HS","true","0704","Cabbages, cauliflowers, kohlrabi, kale and similar edible brassicas; fresh or chilled","4","false","C00","TOTAL CPC","0","0","TOTAL MOT","8","kg","73000","false","-1","N/A",,"false","73000","false",,"false",,"545","545","0","true","false",
"C","A","19950101","1995","52","1995","320","GTM","Guatemala","X","Export","0","W00","World","0","W00","World","H0","HS","true","0705","Lettuce (lactuca sativa) and chicory (cichorium spp.) fresh or chilled","4","false","C00","TOTAL CPC","0","0","TOTAL MOT","8","kg","3779507","false","-1","N/A",,"false","3779507","false",,"false",,"881843","881843","0","true","false",
"C","A","19950101","1995","52","1995","340","HND","Honduras","X","Export","0","W00","World","0","W00","World","H0","HS","true","0705","Lettuce (lactuca sativa) and chicory (cichorium spp.) fresh or chilled","4","false","C00","TOTAL CPC","0","0","TOTAL MOT","8","kg","208000","false","-1","N/A",,"false","208000","false",,"false",,"1487","1487","0","true","false",
"C","A","19950101","1995","52","1995","320","GTM","Guatemala","X","Export","0","W00","World","0","W00","World","H0","HS","true","0706","Carrots, turnips, salad beetroot, salsify, celeriac, radishes and similar edible roots; fresh or chilled","4","false","C00","TOTAL CPC","0","0","TOTAL MOT","8","kg","6022670","false","-1","N/A",,"false","6022670","false",,"false",,"303793","303793","0","true","false",
"C","A","19950101","1995","52","1995","340","HND","Honduras","X","Export","0","W00","World","0","W00","World","H0","HS","true","0706","Carrots, turnips, salad beetroot, salsify, celeriac, radishes and similar edible roots; fresh or chilled","4","false","C00","TOTAL CPC","0","0","TOTAL MOT","8","kg","13000","false","-1","N/A",,"false","13000","false",,"false",,"4172","4172","0","true","false",
"C","A","19950101","1995","52","1995","320","GTM","Guatemala","X","Export","0","W00","World","0","W00","World","H0","HS","true","0707","Cucumbers and gherkins; fresh or chilled","4","false","C00","TOTAL CPC","0","0","TOTAL MOT","8","kg","57972","false","-1","N/A",,"false","57972","false",,"false",,"7335","7335","0","true","false",
"C","A","19950101","1995","52","1995","340","HND","Honduras","X","Export","0","W00","World","0","W00","World","H0","HS","true","0707","Cucumbers and gherkins; fresh or chilled","4","false","C00","TOTAL CPC","0","0","TOTAL MOT","8","kg","6051000","false","-1","N/A",,"false","6051000","false",,"false",,"1062673","1062673","0","true","false",
"C","A","19950101","1995","52","1995","320","GTM","Guatemala","X","Export","0","W00","World","0","W00","World","H0","HS","true","0708","Leguminous vegetables; shelled or unshelled, fresh or chilled","4","false","C00","TOTAL CPC","0","0","TOTAL MOT","8","kg","3179176","false","-1","N/A",,"false","3179176","false",,"false",,"978831","978831","0","true","false",
"C","A","19950101","1995","52","1995","340","HND","Honduras","X","Export","0","W00","World","0","W00","World","H0","HS","true","0708","Leguminous vegetables; shelled or unshelled, fresh or chilled","4","false","C00","TOTAL CPC","0","0","TOTAL MOT","8","kg","2817372","false","-1","N/A",,"false","2817372","false",,"false",,"667569","667569","0","true","false",
"C","A","19950101","1995","52","1995","320","GTM","Guatemala","X","Export","0","W00","World","0","W00","World","H0","HS","true","0709","Vegetables, n.e.s. in chapter 07; fresh or chilled","4","false","C00","TOTAL CPC","0","0","TOTAL MOT","8","kg","4142442","false","-1","N/A",,"false","4142442","false",,"false",,"1228397","1228397","0","true","false",
"C","A","19950101","1995","52","1995","340","HND","Honduras","X","Export","0","W00","World","0","W00","World","H0","HS","true","0709","Vegetables, n.e.s. in chapter 07; fresh or chilled","4","false","C00","TOTAL CPC","0","0","TOTAL MOT","8","kg","802926","false","-1","N/A",,"false","802926","false",,"false",,"282332","282332","0","true","false",
"C","A","19950101","1995","52","1995","320","GTM","Guatemala","X","Export","0","W00","World","0","W00","World","H0","HS","true","0712","Vegetables, dried; whole, cut, sliced, broken or in powder, but not further prepared","4","false","C00","TOTAL CPC","0","0","TOTAL MOT","8","kg","178678","false","-1","N/A",,"false","178678","false",,"false",,"73286","73286","0","true","false",
"C","A","19950101","1995","52","1995","340","HND","Honduras","X","Export","0","W00","World","0","W00","World","H0","HS","true","0712","Vegetables, dried; whole, cut, sliced, broken or in powder, but not further prepared","4","false","C00","TOTAL CPC","0","0","TOTAL MOT","8","kg","182988","false","-1","N/A",,"false","182988","false",,"false",,"1589","1589","0","true","false",
"C","A","19950101","1995","52","1995","360","IDN","Indonesia","X","Export","0","W00","World","0","W00","World","H0","HS","true","0701","Potatoes; fresh or chilled","4","false","C00","TOTAL CPC","0","0","TOTAL MOT","8","kg","102971120","false","-1","N/A",,"false","102971120","false",,"false",,"18127228","18127228","0","true","false",
"C","A","19950101","1995","52","1995","360","IDN","Indonesia","X","Export","0","W00","World","0","W00","World","H0","HS","true","0702","Tomatoes; fresh or chilled","4","false","C00","TOTAL CPC","0","0","TOTAL MOT","8","kg","3062834","false","-1","N/A",,"false","3062834","false",,"false",,"902702","902702","0","true","false",
"C","A","19950101","1995","52","1995","360","IDN","Indonesia","X","Export","0","W00","World","0","W00","World","H0","HS","true","0703","Onions, shallots, garlic, leeks and other alliaceous vegetables; fresh or chilled","4","false","C00","TOTAL CPC","0","0","TOTAL MOT","8","kg","6107577","false","-1","N/A",,"false","6107577","false",,"false",,"1636850","1636850","0","true","false",
"C","A","19950101","1995","52","1995","360","IDN","Indonesia","X","Export","0","W00","World","0","W00","World","H0","HS","true","0704","Cabbages, cauliflowers, kohlrabi, kale and similar edible brassicas; fresh or chilled","4","false","C00","TOTAL CPC","0","0","TOTAL MOT","8","kg","64521900","false","-1","N/A",,"false","64521900","false",,"false",,"9285297","9285297","0","true","false",
"C","A","19950101","1995","52","1995","360","IDN","Indonesia","X","Export","0","W00","World","0","W00","World","H0","HS","true","0705","Lettuce (lactuca sativa) and chicory (cichorium spp.) fresh or chilled","4","false","C00","TOTAL CPC","0","0","TOTAL MOT","8","kg","120501","false","-1","N/A",,"false","120501","false",,"false",,"105544","105544","0","true","false",
"C","A","19950101","1995","52","1995","360","IDN","Indonesia","X","Export","0","W00","World","0","W00","World","H0","HS","true","0706","Carrots, turnips, salad beetroot, salsify, celeriac, radishes and similar edible roots; fresh or chilled","4","false","C00","TOTAL CPC","0","0","TOTAL MOT","8","kg","2514130","false","-1","N/A",,"false","2514130","false",,"false",,"727357","727357","0","true","false",
"C","A","19950101","1995","52","1995","360","IDN","Indonesia","X","Export","0","W00","World","0","W00","World","H0","HS","true","0707","Cucumbers and gherkins; fresh or chilled","4","false","C00","TOTAL CPC","0","0","TOTAL MOT","8","kg","29004","false","-1","N/A",,"false","29004","false",,"false",,"28112","28112","0","true","false",
"C","A","19950101","1995","52","1995","360","IDN","Indonesia","X","Export","0","W00","World","0","W00","World","H0","HS","true","0708","Leguminous vegetables; shelled or unshelled, fresh or chilled","4","false","C00","TOTAL CPC","0","0","TOTAL MOT","8","kg","1716304","false","-1","N/A",,"false","1716304","false",,"false",,"715976","715976","0","true","false",
"C","A","19950101","1995","52","1995","360","IDN","Indonesia","X","Export","0","W00","World","0","W00","World","H0","HS","true","0709","Vegetables, n.e.s. in chapter 07; fresh or chilled","4","false","C00","TOTAL CPC","0","0","TOTAL MOT","8","kg","5600095","false","-1","N/A",,"false","5600095","false",,"false",,"7182094","7182094","0","true","false",
"C","A","19950101","1995","52","1995","360","IDN","Indonesia","X","Export","0","W00","World","0","W00","World","H0","HS","true","0712","Vegetables, dried; whole, cut, sliced, broken or in powder, but not further prepared","4","false","C00","TOTAL CPC","0","0","TOTAL MOT","8","kg","1518602","false","-1","N/A",,"false","1518602","false",,"false",,"1225624","1225624","0","true","false",
"C","A","19950101","1995","52","1995","504","MAR","Morocco","X","Export","0","W00","World","0","W00","World","H0","HS","true","0701","Potatoes; fresh or chilled","4","false","C00","TOTAL CPC","0","0","TOTAL MOT","8","kg","96853432","false","-1","N/A",,"false","96853432","false",,"false",,"48675088","48675088","0","true","false",
"C","A","19950101","1995","52","1995","504","MAR","Morocco","X","Export","0","W00","World","0","W00","World","H0","HS","true","0702","Tomatoes; fresh or chilled","4","false","C00","TOTAL CPC","0","0","TOTAL MOT","8","kg","156220800","false","-1","N/A",,"false","156220800","false",,"false",,"71806032","71806032","0","true","false",
"C","A","19950101","1995","52","1995","504","MAR","Morocco","X","Export","0","W00","World","0","W00","World","H0","HS","true","0703","Onions, shallots, garlic, leeks and other alliaceous vegetables; fresh or chilled","4","false","C00","TOTAL CPC","0","0","TOTAL MOT","8","kg","838455","false","-1","N/A",,"false","838455","false",,"false",,"705730","705730","0","true","false",
"C","A","19950101","1995","52","1995","504","MAR","Morocco","X","Export","0","W00","World","0","W00","World","H0","HS","true","0704","Cabbages, cauliflowers, kohlrabi, kale and similar edible brassicas; fresh or chilled","4","false","C00","TOTAL CPC","0","0","TOTAL MOT","8","kg","26375","false","-1","N/A",,"false","26375","false",,"false",,"22197","22197","0","true","false",
"C","A","19950101","1995","52","1995","504","MAR","Morocco","X","Export","0","W00","World","0","W00","World","H0","HS","true","0706","Carrots, turnips, salad beetroot, salsify, celeriac, radishes and similar edible roots; fresh or chilled","4","false","C00","TOTAL CPC","0","0","TOTAL MOT","8","kg","25058","false","-1","N/A",,"false","25058","false",,"false",,"22927","22927","0","true","false",
"C","A","19950101","1995","52","1995","504","MAR","Morocco","X","Export","0","W00","World","0","W00","World","H0","HS","true","0707","Cucumbers and gherkins; fresh or chilled","4","false","C00","TOTAL CPC","0","0","TOTAL MOT","8","kg","751030","false","-1","N/A",,"false","751030","false",,"false",,"347768","347768","0","true","false",
"C","A","19950101","1995","52","1995","504","MAR","Morocco","X","Export","0","W00","World","0","W00","World","H0","HS","true","0708","Leguminous vegetables; shelled or unshelled, fresh or chilled","4","false","C00","TOTAL CPC","0","0","TOTAL MOT","8","kg","5277177","false","-1","N/A",,"false","5277177","false",,"false",,"4063101","4063101","0","true","false",
"C","A","19950101","1995","52","1995","504","MAR","Morocco","X","Export","0","W00","World","0","W00","World","H0","HS","true","0709","Vegetables, n.e.s. in chapter 07; fresh or chilled","4","false","C00","TOTAL CPC","0","0","TOTAL MOT","8","kg","7437229","false","-1","N/A",,"false","7437229","false",,"false",,"7756292","7756292","0","true","false",
"C","A","19950101","1995","52","1995","504","MAR","Morocco","X","Export","0","W00","World","0","W00","World","H0","HS","true","0712","Vegetables, dried; whole, cut, sliced, broken or in powder, but not further prepared","4","false","C00","TOTAL CPC","0","0","TOTAL MOT","8","kg","3607204","false","-1","N/A",,"false","3607204","false",,"false",,"4202932","4202932","0","true","false",
"C","A","19950101","1995","52","1995","724","ESP","Spain","X","Export","0","W00","World","0","W00","World","H0","HS","true","0701","Potatoes; fresh or chilled","4","false","C00","TOTAL CPC","0","0","TOTAL MOT","8","kg","193955648","false","-1","N/A",,"false","193955648","false",,"false",,"102118464","102118464","0","true","false",
"C","A","19950101","1995","52","1995","724","ESP","Spain","X","Export","0","W00","World","0","W00","World","H0","HS","true","0702","Tomatoes; fresh or chilled","4","false","C00","TOTAL CPC","0","0","TOTAL MOT","8","kg","720752384","false","-1","N/A",,"false","720752384","false",,"false",,"636355584","636355584","0","true","false",
"C","A","19950101","1995","52","1995","724","ESP","Spain","X","Export","0","W00","World","0","W00","World","H0","HS","true","0703","Onions, shallots, garlic, leeks and other alliaceous vegetables; fresh or chilled","4","false","C00","TOTAL CPC","0","0","TOTAL MOT","8","kg","285405664","false","-1","N/A",,"false","285405664","false",,"false",,"129457376","129457376","0","true","false",
"C","A","19950101","1995","52","1995","724","ESP","Spain","X","Export","0","W00","World","0","W00","World","H0","HS","true","0704","Cabbages, cauliflowers, kohlrabi, kale and similar edible brassicas; fresh or chilled","4","false","C00","TOTAL CPC","0","0","TOTAL MOT","8","kg","159792128","false","-1","N/A",,"false","159792128","false",,"false",,"143766368","143766368","0","true","false",
"C","A","19950101","1995","52","1995","724","ESP","Spain","X","Export","0","W00","World","0","W00","World","H0","HS","true","0705","Lettuce (lactuca sativa) and chicory (cichorium spp.) fresh or chilled","4","false","C00","TOTAL CPC","0","0","TOTAL MOT","8","kg","306351232","false","-1","N/A",,"false","306351232","false",,"false",,"231414240","231414240","0","true","false",
"C","A","19950101","1995","52","1995","724","ESP","Spain","X","Export","0","W00","World","0","W00","World","H0","HS","true","0706","Carrots, turnips, salad beetroot, salsify, celeriac, radishes and similar edible roots; fresh or chilled","4","false","C00","TOTAL CPC","0","0","TOTAL MOT","8","kg","54520568","false","-1","N/A",,"false","54520568","false",,"false",,"26767964","26767964","0","true","false",
"C","A","19950101","1995","52","1995","724","ESP","Spain","X","Export","0","W00","World","0","W00","World","H0","HS","true","0707","Cucumbers and gherkins; fresh or chilled","4","false","C00","TOTAL CPC","0","0","TOTAL MOT","8","kg","234238432","false","-1","N/A",,"false","234238432","false",,"false",,"189437936","189437936","0","true","false",
"C","A","19950101","1995","52","1995","724","ESP","Spain","X","Export","0","W00","World","0","W00","World","H0","HS","true","0708","Leguminous vegetables; shelled or unshelled, fresh or chilled","4","false","C00","TOTAL CPC","0","0","TOTAL MOT","8","kg","32057826","false","-1","N/A",,"false","32057826","false",,"false",,"57406648","57406648","0","true","false",
"C","A","19950101","1995","52","1995","724","ESP","Spain","X","Export","0","W00","World","0","W00","World","H0","HS","true","0709","Vegetables, n.e.s. in chapter 07; fresh or chilled","4","false","C00","TOTAL CPC","0","0","TOTAL MOT","8","kg","565882240","false","-1","N/A",,"false","565882240","false",,"false",,"650284416","650284416","0","true","false",
"C","A","19950101","1995","52","1995","724","ESP","Spain","X","Export","0","W00","World","0","W00","World","H0","HS","true","0712","Vegetables, dried; whole, cut, sliced, broken or in powder, but not further prepared","4","false","C00","TOTAL CPC","0","0","TOTAL MOT","8","kg","12577798","false","-1","N/A",,"false","12577798","false",,"false",,"17876004","17876004","0","true","false",
"C","A","19950101","1995","52","1995","764","THA","Thailand","X","Export","0","W00","World","0","W00","World","H0","HS","true","0701","Potatoes; fresh or chilled","4","false","C00","TOTAL CPC","0","0","TOTAL MOT","8","kg","103308","false","-1","N/A",,"false","103308","false",,"false",,"49486","49486","0","true","false",
"C","A","19950101","1995","52","1995","764","THA","Thailand","X","Export","0","W00","World","0","W00","World","H0","HS","true","0702","Tomatoes; fresh or chilled","4","false","C00","TOTAL CPC","0","0","TOTAL MOT","8","kg","2383085","false","-1","N/A",,"false","2383085","false",,"false",,"297483","297483","0","true","false",
"C","A","19950101","1995","52","1995","764","THA","Thailand","X","Export","0","W00","World","0","W00","World","H0","HS","true","0703","Onions, shallots, garlic, leeks and other alliaceous vegetables; fresh or chilled","4","false","C00","TOTAL CPC","0","0","TOTAL MOT","8","kg","20846718","false","-1","N/A",,"false","20846718","false",,"false",,"10472620","10472620","0","true","false",
"C","A","19950101","1995","52","1995","764","THA","Thailand","X","Export","0","W00","World","0","W00","World","H0","HS","true","0704","Cabbages, cauliflowers, kohlrabi, kale and similar edible brassicas; fresh or chilled","4","false","C00","TOTAL CPC","0","0","TOTAL MOT","8","kg","126062","false","-1","N/A",,"false","126062","false",,"false",,"71564","71564","0","true","false",
"C","A","19950101","1995","52","1995","764","THA","Thailand","X","Export","0","W00","World","0","W00","World","H0","HS","true","0705","Lettuce (lactuca sativa) and chicory (cichorium spp.) fresh or chilled","4","false","C00","TOTAL CPC","0","0","TOTAL MOT","8","kg","3694","false","-1","N/A",,"false","3694","false",,"false",,"3857","3857","0","true","false",
"C","A","19950101","1995","52","1995","764","THA","Thailand","X","Export","0","W00","World","0","W00","World","H0","HS","true","0706","Carrots, turnips, salad beetroot, salsify, celeriac, radishes and similar edible roots; fresh or chilled","4","false","C00","TOTAL CPC","0","0","TOTAL MOT","8","kg","174334","false","-1","N/A",,"false","174334","false",,"false",,"2451002","2451002","0","true","false",
"C","A","19950101","1995","52","1995","764","THA","Thailand","X","Export","0","W00","World","0","W00","World","H0","HS","true","0707","Cucumbers and gherkins; fresh or chilled","4","false","C00","TOTAL CPC","0","0","TOTAL MOT","8","kg","356437","false","-1","N/A",,"false","356437","false",,"false",,"413659","413659","0","true","false",
"C","A","19950101","1995","52","1995","764","THA","Thailand","X","Export","0","W00","World","0","W00","World","H0","HS","true","0708","Leguminous vegetables; shelled or unshelled, fresh or chilled","4","false","C00","TOTAL CPC","0","0","TOTAL MOT","8","kg","172832","false","-1","N/A",,"false","172832","false",,"false",,"598497","598497","0","true","false",
"C","A","19950101","1995","52","1995","764","THA","Thailand","X","Export","0","W00","World","0","W00","World","H0","HS","true","0709","Vegetables, n.e.s. in chapter 07; fresh or chilled","4","false","C00","TOTAL CPC","0","0","TOTAL MOT","8","kg","28564452","false","-1","N/A",,"false","28564452","false",,"false",,"23900954","23900954","0","true","false",
"C","A","19950101","1995","52","1995","764","THA","Thailand","X","Export","0","W00","World","0","W00","World","H0","HS","true","0712","Vegetables, dried; whole, cut, sliced, broken or in powder, but not further prepared","4","false","C00","TOTAL CPC","0","0","TOTAL MOT","8","kg","3097947","false","-1","N/A",,"false","3097947","false",,"false",,"5191947","5191947","0","true","false",
"C","A","19950101","1995","52","1995","792","TUR","Türkiye","X","Export","0","W00","World","0","W00","World","H0","HS","true","0701","Potatoes; fresh or chilled","4","false","C00","TOTAL CPC","0","0","TOTAL MOT","8","kg","103514752","false","-1","N/A",,"false","103514752","false",,"false",,"23866350","23866350","0","true","false",
"C","A","19950101","1995","52","1995","792","TUR","Türkiye","X","Export","0","W00","World","0","W00","World","H0","HS","true","0702","Tomatoes; fresh or chilled","4","false","C00","TOTAL CPC","0","0","TOTAL MOT","8","kg","96575296","false","-1","N/A",,"false","96575296","false",,"false",,"36835296","36835296","0","true","false",
"C","A","19950101","1995","52","1995","792","TUR","Türkiye","X","Export","0","W00","World","0","W00","World","H0","HS","true","0703","Onions, shallots, garlic, leeks and other alliaceous vegetables; fresh or chilled","4","false","C00","TOTAL CPC","0","0","TOTAL MOT","8","kg","116343488","false","-1","N/A",,"false","116343488","false",,"false",,"22696488","22696488","0","true","false",
"C","A","19950101","1995","52","1995","792","TUR","Türkiye","X","Export","0","W00","World","0","W00","World","H0","HS","true","0704","Cabbages, cauliflowers, kohlrabi, kale and similar edible brassicas; fresh or chilled","4","false","C00","TOTAL CPC","0","0","TOTAL MOT","8","kg","2562260","false","-1","N/A",,"false","2562260","false",,"false",,"894409","894409","0","true","false",
"C","A","19950101","1995","52","1995","792","TUR","Türkiye","X","Export","0","W00","World","0","W00","World","H0","HS","true","0705","Lettuce (lactuca sativa) and chicory (cichorium spp.) fresh or chilled","4","false","C00","TOTAL CPC","0","0","TOTAL MOT","8","kg","852484","false","-1","N/A",,"false","852484","false",,"false",,"278470","278470","0","true","false",
"C","A","19950101","1995","52","1995","792","TUR","Türkiye","X","Export","0","W00","World","0","W00","World","H0","HS","true","0706","Carrots, turnips, salad beetroot, salsify, celeriac, radishes and similar edible roots; fresh or chilled","4","false","C00","TOTAL CPC","0","0","TOTAL MOT","8","kg","8304263","false","-1","N/A",,"false","8304263","false",,"false",,"2188273","2188273","0","true","false",
"C","A","19950101","1995","52","1995","792","TUR","Türkiye","X","Export","0","W00","World","0","W00","World","H0","HS","true","0707","Cucumbers and gherkins; fresh or chilled","4","false","C00","TOTAL CPC","0","0","TOTAL MOT","8","kg","12959186","false","-1","N/A",,"false","12959186","false",,"false",,"7315259","7315259","0","true","false",
"C","A","19950101","1995","52","1995","792","TUR","Türkiye","X","Export","0","W00","World","0","W00","World","H0","HS","true","0708","Leguminous vegetables; shelled or unshelled, fresh or chilled","4","false","C00","TOTAL CPC","0","0","TOTAL MOT","8","kg","1115857","false","-1","N/A",,"false","1115857","false",,"false",,"779096","779096","0","true","false",
"C","A","19950101","1995","52","1995","792","TUR","Türkiye","X","Export","0","W00","World","0","W00","World","H0","HS","true","0709","Vegetables, n.e.s. in chapter 07; fresh or chilled","4","false","C00","TOTAL CPC","0","0","TOTAL MOT","8","kg","36326552","false","-1","N/A",,"false","36326552","false",,"false",,"31044510","31044510","0","true","false",
"C","A","19950101","1995","52","1995","792","TUR","Türkiye","X","Export","0","W00","World","0","W00","World","H0","HS","true","0712","Vegetables, dried; whole, cut, sliced, broken or in powder, but not further prepared","4","false","C00","TOTAL CPC","0","0","TOTAL MOT","8","kg","4419685","false","-1","N/A",,"false","4419685","false",,"false",,"24575772","24575772","0","true","false",
"C","A","19960101","1996","52","1996","32","ARG","Argentina","X","Export","0","W00","World","0","W00","World","H1","HS","true","0701","Potatoes; fresh or chilled","4","false","C00","TOTAL CPC","0","0","TOTAL MOT","8","kg","21211124","false","-1","N/A",,"false","21211124","false",,"false",,"3124512","3124512","0","false","false",
"C","A","19960101","1996","52","1996","68","BOL","Bolivia (Plurinational State of)","X","Export","0","W00","World","0","W00","World","H0","HS","true","0701","Potatoes; fresh or chilled","4","false","C00","TOTAL CPC","0","0","TOTAL MOT","8","kg","89","false","-1","N/A",,"false","89","false",,"false",,"135","135","0","true","false",
"C","A","19960101","1996","52","1996","32","ARG","Argentina","X","Export","0","W00","World","0","W00","World","H1","HS","true","0702","Tomatoes; fresh or chilled","4","false","C00","TOTAL CPC","0","0","TOTAL MOT","8","kg","390670","false","-1","N/A",,"false","390670","false",,"false",,"90365","90365","0","false","false",
"C","A","19960101","1996","52","1996","32","ARG","Argentina","X","Export","0","W00","World","0","W00","World","H1","HS","true","0703","Onions, shallots, garlic, leeks and other alliaceous vegetables; fresh or chilled","4","false","C00","TOTAL CPC","0","0","TOTAL MOT","8","kg","326238016","false","-1","N/A",,"false","326238016","false",,"false",,"110535280","110535280","0","false","false",
"C","A","19960101","1996","52","1996","68","BOL","Bolivia (Plurinational State of)","X","Export","0","W00","World","0","W00","World","H0","HS","true","0703","Onions, shallots, garlic, leeks and other alliaceous vegetables; fresh or chilled","4","false","C00","TOTAL CPC","0","0","TOTAL MOT","8","kg","185561","false","-1","N/A",,"false","185561","false",,"false",,"111971","111971","0","true","false",
"C","A","19960101","1996","52","1996","32","ARG","Argentina","X","Export","0","W00","World","0","W00","World","H1","HS","true","0704","Cabbages, cauliflowers, kohlrabi, kale and similar edible brassicas; fresh or chilled","4","false","C00","TOTAL CPC","0","0","TOTAL MOT","8","kg","23611","false","-1","N/A",,"false","23611","false",,"false",,"4260","4260","0","false","false",
"C","A","19960101","1996","52","1996","32","ARG","Argentina","X","Export","0","W00","World","0","W00","World","H1","HS","true","0705","Lettuce (lactuca sativa) and chicory (cichorium spp.) fresh or chilled","4","false","C00","TOTAL CPC","0","0","TOTAL MOT","8","kg","47061","false","-1","N/A",,"false","47061","false",,"false",,"21188","21188","0","false","false",
"C","A","19960101","1996","52","1996","32","ARG","Argentina","X","Export","0","W00","World","0","W00","World","H1","HS","true","0706","Carrots, turnips, salad beetroot, salsify, celeriac, radishes and similar edible roots; fresh or chilled","4","false","C00","TOTAL CPC","0","0","TOTAL MOT","8","kg","3660518","false","-1","N/A",,"false","3660518","false",,"false",,"551695","551695","0","false","false",
"C","A","19960101","1996","52","1996","32","ARG","Argentina","X","Export","0","W00","World","0","W00","World","H1","HS","true","0707","Cucumbers and gherkins; fresh or chilled","4","false","C00","TOTAL CPC","0","0","TOTAL MOT","8","kg","4562","false","-1","N/A",,"false","4562","false",,"false",,"2634","2634","0","false","false",
"C","A","19960101","1996","52","1996","32","ARG","Argentina","X","Export","0","W00","World","0","W00","World","H1","HS","true","0708","Leguminous vegetables; shelled or unshelled, fresh or chilled","4","false","C00","TOTAL CPC","0","0","TOTAL MOT","8","kg","172999","false","-1","N/A",,"false","172999","false",,"false",,"72243","72243","0","false","false",
"C","A","19960101","1996","52","1996","32","ARG","Argentina","X","Export","0","W00","World","0","W00","World","H1","HS","true","0709","Vegetables, n.e.s. in chapter 07; fresh or chilled","4","false","C00","TOTAL CPC","0","0","TOTAL MOT","8","kg","1439885","false","-1","N/A",,"false","1439885","false",,"false",,"2262063","2262063","0","false","false",
"C","A","19960101","1996","52","1996","68","BOL","Bolivia (Plurinational State of)","X","Export","0","W00","World","0","W00","World","H0","HS","true","0709","Vegetables, n.e.s. in chapter 07; fresh or chilled","4","false","C00","TOTAL CPC","0","0","TOTAL MOT","8","kg","45","false","-1","N/A",,"false","45","false",,"false",,"99","99","0","true","false",
"C","A","19960101","1996","52","1996","32","ARG","Argentina","X","Export","0","W00","World","0","W00","World","H1","HS","true","0712","Vegetables, dried; whole, cut, sliced, broken or in powder, but not further prepared","4","false","C00","TOTAL CPC","0","0","TOTAL MOT","8","kg","1307196","false","-1","N/A",,"false","1307196","false",,"false",,"4832427","4832427","0","false","false",
"C","A","19960101","1996","52","1996","68","BOL","Bolivia (Plurinational State of)","X","Export","0","W00","World","0","W00","World","H0","HS","true","0712","Vegetables, dried; whole, cut, sliced, broken or in powder, but not further prepared","4","false","C00","TOTAL CPC","0","0","TOTAL MOT","8","kg","19499","false","-1","N/A",,"false","19499","false",,"false",,"14739","14739","0","true","false",
"C","A","19960101","1996","52","1996","188","CRI","Costa Rica","X","Export","0","W00","World","0","W00","World","H0","HS","true","0701","Potatoes; fresh or chilled","4","false","C00","TOTAL CPC","0","0","TOTAL MOT","8","kg","4148819","false","-1","N/A",,"false","4148819","false",,"false",,"408202","408202","0","true","false",
"C","A","19960101","1996","52","1996","188","CRI","Costa Rica","X","Export","0","W00","World","0","W00","World","H0","HS","true","0702","Tomatoes; fresh or chilled","4","false","C00","TOTAL CPC","0","0","TOTAL MOT","8","kg","2108782","false","-1","N/A",,"false","2108782","false",,"false",,"115347","115347","0","true","false",
"C","A","19960101","1996","52","1996","188","CRI","Costa Rica","X","Export","0","W00","World","0","W00","World","H0","HS","true","0703","Onions, shallots, garlic, leeks and other alliaceous vegetables; fresh or chilled","4","false","C00","TOTAL CPC","0","0","TOTAL MOT","8","kg","10419516","false","-1","N/A",,"false","10419516","false",,"false",,"3810628","3810628","0","true","false",
"C","A","19960101","1996","52","1996","188","CRI","Costa Rica","X","Export","0","W00","World","0","W00","World","H0","HS","true","0704","Cabbages, cauliflowers, kohlrabi, kale and similar edible brassicas; fresh or chilled","4","false","C00","TOTAL CPC","0","0","TOTAL MOT","8","kg","2415792","false","-1","N/A",,"false","2415792","false",,"false",,"210652","210652","0","true","false",
"C","A","19960101","1996","52","1996","188","CRI","Costa Rica","X","Export","0","W00","World","0","W00","World","H0","HS","true","0705","Lettuce (lactuca sativa) and chicory (cichorium spp.) fresh or chilled","4","false","C00","TOTAL CPC","0","0","TOTAL MOT","8","kg","1032672","false","-1","N/A",,"false","1032672","false",,"false",,"11390","11390","0","true","false",
"C","A","19960101","1996","52","1996","188","CRI","Costa Rica","X","Export","0","W00","World","0","W00","World","H0","HS","true","0706","Carrots, turnips, salad beetroot, salsify, celeriac, radishes and similar edible roots; fresh or chilled","4","false","C00","TOTAL CPC","0","0","TOTAL MOT","8","kg","17465728","false","-1","N/A",,"false","17465728","false",,"false",,"860990","860990","0","true","false",
"C","A","19960101","1996","52","1996","188","CRI","Costa Rica","X","Export","0","W00","World","0","W00","World","H0","HS","true","0707","Cucumbers and gherkins; fresh or chilled","4","false","C00","TOTAL CPC","0","0","TOTAL MOT","8","kg","40852","false","-1","N/A",,"false","40852","false",,"false",,"34791","34791","0","true","false",
"C","A","19960101","1996","52","1996","188","CRI","Costa Rica","X","Export","0","W00","World","0","W00","World","H0","HS","true","0708","Leguminous vegetables; shelled or unshelled, fresh or chilled","4","false","C00","TOTAL CPC","0","0","TOTAL MOT","8","kg","31246","false","-1","N/A",,"false","31246","false",,"false",,"40273","40273","0","true","false",
"C","A","19960101","1996","52","1996","188","CRI","Costa Rica","X","Export","0","W00","World","0","W00","World","H0","HS","true","0709","Vegetables, n.e.s. in chapter 07; fresh or chilled","4","false","C00","TOTAL CPC","0","0","TOTAL MOT","8","kg","22504964","false","-1","N/A",,"false","22504964","false",,"false",,"13384626","13384626","0","true","false",
"C","A","19960101","1996","52","1996","188","CRI","Costa Rica","X","Export","0","W00","World","0","W00","World","H0","HS","true","0712","Vegetables, dried; whole, cut, sliced, broken or in powder, but not further prepared","4","false","C00","TOTAL CPC","0","0","TOTAL MOT","8","kg","30517","false","-1","N/A",,"false","30517","false",,"false",,"110845","110845","0","true","false",
"C","A","19960101","1996","52","1996","218","ECU","Ecuador","X","Export","0","W00","World","0","W00","World","H1","HS","true","0701","Potatoes; fresh or chilled","4","false","C00","TOTAL CPC","0","0","TOTAL MOT","8","kg","88691","false","-1","N/A",,"false","88691","false",,"false",,"98442","98442","0","false","false",
"C","A","19960101","1996","52","1996","218","ECU","Ecuador","X","Export","0","W00","World","0","W00","World","H1","HS","true","0702","Tomatoes; fresh or chilled","4","false","C00","TOTAL CPC","0","0","TOTAL MOT","8","kg","40000","false","-1","N/A",,"false","40000","false",,"false",,"2149","2149","0","false","false",
"C","A","19960101","1996","52","1996","218","ECU","Ecuador","X","Export","0","W00","World","0","W00","World","H1","HS","true","0703","Onions, shallots, garlic, leeks and other alliaceous vegetables; fresh or chilled","4","false","C00","TOTAL CPC","0","0","TOTAL MOT","8","kg","5154284","false","-1","N/A",,"false","5154284","false",,"false",,"297565","297565","0","false","false",
"C","A","19960101","1996","52","1996","218","ECU","Ecuador","X","Export","0","W00","World","0","W00","World","H1","HS","true","0704","Cabbages, cauliflowers, kohlrabi, kale and similar edible brassicas; fresh or chilled","4","false","C00","TOTAL CPC","0","0","TOTAL MOT","8","kg","7770659","false","-1","N/A",,"false","7770659","false",,"false",,"8494145","8494145","0","false","false",
"C","A","19960101","1996","52","1996","218","ECU","Ecuador","X","Export","0","W00","World","0","W00","World","H1","HS","true","0705","Lettuce (lactuca sativa) and chicory (cichorium spp.) fresh or chilled","4","false","C00","TOTAL CPC","0","0","TOTAL MOT","8","kg","797608","false","-1","N/A",,"false","797608","false",,"false",,"333675","333675","0","false","false",
"C","A","19960101","1996","52","1996","218","ECU","Ecuador","X","Export","0","W00","World","0","W00","World","H1","HS","true","0706","Carrots, turnips, salad beetroot, salsify, celeriac, radishes and similar edible roots; fresh or chilled","4","false","C00","TOTAL CPC","0","0","TOTAL MOT","8","kg","3125","false","-1","N/A",,"false","3125","false",,"false",,"24884","24884","0","false","false",
"C","A","19960101","1996","52","1996","218","ECU","Ecuador","X","Export","0","W00","World","0","W00","World","H1","HS","true","0707","Cucumbers and gherkins; fresh or chilled","4","false","C00","TOTAL CPC","0","0","TOTAL MOT","8","kg","129395","false","-1","N/A",,"false","129395","false",,"false",,"150301","150301","0","false","false",
"C","A","19960101","1996","52","1996","218","ECU","Ecuador","X","Export","0","W00","World","0","W00","World","H1","HS","true","0708","Leguminous vegetables; shelled or unshelled, fresh or chilled","4","false","C00","TOTAL CPC","0","0","TOTAL MOT","8","kg","182339","false","-1","N/A",,"false","182339","false",,"false",,"54733","54733","0","false","false",
"C","A","19960101","1996","52","1996","218","ECU","Ecuador","X","Export","0","W00","World","0","W00","World","H1","HS","true","0709","Vegetables, n.e.s. in chapter 07; fresh or chilled","4","false","C00","TOTAL CPC","0","0","TOTAL MOT","8","kg","680262","false","-1","N/A",,"false","680262","false",,"false",,"728420","728420","0","false","false",
"C","A","19960101","1996","52","1996","218","ECU","Ecuador","X","Export","0","W00","World","0","W00","World","H1","HS","true","0712","Vegetables, dried; whole, cut, sliced, broken or in powder, but not further prepared","4","false","C00","TOTAL CPC","0","0","TOTAL MOT","8","kg","132530","false","-1","N/A",,"false","132530","false",,"false",,"464368","464368","0","false","false",
"C","A","19960101","1996","52","1996","320","GTM","Guatemala","X","Export","0","W00","World","0","W00","World","H0","HS","true","0701","Potatoes; fresh or chilled","4","false","C00","TOTAL CPC","0","0","TOTAL MOT","8","kg","30866096","false","-1","N/A",,"false","30866096","false",,"false",,"1251618","1251618","0","true","false",
"C","A","19960101","1996","52","1996","340","HND","Honduras","X","Export","0","W00","World","0","W00","World","H0","HS","true","0701","Potatoes; fresh or chilled","4","false","C00","TOTAL CPC","0","0","TOTAL MOT","8","kg","1012604","false","-1","N/A",,"false","1012604","false",,"false",,"588430","588430","0","true","false",
"C","A","19960101","1996","52","1996","320","GTM","Guatemala","X","Export","0","W00","World","0","W00","World","H0","HS","true","0702","Tomatoes; fresh or chilled","4","false","C00","TOTAL CPC","0","0","TOTAL MOT","8","kg","529264","false","-1","N/A",,"false","529264","false",,"false",,"40566","40566","0","true","false",
"C","A","19960101","1996","52","1996","340","HND","Honduras","X","Export","0","W00","World","0","W00","World","H0","HS","true","0702","Tomatoes; fresh or chilled","4","false","C00","TOTAL CPC","0","0","TOTAL MOT","8","kg","8035373","false","-1","N/A",,"false","8035373","false",,"false",,"647360","647360","0","true","false",
"C","A","19960101","1996","52","1996","320","GTM","Guatemala","X","Export","0","W00","World","0","W00","World","H0","HS","true","0703","Onions, shallots, garlic, leeks and other alliaceous vegetables; fresh or chilled","4","false","C00","TOTAL CPC","0","0","TOTAL MOT","8","kg","13269218","false","-1","N/A",,"false","13269218","false",,"false",,"1801630","1801630","0","true","false",
"C","A","19960101","1996","52","1996","340","HND","Honduras","X","Export","0","W00","World","0","W00","World","H0","HS","true","0703","Onions, shallots, garlic, leeks and other alliaceous vegetables; fresh or chilled","4","false","C00","TOTAL CPC","0","0","TOTAL MOT","8","kg","13500","false","-1","N/A",,"false","13500","false",,"false",,"3334","3334","0","true","false",
"C","A","19960101","1996","52","1996","320","GTM","Guatemala","X","Export","0","W00","World","0","W00","World","H0","HS","true","0704","Cabbages, cauliflowers, kohlrabi, kale and similar edible brassicas; fresh or chilled","4","false","C00","TOTAL CPC","0","0","TOTAL MOT","8","kg","52074992","false","-1","N/A",,"false","52074992","false",,"false",,"17252612","17252612","0","true","false",
"C","A","19960101","1996","52","1996","340","HND","Honduras","X","Export","0","W00","World","0","W00","World","H0","HS","true","0704","Cabbages, cauliflowers, kohlrabi, kale and similar edible brassicas; fresh or chilled","4","false","C00","TOTAL CPC","0","0","TOTAL MOT","8","kg","78573","false","-1","N/A",,"false","78573","false",,"false",,"23723","23723","0","true","false",
"C","A","19960101","1996","52","1996","320","GTM","Guatemala","X","Export","0","W00","World","0","W00","World","H0","HS","true","0705","Lettuce (lactuca sativa) and chicory (cichorium spp.) fresh or chilled","4","false","C00","TOTAL CPC","0","0","TOTAL MOT","8","kg","4561955","false","-1","N/A",,"false","4561955","false",,"false",,"787009","787009","0","true","false",
"C","A","19960101","1996","52","1996","340","HND","Honduras","X","Export","0","W00","World","0","W00","World","H0","HS","true","0705","Lettuce (lactuca sativa) and chicory (cichorium spp.) fresh or chilled","4","false","C00","TOTAL CPC","0","0","TOTAL MOT","8","kg","51010","false","-1","N/A",,"false","51010","false",,"false",,"7039","7039","0","true","false",
"C","A","19960101","1996","52","1996","320","GTM","Guatemala","X","Export","0","W00","World","0","W00","World","H0","HS","true","0706","Carrots, turnips, salad beetroot, salsify, celeriac, radishes and similar edible roots; fresh or chilled","4","false","C00","TOTAL CPC","0","0","TOTAL MOT","8","kg","13622838","false","-1","N/A",,"false","13622838","false",,"false",,"388421","388421","0","true","false",
"C","A","19960101","1996","52","1996","340","HND","Honduras","X","Export","0","W00","World","0","W00","World","H0","HS","true","0706","Carrots, turnips, salad beetroot, salsify, celeriac, radishes and similar edible roots; fresh or chilled","4","false","C00","TOTAL CPC","0","0","TOTAL MOT","8","kg","49183","false","-1","N/A",,"false","49183","false",,"false",,"15984","15984","0","true","false",
"C","A","19960101","1996","52","1996","320","GTM","Guatemala","X","Export","0","W00","World","0","W00","World","H0","HS","true","0707","Cucumbers and gherkins; fresh or chilled","4","false","C00","TOTAL CPC","0","0","TOTAL MOT","8","kg","567104","false","-1","N/A",,"false","567104","false",,"false",,"67826","67826","0","true","false",
"C","A","19960101","1996","52","1996","340","HND","Honduras","X","Export","0","W00","World","0","W00","World","H0","HS","true","0707","Cucumbers and gherkins; fresh or chilled","4","false","C00","TOTAL CPC","0","0","TOTAL MOT","8","kg","9985346","false","-1","N/A",,"false","9985346","false",,"false",,"3096293","3096293","0","true","false",
"C","A","19960101","1996","52","1996","320","GTM","Guatemala","X","Export","0","W00","World","0","W00","World","H0","HS","true","0708","Leguminous vegetables; shelled or unshelled, fresh or chilled","4","false","C00","TOTAL CPC","0","0","TOTAL MOT","8","kg","3357090","false","-1","N/A",,"false","3357090","false",,"false",,"1001437","1001437","0","true","false",
"C","A","19960101","1996","52","1996","340","HND","Honduras","X","Export","0","W00","World","0","W00","World","H0","HS","true","0708","Leguminous vegetables; shelled or unshelled, fresh or chilled","4","false","C00","TOTAL CPC","0","0","TOTAL MOT","8","kg","2739122","false","-1","N/A",,"false","2739122","false",,"false",,"1381177","1381177","0","true","false",
"C","A","19960101","1996","52","1996","320","GTM","Guatemala","X","Export","0","W00","World","0","W00","World","H0","HS","true","0709","Vegetables, n.e.s. in chapter 07; fresh or chilled","4","false","C00","TOTAL CPC","0","0","TOTAL MOT","8","kg","5887178","false","-1","N/A",,"false","5887178","false",,"false",,"1570771","1570771","0","true","false",
"C","A","19960101","1996","52","1996","340","HND","Honduras","X","Export","0","W00","World","0","W00","World","H0","HS","true","0709","Vegetables, n.e.s. in chapter 07; fresh or chilled","4","false","C00","TOTAL CPC","0","0","TOTAL MOT","8","kg","2790163","false","-1","N/A",,"false","2790163","false",,"false",,"1418034","1418034","0","true","false",
"C","A","19960101","1996","52","1996","320","GTM","Guatemala","X","Export","0","W00","World","0","W00","World","H0","HS","true","0712","Vegetables, dried; whole, cut, sliced, broken or in powder, but not further prepared","4","false","C00","TOTAL CPC","0","0","TOTAL MOT","8","kg","342387","false","-1","N/A",,"false","342387","false",,"false",,"188721","188721","0","true","false",
"C","A","19960101","1996","52","1996","340","HND","Honduras","X","Export","0","W00","World","0","W00","World","H0","HS","true","0712","Vegetables, dried; whole, cut, sliced, broken or in powder, but not further prepared","4","false","C00","TOTAL CPC","0","0","TOTAL MOT","8","kg","6010690","false","-1","N/A",,"false","6010690","false",,"false",,"431661","431661","0","true","false",
"C","A","19960101","1996","52","1996","360","IDN","Indonesia","X","Export","0","W00","World","0","W00","World","H1","HS","true","0701","Potatoes; fresh or chilled","4","false","C00","TOTAL CPC","0","0","TOTAL MOT","8","kg","79681504","false","-1","N/A",,"false","79681504","false",,"false",,"15018001","15018001","0","false","false",
"C","A","19960101","1996","52","1996","360","IDN","Indonesia","X","Export","0","W00","World","0","W00","World","H1","HS","true","0702","Tomatoes; fresh or chilled","4","false","C00","TOTAL CPC","0","0","TOTAL MOT","8","kg","3450839","false","-1","N/A",,"false","3450839","false",,"false",,"995782","995782","0","false","false",
"C","A","19960101","1996","52","1996","360","IDN","Indonesia","X","Export","0","W00","World","0","W00","World","H1","HS","true","0703","Onions, shallots, garlic, leeks and other alliaceous vegetables; fresh or chilled","4","false","C00","TOTAL CPC","0","0","TOTAL MOT","8","kg","8405465","false","-1","N/A",,"false","8405465","false",,"false",,"2119374","2119374","0","false","false",
"C","A","19960101","1996","52","1996","360","IDN","Indonesia","X","Export","0","W00","World","0","W00","World","H1","HS","true","0704","Cabbages, cauliflowers, kohlrabi, kale and similar edible brassicas; fresh or chilled","4","false","C00","TOTAL CPC","0","0","TOTAL MOT","8","kg","61976976","false","-1","N/A",,"false","61976976","false",,"false",,"8911260","8911260","0","false","false",
"C","A","19960101","1996","52","1996","360","IDN","Indonesia","X","Export","0","W00","World","0","W00","World","H1","HS","true","0705","Lettuce (lactuca sativa) and chicory (cichorium spp.) fresh or chilled","4","false","C00","TOTAL CPC","0","0","TOTAL MOT","8","kg","25999","false","-1","N/A",,"false","25999","false",,"false",,"15849","15849","0","false","false",
"C","A","19960101","1996","52","1996","360","IDN","Indonesia","X","Export","0","W00","World","0","W00","World","H1","HS","true","0706","Carrots, turnips, salad beetroot, salsify, celeriac, radishes and similar edible roots; fresh or chilled","4","false","C00","TOTAL CPC","0","0","TOTAL MOT","8","kg","1698151","false","-1","N/A",,"false","1698151","false",,"false",,"409421","409421","0","false","false",
"C","A","19960101","1996","52","1996","360","IDN","Indonesia","X","Export","0","W00","World","0","W00","World","H1","HS","true","0707","Cucumbers and gherkins; fresh or chilled","4","false","C00","TOTAL CPC","0","0","TOTAL MOT","8","kg","100761","false","-1","N/A",,"false","100761","false",,"false",,"57819","57819","0","false","false",
"C","A","19960101","1996","52","1996","360","IDN","Indonesia","X","Export","0","W00","World","0","W00","World","H1","HS","true","0708","Leguminous vegetables; shelled or unshelled, fresh or chilled","4","false","C00","TOTAL CPC","0","0","TOTAL MOT","8","kg","1891139","false","-1","N/A",,"false","1891139","false",,"false",,"827332","827332","0","false","false",
"C","A","19960101","1996","52","1996","360","IDN","Indonesia","X","Export","0","W00","World","0","W00","World","H1","HS","true","0709","Vegetables, n.e.s. in chapter 07; fresh or chilled","4","false","C00","TOTAL CPC","0","0","TOTAL MOT","8","kg","3301643","false","-1","N/A",,"false","3301643","false",,"false",,"3507122","3507122","0","false","false",
"C","A","19960101","1996","52","1996","360","IDN","Indonesia","X","Export","0","W00","World","0","W00","World","H1","HS","true","0712","Vegetables, dried; whole, cut, sliced, broken or in powder, but not further prepared","4","false","C00","TOTAL CPC","0","0","TOTAL MOT","8","kg","1117562","false","-1","N/A",,"false","1117562","false",,"false",,"993077","993077","0","false","false",
"C","A","19960101","1996","52","1996","504","MAR","Morocco","X","Export","0","W00","World","0","W00","World","H0","HS","true","0701","Potatoes; fresh or chilled","4","false","C00","TOTAL CPC","0","0","TOTAL MOT","8","kg","52933736","false","-1","N/A",,"false","52933736","false",,"false",,"25635302","25635302","0","true","false",
"C","A","19960101","1996","52","1996","504","MAR","Morocco","X","Export","0","W00","World","0","W00","World","H0","HS","true","0702","Tomatoes; fresh or chilled","4","false","C00","TOTAL CPC","0","0","TOTAL MOT","8","kg","153046048","false","-1","N/A",,"false","153046048","false",,"false",,"82396512","82396512","0","true","false",
"C","A","19960101","1996","52","1996","504","MAR","Morocco","X","Export","0","W00","World","0","W00","World","H0","HS","true","0703","Onions, shallots, garlic, leeks and other alliaceous vegetables; fresh or chilled","4","false","C00","TOTAL CPC","0","0","TOTAL MOT","8","kg","336210","false","-1","N/A",,"false","336210","false",,"false",,"398159","398159","0","true","false",
"C","A","19960101","1996","52","1996","504","MAR","Morocco","X","Export","0","W00","World","0","W00","World","H0","HS","true","0704","Cabbages, cauliflowers, kohlrabi, kale and similar edible brassicas; fresh or chilled","4","false","C00","TOTAL CPC","0","0","TOTAL MOT","8","kg","7062","false","-1","N/A",,"false","7062","false",,"false",,"4036","4036","0","true","false",
"C","A","19960101","1996","52","1996","504","MAR","Morocco","X","Export","0","W00","World","0","W00","World","H0","HS","true","0706","Carrots, turnips, salad beetroot, salsify, celeriac, radishes and similar edible roots; fresh or chilled","4","false","C00","TOTAL CPC","0","0","TOTAL MOT","8","kg","364288","false","-1","N/A",,"false","364288","false",,"false",,"258871","258871","0","true","false",
"C","A","19960101","1996","52","1996","504","MAR","Morocco","X","Export","0","W00","World","0","W00","World","H0","HS","true","0707","Cucumbers and gherkins; fresh or chilled","4","false","C00","TOTAL CPC","0","0","TOTAL MOT","8","kg","775497","false","-1","N/A",,"false","775497","false",,"false",,"281147","281147","0","true","false",
"C","A","19960101","1996","52","1996","504","MAR","Morocco","X","Export","0","W00","World","0","W00","World","H0","HS","true","0708","Leguminous vegetables; shelled or unshelled, fresh or chilled","4","false","C00","TOTAL CPC","0","0","TOTAL MOT","8","kg","4908011","false","-1","N/A",,"false","4908011","false",,"false",,"3721220","3721220","0","true","false",
"C","A","19960101","1996","52","1996","504","MAR","Morocco","X","Export","0","W00","World","0","W00","World","H0","HS","true","0709","Vegetables, n.e.s. in chapter 07; fresh or chilled","4","false","C00","TOTAL CPC","0","0","TOTAL MOT","8","kg","10354077","false","-1","N/A",,"false","10354077","false",,"false",,"13725821","13725821","0","true","false",
"C","A","19960101","1996","52","1996","504","MAR","Morocco","X","Export","0","W00","World","0","W00","World","H0","HS","true","0712","Vegetables, dried; whole, cut, sliced, broken or in powder, but not further prepared","4","false","C00","TOTAL CPC","0","0","TOTAL MOT","8","kg","1331107","false","-1","N/A",,"false","1331107","false",,"false",,"3207013","3207013","0","true","false",
"C","A","19960101","1996","52","1996","724","ESP","Spain","X","Export","0","W00","World","0","W00","World","H1","HS","true","0701","Potatoes; fresh or chilled","4","false","C00","TOTAL CPC","0","0","TOTAL MOT","8","kg","173350592","false","-1","N/A",,"false","173350592","false",,"false",,"56861816","56861816","0","false","false",
"C","A","19960101","1996","52","1996","724","ESP","Spain","X","Export","0","W00","World","0","W00","World","H1","HS","true","0702","Tomatoes; fresh or chilled","4","false","C00","TOTAL CPC","0","0","TOTAL MOT","8","kg","751220672","false","-1","N/A",,"false","751220672","false",,"false",,"661623616","661623616","0","false","false",
"C","A","19960101","1996","52","1996","724","ESP","Spain","X","Export","0","W00","World","0","W00","World","H1","HS","true","0703","Onions, shallots, garlic, leeks and other alliaceous vegetables; fresh or chilled","4","false","C00","TOTAL CPC","0","0","TOTAL MOT","8","kg","293471040","false","-1","N/A",,"false","293471040","false",,"false",,"125082896","125082896","0","false","false",
"C","A","19960101","1996","52","1996","724","ESP","Spain","X","Export","0","W00","World","0","W00","World","H1","HS","true","0704","Cabbages, cauliflowers, kohlrabi, kale and similar edible brassicas; fresh or chilled","4","false","C00","TOTAL CPC","0","0","TOTAL MOT","8","kg","207499104","false","-1","N/A",,"false","207499104","false",,"false",,"191201600","191201600","0","false","false",
"C","A","19960101","1996","52","1996","724","ESP","Spain","X","Export","0","W00","World","0","W00","World","H1","HS","true","0705","Lettuce (lactuca sativa) and chicory (cichorium spp.) fresh or chilled","4","false","C00","TOTAL CPC","0","0","TOTAL MOT","8","kg","328170048","false","-1","N/A",,"false","328170048","false",,"false",,"271542080","271542080","0","false","false",
"C","A","19960101","1996","52","1996","724","ESP","Spain","X","Export","0","W00","World","0","W00","World","H1","HS","true","0706","Carrots, turnips, salad beetroot, salsify, celeriac, radishes and similar edible roots; fresh or chilled","4","false","C00","TOTAL CPC","0","0","TOTAL MOT","8","kg","55734308","false","-1","N/A",,"false","55734308","false",,"false",,"30171824","30171824","0","false","false",
"C","A","19960101","1996","52","1996","724","ESP","Spain","X","Export","0","W00","World","0","W00","World","H1","HS","true","0707","Cucumbers and gherkins; fresh or chilled","4","false","C00","TOTAL CPC","0","0","TOTAL MOT","8","kg","291725568","false","-1","N/A",,"false","291725568","false",,"false",,"208015584","208015584","0","false","false",
"C","A","19960101","1996","52","1996","724","ESP","Spain","X","Export","0","W00","World","0","W00","World","H1","HS","true","0708","Leguminous vegetables; shelled or unshelled, fresh or chilled","4","false","C00","TOTAL CPC","0","0","TOTAL MOT","8","kg","35897496","false","-1","N/A",,"false","35897496","false",,"false",,"61834740","61834740","0","false","false",
"C","A","19960101","1996","52","1996","724","ESP","Spain","X","Export","0","W00","World","0","W00","World","H1","HS","true","0709","Vegetables, n.e.s. in chapter 07; fresh or chilled","4","false","C00","TOTAL CPC","0","0","TOTAL MOT","8","kg","653536192","false","-1","N/A",,"false","653536192","false",,"false",,"718857280","718857280","0","false","false",
"C","A","19960101","1996","52","1996","724","ESP","Spain","X","Export","0","W00","World","0","W00","World","H1","HS","true","0712","Vegetables, dried; whole, cut, sliced, broken or in powder, but not further prepared","4","false","C00","TOTAL CPC","0","0","TOTAL MOT","8","kg","7108473","false","-1","N/A",,"false","7108473","false",,"false",,"11280874","11280874","0","false","false",
"C","A","19960101","1996","52","1996","764","THA","Thailand","X","Export","0","W00","World","0","W00","World","H0","HS","true","0701","Potatoes; fresh or chilled","4","false","C00","TOTAL CPC","0","0","TOTAL MOT","8","kg","228274","false","-1","N/A",,"false","228274","false",,"false",,"96475","96475","0","true","false",
"C","A","19960101","1996","52","1996","764","THA","Thailand","X","Export","0","W00","World","0","W00","World","H0","HS","true","0702","Tomatoes; fresh or chilled","4","false","C00","TOTAL CPC","0","0","TOTAL MOT","8","kg","2376357","false","-1","N/A",,"false","2376357","false",,"false",,"369260","369260","0","true","false",
"C","A","19960101","1996","52","1996","764","THA","Thailand","X","Export","0","W00","World","0","W00","World","H0","HS","true","0703","Onions, shallots, garlic, leeks and other alliaceous vegetables; fresh or chilled","4","false","C00","TOTAL CPC","0","0","TOTAL MOT","8","kg","21045406","false","-1","N/A",,"false","21045406","false",,"false",,"8054628","8054628","0","true","false",
"C","A","19960101","1996","52","1996","764","THA","Thailand","X","Export","0","W00","World","0","W00","World","H0","HS","true","0704","Cabbages, cauliflowers, kohlrabi, kale and similar edible brassicas; fresh or chilled","4","false","C00","TOTAL CPC","0","0","TOTAL MOT","8","kg","297126","false","-1","N/A",,"false","297126","false",,"false",,"85453","85453","0","true","false",
"C","A","19960101","1996","52","1996","764","THA","Thailand","X","Export","0","W00","World","0","W00","World","H0","HS","true","0705","Lettuce (lactuca sativa) and chicory (cichorium spp.) fresh or chilled","4","false","C00","TOTAL CPC","0","0","TOTAL MOT","8","kg","1850","false","-1","N/A",,"false","1850","false",,"false",,"1491","1491","0","true","false",
"C","A","19960101","1996","52","1996","764","THA","Thailand","X","Export","0","W00","World","0","W00","World","H0","HS","true","0706","Carrots, turnips, salad beetroot, salsify, celeriac, radishes and similar edible roots; fresh or chilled","4","false","C00","TOTAL CPC","0","0","TOTAL MOT","8","kg","412014","false","-1","N/A",,"false","412014","false",,"false",,"2661633","2661633","0","true","false",
"C","A","19960101","1996","52","1996","764","THA","Thailand","X","Export","0","W00","World","0","W00","World","H0","HS","true","0707","Cucumbers and gherkins; fresh or chilled","4","false","C00","TOTAL CPC","0","0","TOTAL MOT","8","kg","5643","false","-1","N/A",,"false","5643","false",,"false",,"14074","14074","0","true","false",
"C","A","19960101","1996","52","1996","764","THA","Thailand","X","Export","0","W00","World","0","W00","World","H0","HS","true","0708","Leguminous vegetables; shelled or unshelled, fresh or chilled","4","false","C00","TOTAL CPC","0","0","TOTAL MOT","8","kg","158420","false","-1","N/A",,"false","158420","false",,"false",,"658075","658075","0","true","false",
"C","A","19960101","1996","52","1996","764","THA","Thailand","X","Export","0","W00","World","0","W00","World","H0","HS","true","0709","Vegetables, n.e.s. in chapter 07; fresh or chilled","4","false","C00","TOTAL CPC","0","0","TOTAL MOT","8","kg","24615485","false","-1","N/A",,"false","24615485","false",,"false",,"20115755","20115755","0","true","false",
"C","A","19960101","1996","52","1996","764","THA","Thailand","X","Export","0","W00","World","0","W00","World","H0","HS","true","0712","Vegetables, dried; whole, cut, sliced, broken or in powder, but not further prepared","4","false","C00","TOTAL CPC","0","0","TOTAL MOT","8","kg","1894609","false","-1","N/A",,"false","1894609","false",,"false",,"3868404","3868404","0","true","false",
"C","A","19960101","1996","52","1996","792","TUR","Türkiye","X","Export","0","W00","World","0","W00","World","H1","HS","true","0701","Potatoes; fresh or chilled","4","false","C00","TOTAL CPC","0","0","TOTAL MOT","8","kg","240700928","false","-1","N/A",,"false","240700928","false",,"false",,"29857056","29857056","0","false","false",
"C","A","19960101","1996","52","1996","792","TUR","Türkiye","X","Export","0","W00","World","0","W00","World","H1","HS","true","0702","Tomatoes; fresh or chilled","4","false","C00","TOTAL CPC","0","0","TOTAL MOT","8","kg","110763104","false","-1","N/A",,"false","110763104","false",,"false",,"38949976","38949976","0","false","false",
"C","A","19960101","1996","52","1996","792","TUR","Türkiye","X","Export","0","W00","World","0","W00","World","H1","HS","true","0703","Onions, shallots, garlic, leeks and other alliaceous vegetables; fresh or chilled","4","false","C00","TOTAL CPC","0","0","TOTAL MOT","8","kg","213584928","false","-1","N/A",,"false","213584928","false",,"false",,"30436880","30436880","0","false","false",
"C","A","19960101","1996","52","1996","792","TUR","Türkiye","X","Export","0","W00","World","0","W00","World","H1","HS","true","0704","Cabbages, cauliflowers, kohlrabi, kale and similar edible brassicas; fresh or chilled","4","false","C00","TOTAL CPC","0","0","TOTAL MOT","8","kg","2857570","false","-1","N/A",,"false","2857570","false",,"false",,"905855","905855","0","false","false",
"C","A","19960101","1996","52","1996","792","TUR","Türkiye","X","Export","0","W00","World","0","W00","World","H1","HS","true","0705","Lettuce (lactuca sativa) and chicory (cichorium spp.) fresh or chilled","4","false","C00","TOTAL CPC","0","0","TOTAL MOT","8","kg","1209803","false","-1","N/A",,"false","1209803","false",,"false",,"764626","764626","0","false","false",
"C","A","19960101","1996","52","1996","792","TUR","Türkiye","X","Export","0","W00","World","0","W00","World","H1","HS","true","0706","Carrots, turnips, salad beetroot, salsify, celeriac, radishes and similar edible roots; fresh or chilled","4","false","C00","TOTAL CPC","0","0","TOTAL MOT","8","kg","10189280","false","-1","N/A",,"false","10189280","false",,"false",,"2334964","2334964","0","false","false",
"C","A","19960101","1996","52","1996","792","TUR","Türkiye","X","Export","0","W00","World","0","W00","World","H1","HS","true","0707","Cucumbers and gherkins; fresh or chilled","4","false","C00","TOTAL CPC","0","0","TOTAL MOT","8","kg","13072121","false","-1","N/A",,"false","13072121","false",,"false",,"6688234","6688234","0","false","false",
"C","A","19960101","1996","52","1996","792","TUR","Türkiye","X","Export","0","W00","World","0","W00","World","H1","HS","true","0708","Leguminous vegetables; shelled or unshelled, fresh or chilled","4","false","C00","TOTAL CPC","0","0","TOTAL MOT","8","kg","1441432","false","-1","N/A",,"false","1441432","false",,"false",,"1247380","1247380","0","false","false",
"C","A","19960101","1996","52","1996","792","TUR","Türkiye","X","Export","0","W00","World","0","W00","World","H1","HS","true","0709","Vegetables, n.e.s. in chapter 07; fresh or chilled","4","false","C00","TOTAL CPC","0","0","TOTAL MOT","8","kg","38885656","false","-1","N/A",,"false","38885656","false",,"false",,"35228124","35228124","0","false","false",
"C","A","19960101","1996","52","1996","792","TUR","Türkiye","X","Export","0","W00","World","0","W00","World","H1","HS","true","0712","Vegetables, dried; whole, cut, sliced, broken or in powder, but not further prepared","4","false","C00","TOTAL CPC","0","0","TOTAL MOT","8","kg","9294132","false","-1","N/A",,"false","9294132","false",,"false",,"26227536","26227536","0","false","false",
"C","A","19970101","1997","52","1997","32","ARG","Argentina","X","Export","0","W00","World","0","W00","World","H1","HS","true","0701","Potatoes; fresh or chilled","4","false","C00","TOTAL CPC","0","0","TOTAL MOT","8","kg","16497792","false","-1","N/A",,"false","16497792","false",,"false",,"2443470","2443470","0","false","false",
"C","A","19970101","1997","52","1997","32","ARG","Argentina","X","Export","0","W00","World","0","W00","World","H1","HS","true","0702","Tomatoes; fresh or chilled","4","false","C00","TOTAL CPC","0","0","TOTAL MOT","8","kg","1038441","false","-1","N/A",,"false","1038441","false",,"false",,"237276","237276","0","false","false",
"C","A","19970101","1997","52","1997","68","BOL","Bolivia (Plurinational State of)","X","Export","0","W00","World","0","W00","World","H1","HS","true","0702","Tomatoes; fresh or chilled","4","false","C00","TOTAL CPC","0","0","TOTAL MOT","8","kg","4812","false","-1","N/A",,"false","4812","false",,"false",,"1439","1439","0","false","false",
"C","A","19970101","1997","52","1997","32","ARG","Argentina","X","Export","0","W00","World","0","W00","World","H1","HS","true","0703","Onions, shallots, garlic, leeks and other alliaceous vegetables; fresh or chilled","4","false","C00","TOTAL CPC","0","0","TOTAL MOT","8","kg","335227520","false","-1","N/A",,"false","335227520","false",,"false",,"153393552","153393552","0","false","false",
"C","A","19970101","1997","52","1997","68","BOL","Bolivia (Plurinational State of)","X","Export","0","W00","World","0","W00","World","H1","HS","true","0703","Onions, shallots, garlic, leeks and other alliaceous vegetables; fresh or chilled","4","false","C00","TOTAL CPC","0","0","TOTAL MOT","8","kg","338745","false","-1","N/A",,"false","338745","false",,"false",,"185288","185288","0","false","false",
"C","A","19970101","1997","52","1997","32","ARG","Argentina","X","Export","0","W00","World","0","W00","World","H1","HS","true","0704","Cabbages, cauliflowers, kohlrabi, kale and similar edible brassicas; fresh or chilled","4","false","C00","TOTAL CPC","0","0","TOTAL MOT","8","kg","132803","false","-1","N/A",,"false","132803","false",,"false",,"30069","30069","0","false","false",
"C","A","19970101","1997","52","1997","32","ARG","Argentina","X","Export","0","W00","World","0","W00","World","H1","HS","true","0705","Lettuce (lactuca sativa) and chicory (cichorium spp.) fresh or chilled","4","false","C00","TOTAL CPC","0","0","TOTAL MOT","8","kg","248541","false","-1","N/A",,"false","248541","false",,"false",,"165055","165055","0","false","false",
"C","A","19970101","1997","52","1997","32","ARG","Argentina","X","Export","0","W00","World","0","W00","World","H1","HS","true","0706","Carrots, turnips, salad beetroot, salsify, celeriac, radishes and similar edible roots; fresh or chilled","4","false","C00","TOTAL CPC","0","0","TOTAL MOT","8","kg","4364256","false","-1","N/A",,"false","4364256","false",,"false",,"728734","728734","0","false","false",
"C","A","19970101","1997","52","1997","32","ARG","Argentina","X","Export","0","W00","World","0","W00","World","H1","HS","true","0707","Cucumbers and gherkins; fresh or chilled","4","false","C00","TOTAL CPC","0","0","TOTAL MOT","8","kg","12061","false","-1","N/A",,"false","12061","false",,"false",,"22038","22038","0","false","false",
"C","A","19970101","1997","52","1997","32","ARG","Argentina","X","Export","0","W00","World","0","W00","World","H1","HS","true","0708","Leguminous vegetables; shelled or unshelled, fresh or chilled","4","false","C00","TOTAL CPC","0","0","TOTAL MOT","8","kg","1640704","false","-1","N/A",,"false","1640704","false",,"false",,"956322","956322","0","false","false",
"C","A","19970101","1997","52","1997","32","ARG","Argentina","X","Export","0","W00","World","0","W00","World","H1","HS","true","0709","Vegetables, n.e.s. in chapter 07; fresh or chilled","4","false","C00","TOTAL CPC","0","0","TOTAL MOT","8","kg","2609342","false","-1","N/A",,"false","2609342","false",,"false",,"5474005","5474005","0","false","false",
"C","A","19970101","1997","52","1997","68","BOL","Bolivia (Plurinational State of)","X","Export","0","W00","World","0","W00","World","H1","HS","true","0709","Vegetables, n.e.s. in chapter 07; fresh or chilled","4","false","C00","TOTAL CPC","0","0","TOTAL MOT","8","kg","1937","false","-1","N/A",,"false","1937","false",,"false",,"3181","3181","0","false","false",
"C","A","19970101","1997","52","1997","32","ARG","Argentina","X","Export","0","W00","World","0","W00","World","H1","HS","true","0712","Vegetables, dried; whole, cut, sliced, broken or in powder, but not further prepared","4","false","C00","TOTAL CPC","0","0","TOTAL MOT","8","kg","1659701","false","-1","N/A",,"false","1659701","false",,"false",,"6144753","6144753","0","false","false",
"C","A","19970101","1997","52","1997","68","BOL","Bolivia (Plurinational State of)","X","Export","0","W00","World","0","W00","World","H1","HS","true","0712","Vegetables, dried; whole, cut, sliced, broken or in powder, but not further prepared","4","false","C00","TOTAL CPC","0","0","TOTAL MOT","8","kg","31327","false","-1","N/A",,"false","31327","false",,"false",,"5319","5319","0","false","false",
"C","A","19970101","1997","52","1997","188","CRI","Costa Rica","X","Export","0","W00","World","0","W00","World","H1","HS","true","0701","Potatoes; fresh or chilled","4","false","C00","TOTAL CPC","0","0","TOTAL MOT","8","kg","889126","false","-1","N/A",,"false","889126","false",,"false",,"715307","715307","0","false","false",
"C","A","19970101","1997","52","1997","188","CRI","Costa Rica","X","Export","0","W00","World","0","W00","World","H1","HS","true","0702","Tomatoes; fresh or chilled","4","false","C00","TOTAL CPC","0","0","TOTAL MOT","8","kg","122765","false","-1","N/A",,"false","122765","false",,"false",,"131228","131228","0","false","false",
"C","A","19970101","1997","52","1997","188","CRI","Costa Rica","X","Export","0","W00","World","0","W00","World","H1","HS","true","0703","Onions, shallots, garlic, leeks and other alliaceous vegetables; fresh or chilled","4","false","C00","TOTAL CPC","0","0","TOTAL MOT","8","kg","2067159","false","-1","N/A",,"false","2067159","false",,"false",,"3314257","3314257","0","false","false",
"C","A","19970101","1997","52","1997","188","CRI","Costa Rica","X","Export","0","W00","World","0","W00","World","H1","HS","true","0704","Cabbages, cauliflowers, kohlrabi, kale and similar edible brassicas; fresh or chilled","4","false","C00","TOTAL CPC","0","0","TOTAL MOT","8","kg","1021050","false","-1","N/A",,"false","1021050","false",,"false",,"89778","89778","0","false","false",
"C","A","19970101","1997","52","1997","188","CRI","Costa Rica","X","Export","0","W00","World","0","W00","World","H1","HS","true","0705","Lettuce (lactuca sativa) and chicory (cichorium spp.) fresh or chilled","4","false","C00","TOTAL CPC","0","0","TOTAL MOT","8","kg","25636","false","-1","N/A",,"false","25636","false",,"false",,"9059","9059","0","false","false",
"C","A","19970101","1997","52","1997","188","CRI","Costa Rica","X","Export","0","W00","World","0","W00","World","H1","HS","true","0706","Carrots, turnips, salad beetroot, salsify, celeriac, radishes and similar edible roots; fresh or chilled","4","false","C00","TOTAL CPC","0","0","TOTAL MOT","8","kg","1188276","false","-1","N/A",,"false","1188276","false",,"false",,"245658","245658","0","false","false",
"C","A","19970101","1997","52","1997","188","CRI","Costa Rica","X","Export","0","W00","World","0","W00","World","H1","HS","true","0707","Cucumbers and gherkins; fresh or chilled","4","false","C00","TOTAL CPC","0","0","TOTAL MOT","8","kg","1132","false","-1","N/A",,"false","1132","false",,"false",,"1383","1383","0","false","false",
"C","A","19970101","1997","52","1997","188","CRI","Costa Rica","X","Export","0","W00","World","0","W00","World","H1","HS","true","0708","Leguminous vegetables; shelled or unshelled, fresh or chilled","4","false","C00","TOTAL CPC","0","0","TOTAL MOT","8","kg","40033","false","-1","N/A",,"false","40033","false",,"false",,"40968","40968","0","false","false",
"C","A","19970101","1997","52","1997","188","CRI","Costa Rica","X","Export","0","W00","World","0","W00","World","H1","HS","true","0709","Vegetables, n.e.s. in chapter 07; fresh or chilled","4","false","C00","TOTAL CPC","0","0","TOTAL MOT","8","kg","21353600","false","-1","N/A",,"false","21353600","false",,"false",,"11318085","11318085","0","false","false",
"C","A","19970101","1997","52","1997","188","CRI","Costa Rica","X","Export","0","W00","World","0","W00","World","H1","HS","true","0712","Vegetables, dried; whole, cut, sliced, broken or in powder, but not further prepared","4","false","C00","TOTAL CPC","0","0","TOTAL MOT","8","kg","109823","false","-1","N/A",,"false","109823","false",,"false",,"502639","502639","0","false","false",
"C","A","19970101","1997","52","1997","320","GTM","Guatemala","X","Export","0","W00","World","0","W00","World","H1","HS","true","0701","Potatoes; fresh or chilled","4","false","C00","TOTAL CPC","0","0","TOTAL MOT","8","kg","31612652","false","-1","N/A",,"false","31612652","false",,"false",,"2155176","2155176","0","false","false",
"C","A","19970101","1997","52","1997","340","HND","Honduras","X","Export","0","W00","World","0","W00","World","H1","HS","true","0701","Potatoes; fresh or chilled","4","false","C00","TOTAL CPC","0","0","TOTAL MOT","8","kg","16365878","false","-1","N/A",,"false","16365878","false",,"false",,"5809188","5809188","0","false","false",
"C","A","19970101","1997","52","1997","320","GTM","Guatemala","X","Export","0","W00","World","0","W00","World","H1","HS","true","0702","Tomatoes; fresh or chilled","4","false","C00","TOTAL CPC","0","0","TOTAL MOT","8","kg","620216","false","-1","N/A",,"false","620216","false",,"false",,"67446","67446","0","false","false",
"C","A","19970101","1997","52","1997","340","HND","Honduras","X","Export","0","W00","World","0","W00","World","H1","HS","true","0702","Tomatoes; fresh or chilled","4","false","C00","TOTAL CPC","0","0","TOTAL MOT","8","kg","2983640","false","-1","N/A",,"false","2983640","false",,"false",,"314765","314765","0","false","false",
"C","A","19970101","1997","52","1997","320","GTM","Guatemala","X","Export","0","W00","World","0","W00","World","H1","HS","true","0703","Onions, shallots, garlic, leeks and other alliaceous vegetables; fresh or chilled","4","false","C00","TOTAL CPC","0","0","TOTAL MOT","8","kg","9011813","false","-1","N/A",,"false","9011813","false",,"false",,"1662590","1662590","0","false","false",
"C","A","19970101","1997","52","1997","340","HND","Honduras","X","Export","0","W00","World","0","W00","World","H1","HS","true","0703","Onions, shallots, garlic, leeks and other alliaceous vegetables; fresh or chilled","4","false","C00","TOTAL CPC","0","0","TOTAL MOT","8","kg","1267511","false","-1","N/A",,"false","1267511","false",,"false",,"1215956","1215956","0","false","false",
"C","A","19970101","1997","52","1997","320","GTM","Guatemala","X","Export","0","W00","World","0","W00","World","H1","HS","true","0704","Cabbages, cauliflowers, kohlrabi, kale and similar edible brassicas; fresh or chilled","4","false","C00","TOTAL CPC","0","0","TOTAL MOT","8","kg","45557152","false","-1","N/A",,"false","45557152","false",,"false",,"17081866","17081866","0","false","false",
"C","A","19970101","1997","52","1997","340","HND","Honduras","X","Export","0","W00","World","0","W00","World","H1","HS","true","0704","Cabbages, cauliflowers, kohlrabi, kale and similar edible brassicas; fresh or chilled","4","false","C00","TOTAL CPC","0","0","TOTAL MOT","8","kg","20000","false","-1","N/A",,"false","20000","false",,"false",,"12396","12396","0","false","false",
"C","A","19970101","1997","52","1997","320","GTM","Guatemala","X","Export","0","W00","World","0","W00","World","H1","HS","true","0705","Lettuce (lactuca sativa) and chicory (cichorium spp.) fresh or chilled","4","false","C00","TOTAL CPC","0","0","TOTAL MOT","8","kg","8076349","false","-1","N/A",,"false","8076349","false",,"false",,"898536","898536","0","false","false",
"C","A","19970101","1997","52","1997","340","HND","Honduras","X","Export","0","W00","World","0","W00","World","H1","HS","true","0705","Lettuce (lactuca sativa) and chicory (cichorium spp.) fresh or chilled","4","false","C00","TOTAL CPC","0","0","TOTAL MOT","8","kg","445487","false","-1","N/A",,"false","445487","false",,"false",,"530918","530918","0","false","false",
"C","A","19970101","1997","52","1997","320","GTM","Guatemala","X","Export","0","W00","World","0","W00","World","H1","HS","true","0706","Carrots, turnips, salad beetroot, salsify, celeriac, radishes and similar edible roots; fresh or chilled","4","false","C00","TOTAL CPC","0","0","TOTAL MOT","8","kg","5859559","false","-1","N/A",,"false","5859559","false",,"false",,"535095","535095","0","false","false",
"C","A","19970101","1997","52","1997","340","HND","Honduras","X","Export","0","W00","World","0","W00","World","H1","HS","true","0706","Carrots, turnips, salad beetroot, salsify, celeriac, radishes and similar edible roots; fresh or chilled","4","false","C00","TOTAL CPC","0","0","TOTAL MOT","8","kg","597","false","-1","N/A",,"false","597","false",,"false",,"113","113","0","false","false",
"C","A","19970101","1997","52","1997","320","GTM","Guatemala","X","Export","0","W00","World","0","W00","World","H1","HS","true","0707","Cucumbers and gherkins; fresh or chilled","4","false","C00","TOTAL CPC","0","0","TOTAL MOT","8","kg","1358101","false","-1","N/A",,"false","1358101","false",,"false",,"149499","149499","0","false","false",
"C","A","19970101","1997","52","1997","340","HND","Honduras","X","Export","0","W00","World","0","W00","World","H1","HS","true","0707","Cucumbers and gherkins; fresh or chilled","4","false","C00","TOTAL CPC","0","0","TOTAL MOT","8","kg","15750","false","-1","N/A",,"false","15750","false",,"false",,"1186","1186","0","false","false",
"C","A","19970101","1997","52","1997","320","GTM","Guatemala","X","Export","0","W00","World","0","W00","World","H1","HS","true","0708","Leguminous vegetables; shelled or unshelled, fresh or chilled","4","false","C00","TOTAL CPC","0","0","TOTAL MOT","8","kg","22292898","false","-1","N/A",,"false","22292898","false",,"false",,"8950556","8950556","0","false","false",
"C","A","19970101","1997","52","1997","340","HND","Honduras","X","Export","0","W00","World","0","W00","World","H1","HS","true","0708","Leguminous vegetables; shelled or unshelled, fresh or chilled","4","false","C00","TOTAL CPC","0","0","TOTAL MOT","8","kg","1428327","false","-1","N/A",,"false","1428327","false",,"false",,"2248958","2248958","0","false","false",
"C","A","19970101","1997","52","1997","320","GTM","Guatemala","X","Export","0","W00","World","0","W00","World","H1","HS","true","0709","Vegetables, n.e.s. in chapter 07; fresh or chilled","4","false","C00","TOTAL CPC","0","0","TOTAL MOT","8","kg","6098835","false","-1","N/A",,"false","6098835","false",,"false",,"1904983","1904983","0","false","false",
"C","A","19970101","1997","52","1997","340","HND","Honduras","X","Export","0","W00","World","0","W00","World","H1","HS","true","0709","Vegetables, n.e.s. in chapter 07; fresh or chilled","4","false","C00","TOTAL CPC","0","0","TOTAL MOT","8","kg","273755","false","-1","N/A",,"false","273755","false",,"false",,"264566","264566","0","false","false",
"C","A","19970101","1997","52","1997","320","GTM","Guatemala","X","Export","0","W00","World","0","W00","World","H1","HS","true","0712","Vegetables, dried; whole, cut, sliced, broken or in powder, but not further prepared","4","false","C00","TOTAL CPC","0","0","TOTAL MOT","8","kg","485271","false","-1","N/A",,"false","485271","false",,"false",,"137831","137831","0","false","false",
"C","A","19970101","1997","52","1997","340","HND","Honduras","X","Export","0","W00","World","0","W00","World","H1","HS","true","0712","Vegetables, dried; whole, cut, sliced, broken or in powder, but not further prepared","4","false","C00","TOTAL CPC","0","0","TOTAL MOT","8","kg","42362","false","-1","N/A",,"false","42362","false",,"false",,"46451","46451","0","false","false",
"C","A","19970101","1997","52","1997","360","IDN","Indonesia","X","Export","0","W00","World","0","W00","World","H1","HS","true","0701","Potatoes; fresh or chilled","4","false","C00","TOTAL CPC","0","0","TOTAL MOT","8","kg","36758980","false","-1","N/A",,"false","36758980","false",,"false",,"8431485","8431485","0","false","false",
"C","A","19970101","1997","52","1997","404","KEN","Kenya","X","Export","0","W00","World","0","W00","World","H1","HS","true","0701","Potatoes; fresh or chilled","4","false","C00","TOTAL CPC","0","0","TOTAL MOT","8","kg","365738","false","-1","N/A",,"false","365738","false",,"false",,"51992","51992","0","false","false",
"C","A","19970101","1997","52","1997","360","IDN","Indonesia","X","Export","0","W00","World","0","W00","World","H1","HS","true","0702","Tomatoes; fresh or chilled","4","false","C00","TOTAL CPC","0","0","TOTAL MOT","8","kg","1265771","false","-1","N/A",,"false","1265771","false",,"false",,"340614","340614","0","false","false",
"C","A","19970101","1997","52","1997","404","KEN","Kenya","X","Export","0","W00","World","0","W00","World","H1","HS","true","0702","Tomatoes; fresh or chilled","4","false","C00","TOTAL CPC","0","0","TOTAL MOT","8","kg","113673","false","-1","N/A",,"false","113673","false",,"false",,"106279","106279","0","false","false",
"C","A","19970101","1997","52","1997","360","IDN","Indonesia","X","Export","0","W00","World","0","W00","World","H1","HS","true","0703","Onions, shallots, garlic, leeks and other alliaceous vegetables; fresh or chilled","4","false","C00","TOTAL CPC","0","0","TOTAL MOT","8","kg","5058976","false","-1","N/A",,"false","5058976","false",,"false",,"1302554","1302554","0","false","false",
"C","A","19970101","1997","52","1997","404","KEN","Kenya","X","Export","0","W00","World","0","W00","World","H1","HS","true","0703","Onions, shallots, garlic, leeks and other alliaceous vegetables; fresh or chilled","4","false","C00","TOTAL CPC","0","0","TOTAL MOT","8","kg","365665","false","-1","N/A",,"false","365665","false",,"false",,"704797","704797","0","false","false",
"C","A","19970101","1997","52","1997","360","IDN","Indonesia","X","Export","0","W00","World","0","W00","World","H1","HS","true","0704","Cabbages, cauliflowers, kohlrabi, kale and similar edible brassicas; fresh or chilled","4","false","C00","TOTAL CPC","0","0","TOTAL MOT","8","kg","44688312","false","-1","N/A",,"false","44688312","false",,"false",,"7147679","7147679","0","false","false",
"C","A","19970101","1997","52","1997","404","KEN","Kenya","X","Export","0","W00","World","0","W00","World","H1","HS","true","0704","Cabbages, cauliflowers, kohlrabi, kale and similar edible brassicas; fresh or chilled","4","false","C00","TOTAL CPC","0","0","TOTAL MOT","8","kg","209331","false","-1","N/A",,"false","209331","false",,"false",,"197415","197415","0","false","false",
"C","A","19970101","1997","52","1997","360","IDN","Indonesia","X","Export","0","W00","World","0","W00","World","H1","HS","true","0705","Lettuce (lactuca sativa) and chicory (cichorium spp.) fresh or chilled","4","false","C00","TOTAL CPC","0","0","TOTAL MOT","8","kg","28229","false","-1","N/A",,"false","28229","false",,"false",,"1810","1810","0","false","false",
"C","A","19970101","1997","52","1997","404","KEN","Kenya","X","Export","0","W00","World","0","W00","World","H1","HS","true","0705","Lettuce (lactuca sativa) and chicory (cichorium spp.) fresh or chilled","4","false","C00","TOTAL CPC","0","0","TOTAL MOT","8","kg","15925","false","-1","N/A",,"false","15925","false",,"false",,"12882","12882","0","false","false",
"C","A","19970101","1997","52","1997","360","IDN","Indonesia","X","Export","0","W00","World","0","W00","World","H1","HS","true","0706","Carrots, turnips, salad beetroot, salsify, celeriac, radishes and similar edible roots; fresh or chilled","4","false","C00","TOTAL CPC","0","0","TOTAL MOT","8","kg","647454","false","-1","N/A",,"false","647454","false",,"false",,"216541","216541","0","false","false",
"C","A","19970101","1997","52","1997","404","KEN","Kenya","X","Export","0","W00","World","0","W00","World","H1","HS","true","0706","Carrots, turnips, salad beetroot, salsify, celeriac, radishes and similar edible roots; fresh or chilled","4","false","C00","TOTAL CPC","0","0","TOTAL MOT","8","kg","36312","false","-1","N/A",,"false","36312","false",,"false",,"44278","44278","0","false","false",
"C","A","19970101","1997","52","1997","360","IDN","Indonesia","X","Export","0","W00","World","0","W00","World","H1","HS","true","0707","Cucumbers and gherkins; fresh or chilled","4","false","C00","TOTAL CPC","0","0","TOTAL MOT","8","kg","62383","false","-1","N/A",,"false","62383","false",,"false",,"80164","80164","0","false","false",
"C","A","19970101","1997","52","1997","404","KEN","Kenya","X","Export","0","W00","World","0","W00","World","H1","HS","true","0707","Cucumbers and gherkins; fresh or chilled","4","false","C00","TOTAL CPC","0","0","TOTAL MOT","8","kg","8921","false","-1","N/A",,"false","8921","false",,"false",,"6305","6305","0","false","false",
"C","A","19970101","1997","52","1997","360","IDN","Indonesia","X","Export","0","W00","World","0","W00","World","H1","HS","true","0708","Leguminous vegetables; shelled or unshelled, fresh or chilled","4","false","C00","TOTAL CPC","0","0","TOTAL MOT","8","kg","1085948","false","-1","N/A",,"false","1085948","false",,"false",,"384782","384782","0","false","false",
"C","A","19970101","1997","52","1997","404","KEN","Kenya","X","Export","0","W00","World","0","W00","World","H1","HS","true","0708","Leguminous vegetables; shelled or unshelled, fresh or chilled","4","false","C00","TOTAL CPC","0","0","TOTAL MOT","8","kg","16631391","false","-1","N/A",,"false","16631391","false",,"false",,"24875644","24875644","0","false","false",
"C","A","19970101","1997","52","1997","360","IDN","Indonesia","X","Export","0","W00","World","0","W00","World","H1","HS","true","0709","Vegetables, n.e.s. in chapter 07; fresh or chilled","4","false","C00","TOTAL CPC","0","0","TOTAL MOT","8","kg","2366475","false","-1","N/A",,"false","2366475","false",,"false",,"2647166","2647166","0","false","false",
"C","A","19970101","1997","52","1997","404","KEN","Kenya","X","Export","0","W00","World","0","W00","World","H1","HS","true","0709","Vegetables, n.e.s. in chapter 07; fresh or chilled","4","false","C00","TOTAL CPC","0","0","TOTAL MOT","8","kg","15453928","false","-1","N/A",,"false","15453928","false",,"false",,"20016624","20016624","0","false","false",
"C","A","19970101","1997","52","1997","360","IDN","Indonesia","X","Export","0","W00","World","0","W00","World","H1","HS","true","0712","Vegetables, dried; whole, cut, sliced, broken or in powder, but not further prepared","4","false","C00","TOTAL CPC","0","0","TOTAL MOT","8","kg","529174","false","-1","N/A",,"false","529174","false",,"false",,"940608","940608","0","false","false",
"C","A","19970101","1997","52","1997","404","KEN","Kenya","X","Export","0","W00","World","0","W00","World","H1","HS","true","0712","Vegetables, dried; whole, cut, sliced, broken or in powder, but not further prepared","4","false","C00","TOTAL CPC","0","0","TOTAL MOT","8","kg","102","false","-1","N/A",,"false","102","false",,"false",,"237","237","0","false","false",
"C","A","19970101","1997","52","1997","504","MAR","Morocco","X","Export","0","W00","World","0","W00","World","H0","HS","true","0701","Potatoes; fresh or chilled","4","false","C00","TOTAL CPC","0","0","TOTAL MOT","8","kg","50380508","false","-1","N/A",,"false","50380508","false",,"false",,"19033720","19033720","0","true","false",
"C","A","19970101","1997","52","1997","504","MAR","Morocco","X","Export","0","W00","World","0","W00","World","H0","HS","true","0702","Tomatoes; fresh or chilled","4","false","C00","TOTAL CPC","0","0","TOTAL MOT","8","kg","188653136","false","-1","N/A",,"false","188653136","false",,"false",,"90789488","90789488","0","true","false",
"C","A","19970101","1997","52","1997","504","MAR","Morocco","X","Export","0","W00","World","0","W00","World","H0","HS","true","0703","Onions, shallots, garlic, leeks and other alliaceous vegetables; fresh or chilled","4","false","C00","TOTAL CPC","0","0","TOTAL MOT","8","kg","1595388","false","-1","N/A",,"false","1595388","false",,"false",,"957975","957975","0","true","false",
"C","A","19970101","1997","52","1997","504","MAR","Morocco","X","Export","0","W00","World","0","W00","World","H0","HS","true","0705","Lettuce (lactuca sativa) and chicory (cichorium spp.) fresh or chilled","4","false","C00","TOTAL CPC","0","0","TOTAL MOT","8","kg","16550","false","-1","N/A",,"false","16550","false",,"false",,"9653","9653","0","true","false",
"C","A","19970101","1997","52","1997","504","MAR","Morocco","X","Export","0","W00","World","0","W00","World","H0","HS","true","0706","Carrots, turnips, salad beetroot, salsify, celeriac, radishes and similar edible roots; fresh or chilled","4","false","C00","TOTAL CPC","0","0","TOTAL MOT","8","kg","2736099","false","-1","N/A",,"false","2736099","false",,"false",,"1567642","1567642","0","true","false",
"C","A","19970101","1997","52","1997","504","MAR","Morocco","X","Export","0","W00","World","0","W00","World","H0","HS","true","0707","Cucumbers and gherkins; fresh or chilled","4","false","C00","TOTAL CPC","0","0","TOTAL MOT","8","kg","1499391","false","-1","N/A",,"false","1499391","false",,"false",,"477206","477206","0","true","false",
"C","A","19970101","1997","52","1997","504","MAR","Morocco","X","Export","0","W00","World","0","W00","World","H0","HS","true","0708","Leguminous vegetables; shelled or unshelled, fresh or chilled","4","false","C00","TOTAL CPC","0","0","TOTAL MOT","8","kg","10150622","false","-1","N/A",,"false","10150622","false",,"false",,"6390731","6390731","0","true","false",
"C","A","19970101","1997","52","1997","504","MAR","Morocco","X","Export","0","W00","World","0","W00","World","H0","HS","true","0709","Vegetables, n.e.s. in chapter 07; fresh or chilled","4","false","C00","TOTAL CPC","0","0","TOTAL MOT","8","kg","10975019","false","-1","N/A",,"false","10975019","false",,"false",,"15167530","15167530","0","true","false",
"C","A","19970101","1997","52","1997","504","MAR","Morocco","X","Export","0","W00","World","0","W00","World","H0","HS","true","0712","Vegetables, dried; whole, cut, sliced, broken or in powder, but not further prepared","4","false","C00","TOTAL CPC","0","0","TOTAL MOT","8","kg","654901","false","-1","N/A",,"false","654901","false",,"false",,"3020721","3020721","0","true","false",
"C","A","19970101","1997","52","1997","724","ESP","Spain","X","Export","0","W00","World","0","W00","World","H1","HS","true","0701","Potatoes; fresh or chilled","4","false","C00","TOTAL CPC","0","0","TOTAL MOT","8","kg","217290096","false","-1","N/A",,"false","217290096","false",,"false",,"57860088","57860088","0","false","false",
"C","A","19970101","1997","52","1997","724","ESP","Spain","X","Export","0","W00","World","0","W00","World","H1","HS","true","0702","Tomatoes; fresh or chilled","4","false","C00","TOTAL CPC","0","0","TOTAL MOT","8","kg","999377856","false","-1","N/A",,"false","999377856","false",,"false",,"717767808","717767808","0","false","false",
"C","A","19970101","1997","52","1997","724","ESP","Spain","X","Export","0","W00","World","0","W00","World","H1","HS","true","0703","Onions, shallots, garlic, leeks and other alliaceous vegetables; fresh or chilled","4","false","C00","TOTAL CPC","0","0","TOTAL MOT","8","kg","281592960","false","-1","N/A",,"false","281592960","false",,"false",,"150719008","150719008","0","false","false",
"C","A","19970101","1997","52","1997","724","ESP","Spain","X","Export","0","W00","World","0","W00","World","H1","HS","true","0704","Cabbages, cauliflowers, kohlrabi, kale and similar edible brassicas; fresh or chilled","4","false","C00","TOTAL CPC","0","0","TOTAL MOT","8","kg","248236752","false","-1","N/A",,"false","248236752","false",,"false",,"176093600","176093600","0","false","false",
"C","A","19970101","1997","52","1997","724","ESP","Spain","X","Export","0","W00","World","0","W00","World","H1","HS","true","0705","Lettuce (lactuca sativa) and chicory (cichorium spp.) fresh or chilled","4","false","C00","TOTAL CPC","0","0","TOTAL MOT","8","kg","397960928","false","-1","N/A",,"false","397960928","false",,"false",,"261109200","261109200","0","false","false",
"C","A","19970101","1997","52","1997","724","ESP","Spain","X","Export","0","W00","World","0","W00","World","H1","HS","true","0706","Carrots, turnips, salad beetroot, salsify, celeriac, radishes and similar edible roots; fresh or chilled","4","false","C00","TOTAL CPC","0","0","TOTAL MOT","8","kg","286101632","false","-1","N/A",,"false","286101632","false",,"false",,"40037560","40037560","0","false","false",
"C","A","19970101","1997","52","1997","724","ESP","Spain","X","Export","0","W00","World","0","W00","World","H1","HS","true","0707","Cucumbers and gherkins; fresh or chilled","4","false","C00","TOTAL CPC","0","0","TOTAL MOT","8","kg","345159040","false","-1","N/A",,"false","345159040","false",,"false",,"209723840","209723840","0","false","false",
"C","A","19970101","1997","52","1997","724","ESP","Spain","X","Export","0","W00","World","0","W00","World","H1","HS","true","0708","Leguminous vegetables; shelled or unshelled, fresh or chilled","4","false","C00","TOTAL CPC","0","0","TOTAL MOT","8","kg","39834568","false","-1","N/A",,"false","39834568","false",,"false",,"57018736","57018736","0","false","false",
"C","A","19970101","1997","52","1997","724","ESP","Spain","X","Export","0","W00","World","0","W00","World","H1","HS","true","0709","Vegetables, n.e.s. in chapter 07; fresh or chilled","4","false","C00","TOTAL CPC","0","0","TOTAL MOT","8","kg","664971136","false","-1","N/A",,"false","664971136","false",,"false",,"743834496","743834496","0","false","false",
"C","A","19970101","1997","52","1997","724","ESP","Spain","X","Export","0","W00","World","0","W00","World","H1","HS","true","0712","Vegetables, dried; whole, cut, sliced, broken or in powder, but not further prepared","4","false","C00","TOTAL CPC","0","0","TOTAL MOT","8","kg","9749079","false","-1","N/A",,"false","9749079","false",,"false",,"14478349","14478349","0","false","false",
"C","A","19970101","1997","52","1997","764","THA","Thailand","X","Export","0","W00","World","0","W00","World","H0","HS","true","0701","Potatoes; fresh or chilled","4","false","C00","TOTAL CPC","0","0","TOTAL MOT","8","kg","663823","false","-1","N/A",,"false","663823","false",,"false",,"261955","261955","0","true","false",
"C","A","19970101","1997","52","1997","764","THA","Thailand","X","Export","0","W00","World","0","W00","World","H0","HS","true","0702","Tomatoes; fresh or chilled","4","false","C00","TOTAL CPC","0","0","TOTAL MOT","8","kg","2344651","false","-1","N/A",,"false","2344651","false",,"false",,"298600","298600","0","true","false",
"C","A","19970101","1997","52","1997","764","THA","Thailand","X","Export","0","W00","World","0","W00","World","H0","HS","true","0703","Onions, shallots, garlic, leeks and other alliaceous vegetables; fresh or chilled","4","false","C00","TOTAL CPC","0","0","TOTAL MOT","8","kg","12811221","false","-1","N/A",,"false","12811221","false",,"false",,"2960253","2960253","0","true","false",
"C","A","19970101","1997","52","1997","764","THA","Thailand","X","Export","0","W00","World","0","W00","World","H0","HS","true","0704","Cabbages, cauliflowers, kohlrabi, kale and similar edible brassicas; fresh or chilled","4","false","C00","TOTAL CPC","0","0","TOTAL MOT","8","kg","262782","false","-1","N/A",,"false","262782","false",,"false",,"57098","57098","0","true","false",
"C","A","19970101","1997","52","1997","764","THA","Thailand","X","Export","0","W00","World","0","W00","World","H0","HS","true","0705","Lettuce (lactuca sativa) and chicory (cichorium spp.) fresh or chilled","4","false","C00","TOTAL CPC","0","0","TOTAL MOT","8","kg","22069","false","-1","N/A",,"false","22069","false",,"false",,"25352","25352","0","true","false",
"C","A","19970101","1997","52","1997","764","THA","Thailand","X","Export","0","W00","World","0","W00","World","H0","HS","true","0706","Carrots, turnips, salad beetroot, salsify, celeriac, radishes and similar edible roots; fresh or chilled","4","false","C00","TOTAL CPC","0","0","TOTAL MOT","8","kg","394142","false","-1","N/A",,"false","394142","false",,"false",,"439954","439954","0","true","false",
"C","A","19970101","1997","52","1997","764","THA","Thailand","X","Export","0","W00","World","0","W00","World","H0","HS","true","0707","Cucumbers and gherkins; fresh or chilled","4","false","C00","TOTAL CPC","0","0","TOTAL MOT","8","kg","3078","false","-1","N/A",,"false","3078","false",,"false",,"11098","11098","0","true","false",
"C","A","19970101","1997","52","1997","764","THA","Thailand","X","Export","0","W00","World","0","W00","World","H0","HS","true","0708","Leguminous vegetables; shelled or unshelled, fresh or chilled","4","false","C00","TOTAL CPC","0","0","TOTAL MOT","8","kg","54517","false","-1","N/A",,"false","54517","false",,"false",,"264103","264103","0","true","false",
"C","A","19970101","1997","52","1997","764","THA","Thailand","X","Export","0","W00","World","0","W00","World","H0","HS","true","0709","Vegetables, n.e.s. in chapter 07; fresh or chilled","4","false","C00","TOTAL CPC","0","0","TOTAL MOT","8","kg","29639507","false","-1","N/A",,"false","29639507","false",,"false",,"24088755","24088755","0","true","false",
"C","A","19970101","1997","52","1997","764","THA","Thailand","X","Export","0","W00","World","0","W00","World","H0","HS","true","0712","Vegetables, dried; whole, cut, sliced, broken or in powder, but not further prepared","4","false","C00","TOTAL CPC","0","0","TOTAL MOT","8","kg","1810259","false","-1","N/A",,"false","1810259","false",,"false",,"4044488","4044488","0","true","false",
"C","A","19970101","1997","52","1997","792","TUR","Türkiye","X","Export","0","W00","World","0","W00","World","H1","HS","true","0701","Potatoes; fresh or chilled","4","false","C00","TOTAL CPC","0","0","TOTAL MOT","8","kg","222287376","false","-1","N/A",,"false","222287376","false",,"false",,"47360400","47360400","0","false","false",
"C","A","19970101","1997","52","1997","792","TUR","Türkiye","X","Export","0","W00","World","0","W00","World","H1","HS","true","0702","Tomatoes; fresh or chilled","4","false","C00","TOTAL CPC","0","0","TOTAL MOT","8","kg","132009552","false","-1","N/A",,"false","132009552","false",,"false",,"55550992","55550992","0","false","false",
"C","A","19970101","1997","52","1997","792","TUR","Türkiye","X","Export","0","W00","World","0","W00","World","H1","HS","true","0703","Onions, shallots, garlic, leeks and other alliaceous vegetables; fresh or chilled","4","false","C00","TOTAL CPC","0","0","TOTAL MOT","8","kg","127209760","false","-1","N/A",,"false","127209760","false",,"false",,"24764690","24764690","0","false","false",
"C","A","19970101","1997","52","1997","792","TUR","Türkiye","X","Export","0","W00","World","0","W00","World","H1","HS","true","0704","Cabbages, cauliflowers, kohlrabi, kale and similar edible brassicas; fresh or chilled","4","false","C00","TOTAL CPC","0","0","TOTAL MOT","8","kg","6349487","false","-1","N/A",,"false","6349487","false",,"false",,"1780255","1780255","0","false","false",
"C","A","19970101","1997","52","1997","792","TUR","Türkiye","X","Export","0","W00","World","0","W00","World","H1","HS","true","0705","Lettuce (lactuca sativa) and chicory (cichorium spp.) fresh or chilled","4","false","C00","TOTAL CPC","0","0","TOTAL MOT","8","kg","165269","false","-1","N/A",,"false","165269","false",,"false",,"134672","134672","0","false","false",
"C","A","19970101","1997","52","1997","792","TUR","Türkiye","X","Export","0","W00","World","0","W00","World","H1","HS","true","0706","Carrots, turnips, salad beetroot, salsify, celeriac, radishes and similar edible roots; fresh or chilled","4","false","C00","TOTAL CPC","0","0","TOTAL MOT","8","kg","15524136","false","-1","N/A",,"false","15524136","false",,"false",,"2797458","2797458","0","false","false",
"C","A","19970101","1997","52","1997","792","TUR","Türkiye","X","Export","0","W00","World","0","W00","World","H1","HS","true","0707","Cucumbers and gherkins; fresh or chilled","4","false","C00","TOTAL CPC","0","0","TOTAL MOT","8","kg","12518525","false","-1","N/A",,"false","12518525","false",,"false",,"6562272","6562272","0","false","false",
"C","A","19970101","1997","52","1997","792","TUR","Türkiye","X","Export","0","W00","World","0","W00","World","H1","HS","true","0708","Leguminous vegetables; shelled or unshelled, fresh or chilled","4","false","C00","TOTAL CPC","0","0","TOTAL MOT","8","kg","1303899","false","-1","N/A",,"false","1303899","false",,"false",,"1172028","1172028","0","false","false",
"C","A","19970101","1997","52","1997","792","TUR","Türkiye","X","Export","0","W00","World","0","W00","World","H1","HS","true","0709","Vegetables, n.e.s. in chapter 07; fresh or chilled","4","false","C00","TOTAL CPC","0","0","TOTAL MOT","8","kg","47548908","false","-1","N/A",,"false","47548908","false",,"false",,"39864376","39864376","0","false","false",
"C","A","19970101","1997","52","1997","792","TUR","Türkiye","X","Export","0","W00","World","0","W00","World","H1","HS","true","0712","Vegetables, dried; whole, cut, sliced, broken or in powder, but not further prepared","4","false","C00","TOTAL CPC","0","0","TOTAL MOT","8","kg","3925247","false","-1","N/A",,"false","3925247","false",,"false",,"19068976","19068976","0","false","false",
"C","A","19980101","1998","52","1998","32","ARG","Argentina","X","Export","0","W00","World","0","W00","World","H1","HS","true","0701","Potatoes; fresh or chilled","4","false","C00","TOTAL CPC","0","0","TOTAL MOT","8","kg","134731840","false","-1","N/A",,"false","134731840","false",,"false",,"14960924","14960924","0","false","false",
"C","A","19980101","1998","52","1998","68","BOL","Bolivia (Plurinational State of)","X","Export","0","W00","World","0","W00","World","H1","HS","true","0701","Potatoes; fresh or chilled","4","false","C00","TOTAL CPC","0","0","TOTAL MOT","8","kg","5000","false","-1","N/A",,"false","5000","false",,"false",,"1704","1704","0","false","false",
"C","A","19980101","1998","52","1998","32","ARG","Argentina","X","Export","0","W00","World","0","W00","World","H1","HS","true","0702","Tomatoes; fresh or chilled","4","false","C00","TOTAL CPC","0","0","TOTAL MOT","8","kg","2524332","false","-1","N/A",,"false","2524332","false",,"false",,"453834","453834","0","false","false",
"C","A","19980101","1998","52","1998","68","BOL","Bolivia (Plurinational State of)","X","Export","0","W00","World","0","W00","World","H1","HS","true","0702","Tomatoes; fresh or chilled","4","false","C00","TOTAL CPC","0","0","TOTAL MOT","8","kg","5000","false","-1","N/A",,"false","5000","false",,"false",,"1439","1439","0","false","false",
"C","A","19980101","1998","52","1998","32","ARG","Argentina","X","Export","0","W00","World","0","W00","World","H1","HS","true","0703","Onions, shallots, garlic, leeks and other alliaceous vegetables; fresh or chilled","4","false","C00","TOTAL CPC","0","0","TOTAL MOT","8","kg","519368032","false","-1","N/A",,"false","519368032","false",,"false",,"197647488","197647488","0","false","false",
"C","A","19980101","1998","52","1998","68","BOL","Bolivia (Plurinational State of)","X","Export","0","W00","World","0","W00","World","H1","HS","true","0703","Onions, shallots, garlic, leeks and other alliaceous vegetables; fresh or chilled","4","false","C00","TOTAL CPC","0","0","TOTAL MOT","8","kg","1527413","false","-1","N/A",,"false","1527413","false",,"false",,"276647","276647","0","false","false",
"C","A","19980101","1998","52","1998","32","ARG","Argentina","X","Export","0","W00","World","0","W00","World","H1","HS","true","0704","Cabbages, cauliflowers, kohlrabi, kale and similar edible brassicas; fresh or chilled","4","false","C00","TOTAL CPC","0","0","TOTAL MOT","8","kg","85484","false","-1","N/A",,"false","85484","false",,"false",,"21732","21732","0","false","false",
"C","A","19980101","1998","52","1998","32","ARG","Argentina","X","Export","0","W00","World","0","W00","World","H1","HS","true","0705","Lettuce (lactuca sativa) and chicory (cichorium spp.) fresh or chilled","4","false","C00","TOTAL CPC","0","0","TOTAL MOT","8","kg","283069","false","-1","N/A",,"false","283069","false",,"false",,"120656","120656","0","false","false",
"C","A","19980101","1998","52","1998","32","ARG","Argentina","X","Export","0","W00","World","0","W00","World","H1","HS","true","0706","Carrots, turnips, salad beetroot, salsify, celeriac, radishes and similar edible roots; fresh or chilled","4","false","C00","TOTAL CPC","0","0","TOTAL MOT","8","kg","3702687","false","-1","N/A",,"false","3702687","false",,"false",,"517980","517980","0","false","false",
"C","A","19980101","1998","52","1998","32","ARG","Argentina","X","Export","0","W00","World","0","W00","World","H1","HS","true","0707","Cucumbers and gherkins; fresh or chilled","4","false","C00","TOTAL CPC","0","0","TOTAL MOT","8","kg","37254","false","-1","N/A",,"false","37254","false",,"false",,"40525","40525","0","false","false",
"C","A","19980101","1998","52","1998","32","ARG","Argentina","X","Export","0","W00","World","0","W00","World","H1","HS","true","0708","Leguminous vegetables; shelled or unshelled, fresh or chilled","4","false","C00","TOTAL CPC","0","0","TOTAL MOT","8","kg","170693","false","-1","N/A",,"false","170693","false",,"false",,"64672","64672","0","false","false",
"C","A","19980101","1998","52","1998","68","BOL","Bolivia (Plurinational State of)","X","Export","0","W00","World","0","W00","World","H1","HS","true","0708","Leguminous vegetables; shelled or unshelled, fresh or chilled","4","false","C00","TOTAL CPC","0","0","TOTAL MOT","8","kg","7312","false","-1","N/A",,"false","7312","false",,"false",,"3251","3251","0","false","false",
"C","A","19980101","1998","52","1998","32","ARG","Argentina","X","Export","0","W00","World","0","W00","World","H1","HS","true","0709","Vegetables, n.e.s. in chapter 07; fresh or chilled","4","false","C00","TOTAL CPC","0","0","TOTAL MOT","8","kg","2230070","false","-1","N/A",,"false","2230070","false",,"false",,"3001159","3001159","0","false","false",
"C","A","19980101","1998","52","1998","32","ARG","Argentina","X","Export","0","W00","World","0","W00","World","H1","HS","true","0712","Vegetables, dried; whole, cut, sliced, broken or in powder, but not further prepared","4","false","C00","TOTAL CPC","0","0","TOTAL MOT","8","kg","2005451","false","-1","N/A",,"false","2005451","false",,"false",,"6231529","6231529","0","false","false",
"C","A","19980101","1998","52","1998","68","BOL","Bolivia (Plurinational State of)","X","Export","0","W00","World","0","W00","World","H1","HS","true","0712","Vegetables, dried; whole, cut, sliced, broken or in powder, but not further prepared","4","false","C00","TOTAL CPC","0","0","TOTAL MOT","8","kg","31707","false","-1","N/A",,"false","31707","false",,"false",,"5052","5052","0","false","false",
"C","A","19980101","1998","52","1998","188","CRI","Costa Rica","X","Export","0","W00","World","0","W00","World","H1","HS","true","0701","Potatoes; fresh or chilled","4","false","C00","TOTAL CPC","0","0","TOTAL MOT","8","kg","1319319","false","-1","N/A",,"false","1319319","false",,"false",,"1353223","1353223","0","false","false",
"C","A","19980101","1998","52","1998","188","CRI","Costa Rica","X","Export","0","W00","World","0","W00","World","H1","HS","true","0702","Tomatoes; fresh or chilled","4","false","C00","TOTAL CPC","0","0","TOTAL MOT","8","kg","711366","false","-1","N/A",,"false","711366","false",,"false",,"334182","334182","0","false","false",
"C","A","19980101","1998","52","1998","188","CRI","Costa Rica","X","Export","0","W00","World","0","W00","World","H1","HS","true","0703","Onions, shallots, garlic, leeks and other alliaceous vegetables; fresh or chilled","4","false","C00","TOTAL CPC","0","0","TOTAL MOT","8","kg","2280077","false","-1","N/A",,"false","2280077","false",,"false",,"6999383","6999383","0","false","false",
"C","A","19980101","1998","52","1998","188","CRI","Costa Rica","X","Export","0","W00","World","0","W00","World","H1","HS","true","0704","Cabbages, cauliflowers, kohlrabi, kale and similar edible brassicas; fresh or chilled","4","false","C00","TOTAL CPC","0","0","TOTAL MOT","8","kg","1502750","false","-1","N/A",,"false","1502750","false",,"false",,"210133","210133","0","false","false",
"C","A","19980101","1998","52","1998","188","CRI","Costa Rica","X","Export","0","W00","World","0","W00","World","H1","HS","true","0705","Lettuce (lactuca sativa) and chicory (cichorium spp.) fresh or chilled","4","false","C00","TOTAL CPC","0","0","TOTAL MOT","8","kg","543160","false","-1","N/A",,"false","543160","false",,"false",,"52333","52333","0","false","false",
"C","A","19980101","1998","52","1998","188","CRI","Costa Rica","X","Export","0","W00","World","0","W00","World","H1","HS","true","0706","Carrots, turnips, salad beetroot, salsify, celeriac, radishes and similar edible roots; fresh or chilled","4","false","C00","TOTAL CPC","0","0","TOTAL MOT","8","kg","1767125","false","-1","N/A",,"false","1767125","false",,"false",,"312518","312518","0","false","false",
"C","A","19980101","1998","52","1998","188","CRI","Costa Rica","X","Export","0","W00","World","0","W00","World","H1","HS","true","0707","Cucumbers and gherkins; fresh or chilled","4","false","C00","TOTAL CPC","0","0","TOTAL MOT","8","kg","8930","false","-1","N/A",,"false","8930","false",,"false",,"5930","5930","0","false","false",
"C","A","19980101","1998","52","1998","188","CRI","Costa Rica","X","Export","0","W00","World","0","W00","World","H1","HS","true","0708","Leguminous vegetables; shelled or unshelled, fresh or chilled","4","false","C00","TOTAL CPC","0","0","TOTAL MOT","8","kg","209749","false","-1","N/A",,"false","209749","false",,"false",,"203483","203483","0","false","false",
"C","A","19980101","1998","52","1998","188","CRI","Costa Rica","X","Export","0","W00","World","0","W00","World","H1","HS","true","0709","Vegetables, n.e.s. in chapter 07; fresh or chilled","4","false","C00","TOTAL CPC","0","0","TOTAL MOT","8","kg","24807962","false","-1","N/A",,"false","24807962","false",,"false",,"13602453","13602453","0","false","false",
"C","A","19980101","1998","52","1998","188","CRI","Costa Rica","X","Export","0","W00","World","0","W00","World","H1","HS","true","0712","Vegetables, dried; whole, cut, sliced, broken or in powder, but not further prepared","4","false","C00","TOTAL CPC","0","0","TOTAL MOT","8","kg","117789","false","-1","N/A",,"false","117789","false",,"false",,"264253","264253","0","false","false",
"C","A","19980101","1998","52","1998","218","ECU","Ecuador","X","Export","0","W00","World","0","W00","World","H1","HS","true","0701","Potatoes; fresh or chilled","4","false","C00","TOTAL CPC","0","0","TOTAL MOT","8","kg","6147613","false","-1","N/A",,"false","6147613","false",,"false",,"869984","869984","0","false","false",
"C","A","19980101","1998","52","1998","218","ECU","Ecuador","X","Export","0","W00","World","0","W00","World","H1","HS","true","0702","Tomatoes; fresh or chilled","4","false","C00","TOTAL CPC","0","0","TOTAL MOT","8","kg","9002","false","-1","N/A",,"false","9002","false",,"false",,"1184","1184","0","false","false",
"C","A","19980101","1998","52","1998","218","ECU","Ecuador","X","Export","0","W00","World","0","W00","World","H1","HS","true","0703","Onions, shallots, garlic, leeks and other alliaceous vegetables; fresh or chilled","4","false","C00","TOTAL CPC","0","0","TOTAL MOT","8","kg","3492984","false","-1","N/A",,"false","3492984","false",,"false",,"392959","392959","0","false","false",
"C","A","19980101","1998","52","1998","218","ECU","Ecuador","X","Export","0","W00","World","0","W00","World","H1","HS","true","0704","Cabbages, cauliflowers, kohlrabi, kale and similar edible brassicas; fresh or chilled","4","false","C00","TOTAL CPC","0","0","TOTAL MOT","8","kg","13944501","false","-1","N/A",,"false","13944501","false",,"false",,"13179549","13179549","0","false","false",
"C","A","19980101","1998","52","1998","218","ECU","Ecuador","X","Export","0","W00","World","0","W00","World","H1","HS","true","0705","Lettuce (lactuca sativa) and chicory (cichorium spp.) fresh or chilled","4","false","C00","TOTAL CPC","0","0","TOTAL MOT","8","kg","1812","false","-1","N/A",,"false","1812","false",,"false",,"1080","1080","0","false","false",
"C","A","19980101","1998","52","1998","218","ECU","Ecuador","X","Export","0","W00","World","0","W00","World","H1","HS","true","0707","Cucumbers and gherkins; fresh or chilled","4","false","C00","TOTAL CPC","0","0","TOTAL MOT","8","kg","173728","false","-1","N/A",,"false","173728","false",,"false",,"234243","234243","0","false","false",
"C","A","19980101","1998","52","1998","218","ECU","Ecuador","X","Export","0","W00","World","0","W00","World","H1","HS","true","0708","Leguminous vegetables; shelled or unshelled, fresh or chilled","4","false","C00","TOTAL CPC","0","0","TOTAL MOT","8","kg","52713","false","-1","N/A",,"false","52713","false",,"false",,"37411","37411","0","false","false",
"C","A","19980101","1998","52","1998","218","ECU","Ecuador","X","Export","0","W00","World","0","W00","World","H1","HS","true","0709","Vegetables, n.e.s. in chapter 07; fresh or chilled","4","false","C00","TOTAL CPC","0","0","TOTAL MOT","8","kg","448510","false","-1","N/A",,"false","448510","false",,"false",,"422947","422947","0","false","false",
"C","A","19980101","1998","52","1998","218","ECU","Ecuador","X","Export","0","W00","World","0","W00","World","H1","HS","true","0712","Vegetables, dried; whole, cut, sliced, broken or in powder, but not further prepared","4","false","C00","TOTAL CPC","0","0","TOTAL MOT","8","kg","22522","false","-1","N/A",,"false","22522","false",,"false",,"90010","90010","0","false","false",
"C","A","19980101","1998","52","1998","320","GTM","Guatemala","X","Export","0","W00","World","0","W00","World","H1","HS","true","0701","Potatoes; fresh or chilled","4","false","C00","TOTAL CPC","0","0","TOTAL MOT","8","kg","27694840","false","-1","N/A",,"false","27694840","false",,"false",,"2598281","2598281","0","false","false",
"C","A","19980101","1998","52","1998","340","HND","Honduras","X","Export","0","W00","World","0","W00","World","H1","HS","true","0701","Potatoes; fresh or chilled","4","false","C00","TOTAL CPC","0","0","TOTAL MOT","8","kg","13117370","false","-1","N/A",,"false","13117370","false",,"false",,"3580990","3580990","0","false","false",
"C","A","19980101","1998","52","1998","320","GTM","Guatemala","X","Export","0","W00","World","0","W00","World","H1","HS","true","0702","Tomatoes; fresh or chilled","4","false","C00","TOTAL CPC","0","0","TOTAL MOT","8","kg","5187753","false","-1","N/A",,"false","5187753","false",,"false",,"1728638","1728638","0","false","false",
"C","A","19980101","1998","52","1998","340","HND","Honduras","X","Export","0","W00","World","0","W00","World","H1","HS","true","0702","Tomatoes; fresh or chilled","4","false","C00","TOTAL CPC","0","0","TOTAL MOT","8","kg","7962956","false","-1","N/A",,"false","7962956","false",,"false",,"2270320","2270320","0","false","false",
"C","A","19980101","1998","52","1998","320","GTM","Guatemala","X","Export","0","W00","World","0","W00","World","H1","HS","true","0703","Onions, shallots, garlic, leeks and other alliaceous vegetables; fresh or chilled","4","false","C00","TOTAL CPC","0","0","TOTAL MOT","8","kg","12605337","false","-1","N/A",,"false","12605337","false",,"false",,"2646850","2646850","0","false","false",
"C","A","19980101","1998","52","1998","340","HND","Honduras","X","Export","0","W00","World","0","W00","World","H1","HS","true","0703","Onions, shallots, garlic, leeks and other alliaceous vegetables; fresh or chilled","4","false","C00","TOTAL CPC","0","0","TOTAL MOT","8","kg","2252275","false","-1","N/A",,"false","2252275","false",,"false",,"1233364","1233364","0","false","false",
"C","A","19980101","1998","52","1998","320","GTM","Guatemala","X","Export","0","W00","World","0","W00","World","H1","HS","true","0704","Cabbages, cauliflowers, kohlrabi, kale and similar edible brassicas; fresh or chilled","4","false","C00","TOTAL CPC","0","0","TOTAL MOT","8","kg","43315124","false","-1","N/A",,"false","43315124","false",,"false",,"19398248","19398248","0","false","false",
"C","A","19980101","1998","52","1998","320","GTM","Guatemala","X","Export","0","W00","World","0","W00","World","H1","HS","true","0705","Lettuce (lactuca sativa) and chicory (cichorium spp.) fresh or chilled","4","false","C00","TOTAL CPC","0","0","TOTAL MOT","8","kg","11664083","false","-1","N/A",,"false","11664083","false",,"false",,"1532186","1532186","0","false","false",
"C","A","19980101","1998","52","1998","340","HND","Honduras","X","Export","0","W00","World","0","W00","World","H1","HS","true","0705","Lettuce (lactuca sativa) and chicory (cichorium spp.) fresh or chilled","4","false","C00","TOTAL CPC","0","0","TOTAL MOT","8","kg","1129503","false","-1","N/A",,"false","1129503","false",,"false",,"765581","765581","0","false","false",
"C","A","19980101","1998","52","1998","320","GTM","Guatemala","X","Export","0","W00","World","0","W00","World","H1","HS","true","0706","Carrots, turnips, salad beetroot, salsify, celeriac, radishes and similar edible roots; fresh or chilled","4","false","C00","TOTAL CPC","0","0","TOTAL MOT","8","kg","8459372","false","-1","N/A",,"false","8459372","false",,"false",,"1060854","1060854","0","false","false",
"C","A","19980101","1998","52","1998","340","HND","Honduras","X","Export","0","W00","World","0","W00","World","H1","HS","true","0706","Carrots, turnips, salad beetroot, salsify, celeriac, radishes and similar edible roots; fresh or chilled","4","false","C00","TOTAL CPC","0","0","TOTAL MOT","8","kg","51362","false","-1","N/A",,"false","51362","false",,"false",,"36995","36995","0","false","false",
"C","A","19980101","1998","52","1998","320","GTM","Guatemala","X","Export","0","W00","World","0","W00","World","H1","HS","true","0707","Cucumbers and gherkins; fresh or chilled","4","false","C00","TOTAL CPC","0","0","TOTAL MOT","8","kg","1810396","false","-1","N/A",,"false","1810396","false",,"false",,"178611","178611","0","false","false",
"C","A","19980101","1998","52","1998","340","HND","Honduras","X","Export","0","W00","World","0","W00","World","H1","HS","true","0707","Cucumbers and gherkins; fresh or chilled","4","false","C00","TOTAL CPC","0","0","TOTAL MOT","8","kg","2299881","false","-1","N/A",,"false","2299881","false",,"false",,"577071","577071","0","false","false",
"C","A","19980101","1998","52","1998","320","GTM","Guatemala","X","Export","0","W00","World","0","W00","World","H1","HS","true","0708","Leguminous vegetables; shelled or unshelled, fresh or chilled","4","false","C00","TOTAL CPC","0","0","TOTAL MOT","8","kg","19317036","false","-1","N/A",,"false","19317036","false",,"false",,"11441521","11441521","0","false","false",
"C","A","19980101","1998","52","1998","340","HND","Honduras","X","Export","0","W00","World","0","W00","World","H1","HS","true","0708","Leguminous vegetables; shelled or unshelled, fresh or chilled","4","false","C00","TOTAL CPC","0","0","TOTAL MOT","8","kg","2195616","false","-1","N/A",,"false","2195616","false",,"false",,"1684623","1684623","0","false","false",
"C","A","19980101","1998","52","1998","320","GTM","Guatemala","X","Export","0","W00","World","0","W00","World","H1","HS","true","0709","Vegetables, n.e.s. in chapter 07; fresh or chilled","4","false","C00","TOTAL CPC","0","0","TOTAL MOT","8","kg","7358807","false","-1","N/A",,"false","7358807","false",,"false",,"2369922","2369922","0","false","false",
"C","A","19980101","1998","52","1998","340","HND","Honduras","X","Export","0","W00","World","0","W00","World","H1","HS","true","0709","Vegetables, n.e.s. in chapter 07; fresh or chilled","4","false","C00","TOTAL CPC","0","0","TOTAL MOT","8","kg","1256327","false","-1","N/A",,"false","1256327","false",,"false",,"803723","803723","0","false","false",
"C","A","19980101","1998","52","1998","320","GTM","Guatemala","X","Export","0","W00","World","0","W00","World","H1","HS","true","0712","Vegetables, dried; whole, cut, sliced, broken or in powder, but not further prepared","4","false","C00","TOTAL CPC","0","0","TOTAL MOT","8","kg","53437","false","-1","N/A",,"false","53437","false",,"false",,"90251","90251","0","false","false",
"C","A","19980101","1998","52","1998","340","HND","Honduras","X","Export","0","W00","World","0","W00","World","H1","HS","true","0712","Vegetables, dried; whole, cut, sliced, broken or in powder, but not further prepared","4","false","C00","TOTAL CPC","0","0","TOTAL MOT","8","kg","132746","false","-1","N/A",,"false","132746","false",,"false",,"55229","55229","0","false","false",
"C","A","19980101","1998","52","1998","360","IDN","Indonesia","X","Export","0","W00","World","0","W00","World","H1","HS","true","0701","Potatoes; fresh or chilled","4","false","C00","TOTAL CPC","0","0","TOTAL MOT","8","kg","31219260","false","-1","N/A",,"false","31219260","false",,"false",,"5887431","5887431","0","false","false",
"C","A","19980101","1998","52","1998","404","KEN","Kenya","X","Export","0","W00","World","0","W00","World","H1","HS","true","0701","Potatoes; fresh or chilled","4","false","C00","TOTAL CPC","0","0","TOTAL MOT","8","kg","82760","false","-1","N/A",,"false","82760","false",,"false",,"28272","28272","0","false","false",
"C","A","19980101","1998","52","1998","360","IDN","Indonesia","X","Export","0","W00","World","0","W00","World","H1","HS","true","0702","Tomatoes; fresh or chilled","4","false","C00","TOTAL CPC","0","0","TOTAL MOT","8","kg","577042","false","-1","N/A",,"false","577042","false",,"false",,"93249","93249","0","false","false",
"C","A","19980101","1998","52","1998","404","KEN","Kenya","X","Export","0","W00","World","0","W00","World","H1","HS","true","0702","Tomatoes; fresh or chilled","4","false","C00","TOTAL CPC","0","0","TOTAL MOT","8","kg","24168","false","-1","N/A",,"false","24168","false",,"false",,"24313","24313","0","false","false",
"C","A","19980101","1998","52","1998","360","IDN","Indonesia","X","Export","0","W00","World","0","W00","World","H1","HS","true","0703","Onions, shallots, garlic, leeks and other alliaceous vegetables; fresh or chilled","4","false","C00","TOTAL CPC","0","0","TOTAL MOT","8","kg","1008517","false","-1","N/A",,"false","1008517","false",,"false",,"160426","160426","0","false","false",
"C","A","19980101","1998","52","1998","404","KEN","Kenya","X","Export","0","W00","World","0","W00","World","H1","HS","true","0703","Onions, shallots, garlic, leeks and other alliaceous vegetables; fresh or chilled","4","false","C00","TOTAL CPC","0","0","TOTAL MOT","8","kg","321076","false","-1","N/A",,"false","321076","false",,"false",,"772081","772081","0","false","false",
"C","A","19980101","1998","52","1998","360","IDN","Indonesia","X","Export","0","W00","World","0","W00","World","H1","HS","true","0704","Cabbages, cauliflowers, kohlrabi, kale and similar edible brassicas; fresh or chilled","4","false","C00","TOTAL CPC","0","0","TOTAL MOT","8","kg","31138644","false","-1","N/A",,"false","31138644","false",,"false",,"4446319","4446319","0","false","false",
"C","A","19980101","1998","52","1998","404","KEN","Kenya","X","Export","0","W00","World","0","W00","World","H1","HS","true","0704","Cabbages, cauliflowers, kohlrabi, kale and similar edible brassicas; fresh or chilled","4","false","C00","TOTAL CPC","0","0","TOTAL MOT","8","kg","231372","false","-1","N/A",,"false","231372","false",,"false",,"254013","254013","0","false","false",
"C","A","19980101","1998","52","1998","360","IDN","Indonesia","X","Export","0","W00","World","0","W00","World","H1","HS","true","0705","Lettuce (lactuca sativa) and chicory (cichorium spp.) fresh or chilled","4","false","C00","TOTAL CPC","0","0","TOTAL MOT","8","kg","4187","false","-1","N/A",,"false","4187","false",,"false",,"654","654","0","false","false",
"C","A","19980101","1998","52","1998","404","KEN","Kenya","X","Export","0","W00","World","0","W00","World","H1","HS","true","0705","Lettuce (lactuca sativa) and chicory (cichorium spp.) fresh or chilled","4","false","C00","TOTAL CPC","0","0","TOTAL MOT","8","kg","11293","false","-1","N/A",,"false","11293","false",,"false",,"10429","10429","0","false","false",
"C","A","19980101","1998","52","1998","360","IDN","Indonesia","X","Export","0","W00","World","0","W00","World","H1","HS","true","0706","Carrots, turnips, salad beetroot, salsify, celeriac, radishes and similar edible roots; fresh or chilled","4","false","C00","TOTAL CPC","0","0","TOTAL MOT","8","kg","670368","false","-1","N/A",,"false","670368","false",,"false",,"122012","122012","0","false","false",
"C","A","19980101","1998","52","1998","404","KEN","Kenya","X","Export","0","W00","World","0","W00","World","H1","HS","true","0706","Carrots, turnips, salad beetroot, salsify, celeriac, radishes and similar edible roots; fresh or chilled","4","false","C00","TOTAL CPC","0","0","TOTAL MOT","8","kg","22006","false","-1","N/A",,"false","22006","false",,"false",,"18378","18378","0","false","false",
"C","A","19980101","1998","52","1998","360","IDN","Indonesia","X","Export","0","W00","World","0","W00","World","H1","HS","true","0707","Cucumbers and gherkins; fresh or chilled","4","false","C00","TOTAL CPC","0","0","TOTAL MOT","8","kg","314890","false","-1","N/A",,"false","314890","false",,"false",,"142145","142145","0","false","false",
"C","A","19980101","1998","52","1998","404","KEN","Kenya","X","Export","0","W00","World","0","W00","World","H1","HS","true","0707","Cucumbers and gherkins; fresh or chilled","4","false","C00","TOTAL CPC","0","0","TOTAL MOT","8","kg","7322","false","-1","N/A",,"false","7322","false",,"false",,"6026","6026","0","false","false",
"C","A","19980101","1998","52","1998","360","IDN","Indonesia","X","Export","0","W00","World","0","W00","World","H1","HS","true","0708","Leguminous vegetables; shelled or unshelled, fresh or chilled","4","false","C00","TOTAL CPC","0","0","TOTAL MOT","8","kg","317873","false","-1","N/A",,"false","317873","false",,"false",,"118896","118896","0","false","false",
"C","A","19980101","1998","52","1998","404","KEN","Kenya","X","Export","0","W00","World","0","W00","World","H1","HS","true","0708","Leguminous vegetables; shelled or unshelled, fresh or chilled","4","false","C00","TOTAL CPC","0","0","TOTAL MOT","8","kg","17813886","false","-1","N/A",,"false","17813886","false",,"false",,"28442744","28442744","0","false","false",
"C","A","19980101","1998","52","1998","360","IDN","Indonesia","X","Export","0","W00","World","0","W00","World","H1","HS","true","0709","Vegetables, n.e.s. in chapter 07; fresh or chilled","4","false","C00","TOTAL CPC","0","0","TOTAL MOT","8","kg","954097","false","-1","N/A",,"false","954097","false",,"false",,"720124","720124","0","false","false",
"C","A","19980101","1998","52","1998","404","KEN","Kenya","X","Export","0","W00","World","0","W00","World","H1","HS","true","0709","Vegetables, n.e.s. in chapter 07; fresh or chilled","4","false","C00","TOTAL CPC","0","0","TOTAL MOT","8","kg","14747510","false","-1","N/A",,"false","14747510","false",,"false",,"19132972","19132972","0","false","false",
"C","A","19980101","1998","52","1998","360","IDN","Indonesia","X","Export","0","W00","World","0","W00","World","H1","HS","true","0712","Vegetables, dried; whole, cut, sliced, broken or in powder, but not further prepared","4","false","C00","TOTAL CPC","0","0","TOTAL MOT","8","kg","410628","false","-1","N/A",,"false","410628","false",,"false",,"487843","487843","0","false","false",
"C","A","19980101","1998","52","1998","404","KEN","Kenya","X","Export","0","W00","World","0","W00","World","H1","HS","true","0712","Vegetables, dried; whole, cut, sliced, broken or in powder, but not further prepared","4","false","C00","TOTAL CPC","0","0","TOTAL MOT","8","kg","3318","false","-1","N/A",,"false","3318","false",,"false",,"3715","3715","0","false","false",
"C","A","19980101","1998","52","1998","504","MAR","Morocco","X","Export","0","W00","World","0","W00","World","H0","HS","true","0701","Potatoes; fresh or chilled","4","false","C00","TOTAL CPC","0","0","TOTAL MOT","8","kg","29740460","false","-1","N/A",,"false","29740460","false",,"false",,"13047067","13047067","0","true","false",
"C","A","19980101","1998","52","1998","504","MAR","Morocco","X","Export","0","W00","World","0","W00","World","H0","HS","true","0702","Tomatoes; fresh or chilled","4","false","C00","TOTAL CPC","0","0","TOTAL MOT","8","kg","238606112","false","-1","N/A",,"false","238606112","false",,"false",,"121645872","121645872","0","true","false",
"C","A","19980101","1998","52","1998","504","MAR","Morocco","X","Export","0","W00","World","0","W00","World","H0","HS","true","0703","Onions, shallots, garlic, leeks and other alliaceous vegetables; fresh or chilled","4","false","C00","TOTAL CPC","0","0","TOTAL MOT","8","kg","4416238","false","-1","N/A",,"false","4416238","false",,"false",,"1553608","1553608","0","true","false",
"C","A","19980101","1998","52","1998","504","MAR","Morocco","X","Export","0","W00","World","0","W00","World","H0","HS","true","0704","Cabbages, cauliflowers, kohlrabi, kale and similar edible brassicas; fresh or chilled","4","false","C00","TOTAL CPC","0","0","TOTAL MOT","8","kg","418","false","-1","N/A",,"false","418","false",,"false",,"322","322","0","true","false",
"C","A","19980101","1998","52","1998","504","MAR","Morocco","X","Export","0","W00","World","0","W00","World","H0","HS","true","0705","Lettuce (lactuca sativa) and chicory (cichorium spp.) fresh or chilled","4","false","C00","TOTAL CPC","0","0","TOTAL MOT","8","kg","13500","false","-1","N/A",,"false","13500","false",,"false",,"1880","1880","0","true","false",
"C","A","19980101","1998","52","1998","504","MAR","Morocco","X","Export","0","W00","World","0","W00","World","H0","HS","true","0706","Carrots, turnips, salad beetroot, salsify, celeriac, radishes and similar edible roots; fresh or chilled","4","false","C00","TOTAL CPC","0","0","TOTAL MOT","8","kg","3224171","false","-1","N/A",,"false","3224171","false",,"false",,"1988378","1988378","0","true","false",
"C","A","19980101","1998","52","1998","504","MAR","Morocco","X","Export","0","W00","World","0","W00","World","H0","HS","true","0707","Cucumbers and gherkins; fresh or chilled","4","false","C00","TOTAL CPC","0","0","TOTAL MOT","8","kg","2590756","false","-1","N/A",,"false","2590756","false",,"false",,"854223","854223","0","true","false",
"C","A","19980101","1998","52","1998","504","MAR","Morocco","X","Export","0","W00","World","0","W00","World","H0","HS","true","0708","Leguminous vegetables; shelled or unshelled, fresh or chilled","4","false","C00","TOTAL CPC","0","0","TOTAL MOT","8","kg","11801613","false","-1","N/A",,"false","11801613","false",,"false",,"8461818","8461818","0","true","false",
"C","A","19980101","1998","52","1998","504","MAR","Morocco","X","Export","0","W00","World","0","W00","World","H0","HS","true","0709","Vegetables, n.e.s. in chapter 07; fresh or chilled","4","false","C00","TOTAL CPC","0","0","TOTAL MOT","8","kg","12698064","false","-1","N/A",,"false","12698064","false",,"false",,"9562462","9562462","0","true","false",
"C","A","19980101","1998","52","1998","504","MAR","Morocco","X","Export","0","W00","World","0","W00","World","H0","HS","true","0712","Vegetables, dried; whole, cut, sliced, broken or in powder, but not further prepared","4","false","C00","TOTAL CPC","0","0","TOTAL MOT","8","kg","1878015","false","-1","N/A",,"false","1878015","false",,"false",,"4690581","4690581","0","true","false",
"C","A","19980101","1998","52","1998","724","ESP","Spain","X","Export","0","W00","World","0","W00","World","H1","HS","true","0701","Potatoes; fresh or chilled","4","false","C00","TOTAL CPC","0","0","TOTAL MOT","8","kg","232255824","false","-1","N/A",,"false","232255824","false",,"false",,"76101656","76101656","0","false","false",
"C","A","19980101","1998","52","1998","724","ESP","Spain","X","Export","0","W00","World","0","W00","World","H1","HS","true","0702","Tomatoes; fresh or chilled","4","false","C00","TOTAL CPC","0","0","TOTAL MOT","8","kg","877265664","false","-1","N/A",,"false","877265664","false",,"false",,"672523008","672523008","0","false","false",
"C","A","19980101","1998","52","1998","724","ESP","Spain","X","Export","0","W00","World","0","W00","World","H1","HS","true","0703","Onions, shallots, garlic, leeks and other alliaceous vegetables; fresh or chilled","4","false","C00","TOTAL CPC","0","0","TOTAL MOT","8","kg","311817408","false","-1","N/A",,"false","311817408","false",,"false",,"173226432","173226432","0","false","false",
"C","A","19980101","1998","52","1998","724","ESP","Spain","X","Export","0","W00","World","0","W00","World","H1","HS","true","0704","Cabbages, cauliflowers, kohlrabi, kale and similar edible brassicas; fresh or chilled","4","false","C00","TOTAL CPC","0","0","TOTAL MOT","8","kg","290904960","false","-1","N/A",,"false","290904960","false",,"false",,"206335728","206335728","0","false","false",
"C","A","19980101","1998","52","1998","724","ESP","Spain","X","Export","0","W00","World","0","W00","World","H1","HS","true","0705","Lettuce (lactuca sativa) and chicory (cichorium spp.) fresh or chilled","4","false","C00","TOTAL CPC","0","0","TOTAL MOT","8","kg","430530400","false","-1","N/A",,"false","430530400","false",,"false",,"261556624","261556624","0","false","false",
"C","A","19980101","1998","52","1998","724","ESP","Spain","X","Export","0","W00","World","0","W00","World","H1","HS","true","0706","Carrots, turnips, salad beetroot, salsify, celeriac, radishes and similar edible roots; fresh or chilled","4","false","C00","TOTAL CPC","0","0","TOTAL MOT","8","kg","524594400","false","-1","N/A",,"false","524594400","false",,"false",,"55106892","55106892","0","false","false",
"C","A","19980101","1998","52","1998","724","ESP","Spain","X","Export","0","W00","World","0","W00","World","H1","HS","true","0707","Cucumbers and gherkins; fresh or chilled","4","false","C00","TOTAL CPC","0","0","TOTAL MOT","8","kg","336195680","false","-1","N/A",,"false","336195680","false",,"false",,"237195744","237195744","0","false","false",
"C","A","19980101","1998","52","1998","724","ESP","Spain","X","Export","0","W00","World","0","W00","World","H1","HS","true","0708","Leguminous vegetables; shelled or unshelled, fresh or chilled","4","false","C00","TOTAL CPC","0","0","TOTAL MOT","8","kg","35800744","false","-1","N/A",,"false","35800744","false",,"false",,"60434104","60434104","0","false","false",
"C","A","19980101","1998","52","1998","724","ESP","Spain","X","Export","0","W00","World","0","W00","World","H1","HS","true","0709","Vegetables, n.e.s. in chapter 07; fresh or chilled","4","false","C00","TOTAL CPC","0","0","TOTAL MOT","8","kg","734851584","false","-1","N/A",,"false","734851584","false",,"false",,"754409984","754409984","0","false","false",
"C","A","19980101","1998","52","1998","724","ESP","Spain","X","Export","0","W00","World","0","W00","World","H1","HS","true","0712","Vegetables, dried; whole, cut, sliced, broken or in powder, but not further prepared","4","false","C00","TOTAL CPC","0","0","TOTAL MOT","8","kg","10900769","false","-1","N/A",,"false","10900769","false",,"false",,"15582599","15582599","0","false","false",
"C","A","19980101","1998","52","1998","764","THA","Thailand","X","Export","0","W00","World","0","W00","World","H0","HS","true","0701","Potatoes; fresh or chilled","4","false","C00","TOTAL CPC","0","0","TOTAL MOT","8","kg","532088","false","-1","N/A",,"false","532088","false",,"false",,"115953","115953","0","true","false",
"C","A","19980101","1998","52","1998","764","THA","Thailand","X","Export","0","W00","World","0","W00","World","H0","HS","true","0702","Tomatoes; fresh or chilled","4","false","C00","TOTAL CPC","0","0","TOTAL MOT","8","kg","1170036","false","-1","N/A",,"false","1170036","false",,"false",,"137687","137687","0","true","false",
"C","A","19980101","1998","52","1998","764","THA","Thailand","X","Export","0","W00","World","0","W00","World","H0","HS","true","0703","Onions, shallots, garlic, leeks and other alliaceous vegetables; fresh or chilled","4","false","C00","TOTAL CPC","0","0","TOTAL MOT","8","kg","11286164","false","-1","N/A",,"false","11286164","false",,"false",,"3248504","3248504","0","true","false",
"C","A","19980101","1998","52","1998","764","THA","Thailand","X","Export","0","W00","World","0","W00","World","H0","HS","true","0704","Cabbages, cauliflowers, kohlrabi, kale and similar edible brassicas; fresh or chilled","4","false","C00","TOTAL CPC","0","0","TOTAL MOT","8","kg","415930","false","-1","N/A",,"false","415930","false",,"false",,"120554","120554","0","true","false",
"C","A","19980101","1998","52","1998","764","THA","Thailand","X","Export","0","W00","World","0","W00","World","H0","HS","true","0705","Lettuce (lactuca sativa) and chicory (cichorium spp.) fresh or chilled","4","false","C00","TOTAL CPC","0","0","TOTAL MOT","8","kg","35068","false","-1","N/A",,"false","35068","false",,"false",,"8787","8787","0","true","false",
"C","A","19980101","1998","52","1998","764","THA","Thailand","X","Export","0","W00","World","0","W00","World","H0","HS","true","0706","Carrots, turnips, salad beetroot, salsify, celeriac, radishes and similar edible roots; fresh or chilled","4","false","C00","TOTAL CPC","0","0","TOTAL MOT","8","kg","117089","false","-1","N/A",,"false","117089","false",,"false",,"122142","122142","0","true","false",
"C","A","19980101","1998","52","1998","764","THA","Thailand","X","Export","0","W00","World","0","W00","World","H0","HS","true","0707","Cucumbers and gherkins; fresh or chilled","4","false","C00","TOTAL CPC","0","0","TOTAL MOT","8","kg","24573","false","-1","N/A",,"false","24573","false",,"false",,"51794","51794","0","true","false",
"C","A","19980101","1998","52","1998","764","THA","Thailand","X","Export","0","W00","World","0","W00","World","H0","HS","true","0708","Leguminous vegetables; shelled or unshelled, fresh or chilled","4","false","C00","TOTAL CPC","0","0","TOTAL MOT","8","kg","121998","false","-1","N/A",,"false","121998","false",,"false",,"330354","330354","0","true","false",
"C","A","19980101","1998","52","1998","764","THA","Thailand","X","Export","0","W00","World","0","W00","World","H0","HS","true","0709","Vegetables, n.e.s. in chapter 07; fresh or chilled","4","false","C00","TOTAL CPC","0","0","TOTAL MOT","8","kg","48499464","false","-1","N/A",,"false","48499464","false",,"false",,"26521651","26521651","0","true","false",
"C","A","19980101","1998","52","1998","764","THA","Thailand","X","Export","0","W00","World","0","W00","World","H0","HS","true","0712","Vegetables, dried; whole, cut, sliced, broken or in powder, but not further prepared","4","false","C00","TOTAL CPC","0","0","TOTAL MOT","8","kg","2023242","false","-1","N/A",,"false","2023242","false",,"false",,"4069348","4069348","0","true","false",
"C","A","19980101","1998","52","1998","792","TUR","Türkiye","X","Export","0","W00","World","0","W00","World","H1","HS","true","0701","Potatoes; fresh or chilled","4","false","C00","TOTAL CPC","0","0","TOTAL MOT","8","kg","55166008","false","-1","N/A",,"false","55166008","false",,"false",,"14693000","14693000","0","false","false",
"C","A","19980101","1998","52","1998","792","TUR","Türkiye","X","Export","0","W00","World","0","W00","World","H1","HS","true","0702","Tomatoes; fresh or chilled","4","false","C00","TOTAL CPC","0","0","TOTAL MOT","8","kg","143850944","false","-1","N/A",,"false","143850944","false",,"false",,"57052476","57052476","0","false","false",
"C","A","19980101","1998","52","1998","792","TUR","Türkiye","X","Export","0","W00","World","0","W00","World","H1","HS","true","0703","Onions, shallots, garlic, leeks and other alliaceous vegetables; fresh or chilled","4","false","C00","TOTAL CPC","0","0","TOTAL MOT","8","kg","153346512","false","-1","N/A",,"false","153346512","false",,"false",,"28789136","28789136","0","false","false",
"C","A","19980101","1998","52","1998","792","TUR","Türkiye","X","Export","0","W00","World","0","W00","World","H1","HS","true","0704","Cabbages, cauliflowers, kohlrabi, kale and similar edible brassicas; fresh or chilled","4","false","C00","TOTAL CPC","0","0","TOTAL MOT","8","kg","3225934","false","-1","N/A",,"false","3225934","false",,"false",,"897934","897934","0","false","false",
"C","A","19980101","1998","52","1998","792","TUR","Türkiye","X","Export","0","W00","World","0","W00","World","H1","HS","true","0705","Lettuce (lactuca sativa) and chicory (cichorium spp.) fresh or chilled","4","false","C00","TOTAL CPC","0","0","TOTAL MOT","8","kg","171031","false","-1","N/A",,"false","171031","false",,"false",,"124187","124187","0","false","false",
"C","A","19980101","1998","52","1998","792","TUR","Türkiye","X","Export","0","W00","World","0","W00","World","H1","HS","true","0706","Carrots, turnips, salad beetroot, salsify, celeriac, radishes and similar edible roots; fresh or chilled","4","false","C00","TOTAL CPC","0","0","TOTAL MOT","8","kg","11169510","false","-1","N/A",,"false","11169510","false",,"false",,"2160563","2160563","0","false","false",
"C","A","19980101","1998","52","1998","792","TUR","Türkiye","X","Export","0","W00","World","0","W00","World","H1","HS","true","0707","Cucumbers and gherkins; fresh or chilled","4","false","C00","TOTAL CPC","0","0","TOTAL MOT","8","kg","9606662","false","-1","N/A",,"false","9606662","false",,"false",,"5314574","5314574","0","false","false",
"C","A","19980101","1998","52","1998","792","TUR","Türkiye","X","Export","0","W00","World","0","W00","World","H1","HS","true","0708","Leguminous vegetables; shelled or unshelled, fresh or chilled","4","false","C00","TOTAL CPC","0","0","TOTAL MOT","8","kg","985038","false","-1","N/A",,"false","985038","false",,"false",,"759073","759073","0","false","false",
"C","A","19980101","1998","52","1998","792","TUR","Türkiye","X","Export","0","W00","World","0","W00","World","H1","HS","true","0709","Vegetables, n.e.s. in chapter 07; fresh or chilled","4","false","C00","TOTAL CPC","0","0","TOTAL MOT","8","kg","34965196","false","-1","N/A",,"false","34965196","false",,"false",,"28618864","28618864","0","false","false",
"C","A","19980101","1998","52","1998","792","TUR","Türkiye","X","Export","0","W00","World","0","W00","World","H1","HS","true","0712","Vegetables, dried; whole, cut, sliced, broken or in powder, but not further prepared","4","false","C00","TOTAL CPC","0","0","TOTAL MOT","8","kg","3892164","false","-1","N/A",,"false","3892164","false",,"false",,"16315578","16315578","0","false","false",
"C","A","19990101","1999","52","1999","32","ARG","Argentina","X","Export","0","W00","World","0","W00","World","H1","HS","true","0701","Potatoes; fresh or chilled","4","false","C00","TOTAL CPC","0","0","TOTAL MOT","8","kg","16187160","false","-1","N/A",,"false","16187160","false",,"false",,"1609245","1609245","0","false","false",
"C","A","19990101","1999","52","1999","32","ARG","Argentina","X","Export","0","W00","World","0","W00","World","H1","HS","true","0702","Tomatoes; fresh or chilled","4","false","C00","TOTAL CPC","0","0","TOTAL MOT","8","kg","51692","false","-1","N/A",,"false","51692","false",,"false",,"11602","11602","0","false","false",
"C","A","19990101","1999","52","1999","32","ARG","Argentina","X","Export","0","W00","World","0","W00","World","H1","HS","true","0703","Onions, shallots, garlic, leeks and other alliaceous vegetables; fresh or chilled","4","false","C00","TOTAL CPC","0","0","TOTAL MOT","8","kg","356265737","false","-1","N/A",,"false","356265737","false",,"false",,"121877641","121877641","0","false","false",
"C","A","19990101","1999","52","1999","68","BOL","Bolivia (Plurinational State of)","X","Export","0","W00","World","0","W00","World","H1","HS","true","0703","Onions, shallots, garlic, leeks and other alliaceous vegetables; fresh or chilled","4","false","C00","TOTAL CPC","0","0","TOTAL MOT","8","kg","48109","false","-1","N/A",,"false","48109","false",,"false",,"36455","36455","0","false","false",
"C","A","19990101","1999","52","1999","32","ARG","Argentina","X","Export","0","W00","World","0","W00","World","H1","HS","true","0704","Cabbages, cauliflowers, kohlrabi, kale and similar edible brassicas; fresh or chilled","4","false","C00","TOTAL CPC","0","0","TOTAL MOT","8","kg","103879","false","-1","N/A",,"false","103879","false",,"false",,"29797","29797","0","false","false",
"C","A","19990101","1999","52","1999","32","ARG","Argentina","X","Export","0","W00","World","0","W00","World","H1","HS","true","0705","Lettuce (lactuca sativa) and chicory (cichorium spp.) fresh or chilled","4","false","C00","TOTAL CPC","0","0","TOTAL MOT","8","kg","252142","false","-1","N/A",,"false","252142","false",,"false",,"116200","116200","0","false","false",
"C","A","19990101","1999","52","1999","32","ARG","Argentina","X","Export","0","W00","World","0","W00","World","H1","HS","true","0706","Carrots, turnips, salad beetroot, salsify, celeriac, radishes and similar edible roots; fresh or chilled","4","false","C00","TOTAL CPC","0","0","TOTAL MOT","8","kg","3440451","false","-1","N/A",,"false","3440451","false",,"false",,"666277","666277","0","false","false",
"C","A","19990101","1999","52","1999","32","ARG","Argentina","X","Export","0","W00","World","0","W00","World","H1","HS","true","0707","Cucumbers and gherkins; fresh or chilled","4","false","C00","TOTAL CPC","0","0","TOTAL MOT","8","kg","10687","false","-1","N/A",,"false","10687","false",,"false",,"13612","13612","0","false","false",
"C","A","19990101","1999","52","1999","32","ARG","Argentina","X","Export","0","W00","World","0","W00","World","H1","HS","true","0708","Leguminous vegetables; shelled or unshelled, fresh or chilled","4","false","C00","TOTAL CPC","0","0","TOTAL MOT","8","kg","35021","false","-1","N/A",,"false","35021","false",,"false",,"34268","34268","0","false","false",
"C","A","19990101","1999","52","1999","68","BOL","Bolivia (Plurinational State of)","X","Export","0","W00","World","0","W00","World","H1","HS","true","0708","Leguminous vegetables; shelled or unshelled, fresh or chilled","4","false","C00","TOTAL CPC","0","0","TOTAL MOT","8","kg","22000","false","-1","N/A",,"false","22000","false",,"false",,"3080","3080","0","false","false",
"C","A","19990101","1999","52","1999","32","ARG","Argentina","X","Export","0","W00","World","0","W00","World","H1","HS","true","0709","Vegetables, n.e.s. in chapter 07; fresh or chilled","4","false","C00","TOTAL CPC","0","0","TOTAL MOT","8","kg","1709992","false","-1","N/A",,"false","1709992","false",,"false",,"2778691","2778691","0","false","false",
"C","A","19990101","1999","52","1999","32","ARG","Argentina","X","Export","0","W00","World","0","W00","World","H1","HS","true","0712","Vegetables, dried; whole, cut, sliced, broken or in powder, but not further prepared","4","false","C00","TOTAL CPC","0","0","TOTAL MOT","8","kg","2053164","false","-1","N/A",,"false","2053164","false",,"false",,"6133430","6133430","0","false","false",
"C","A","19990101","1999","52","1999","68","BOL","Bolivia (Plurinational State of)","X","Export","0","W00","World","0","W00","World","H1","HS","true","0712","Vegetables, dried; whole, cut, sliced, broken or in powder, but not further prepared","4","false","C00","TOTAL CPC","0","0","TOTAL MOT","8","kg","64221","false","-1","N/A",,"false","64221","false",,"false",,"28917","28917","0","false","false",
"C","A","19990101","1999","52","1999","188","CRI","Costa Rica","X","Export","0","W00","World","0","W00","World","H1","HS","true","0701","Potatoes; fresh or chilled","4","false","C00","TOTAL CPC","0","0","TOTAL MOT","8","kg","4309623","false","-1","N/A",,"false","4309623","false",,"false",,"446204","446204","0","false","false",
"C","A","19990101","1999","52","1999","188","CRI","Costa Rica","X","Export","0","W00","World","0","W00","World","H1","HS","true","0702","Tomatoes; fresh or chilled","4","false","C00","TOTAL CPC","0","0","TOTAL MOT","8","kg","445684","false","-1","N/A",,"false","445684","false",,"false",,"239561","239561","0","false","false",
"C","A","19990101","1999","52","1999","188","CRI","Costa Rica","X","Export","0","W00","World","0","W00","World","H1","HS","true","0703","Onions, shallots, garlic, leeks and other alliaceous vegetables; fresh or chilled","4","false","C00","TOTAL CPC","0","0","TOTAL MOT","8","kg","1391046","false","-1","N/A",,"false","1391046","false",,"false",,"491518","491518","0","false","false",
"C","A","19990101","1999","52","1999","188","CRI","Costa Rica","X","Export","0","W00","World","0","W00","World","H1","HS","true","0704","Cabbages, cauliflowers, kohlrabi, kale and similar edible brassicas; fresh or chilled","4","false","C00","TOTAL CPC","0","0","TOTAL MOT","8","kg","2785068","false","-1","N/A",,"false","2785068","false",,"false",,"537106","537106","0","false","false",
"C","A","19990101","1999","52","1999","188","CRI","Costa Rica","X","Export","0","W00","World","0","W00","World","H1","HS","true","0705","Lettuce (lactuca sativa) and chicory (cichorium spp.) fresh or chilled","4","false","C00","TOTAL CPC","0","0","TOTAL MOT","8","kg","268793","false","-1","N/A",,"false","268793","false",,"false",,"28338","28338","0","false","false",
"C","A","19990101","1999","52","1999","188","CRI","Costa Rica","X","Export","0","W00","World","0","W00","World","H1","HS","true","0706","Carrots, turnips, salad beetroot, salsify, celeriac, radishes and similar edible roots; fresh or chilled","4","false","C00","TOTAL CPC","0","0","TOTAL MOT","8","kg","3436703","false","-1","N/A",,"false","3436703","false",,"false",,"518689","518689","0","false","false",
"C","A","19990101","1999","52","1999","188","CRI","Costa Rica","X","Export","0","W00","World","0","W00","World","H1","HS","true","0707","Cucumbers and gherkins; fresh or chilled","4","false","C00","TOTAL CPC","0","0","TOTAL MOT","8","kg","7646","false","-1","N/A",,"false","7646","false",,"false",,"4336","4336","0","false","false",
"C","A","19990101","1999","52","1999","188","CRI","Costa Rica","X","Export","0","W00","World","0","W00","World","H1","HS","true","0708","Leguminous vegetables; shelled or unshelled, fresh or chilled","4","false","C00","TOTAL CPC","0","0","TOTAL MOT","8","kg","32785","false","-1","N/A",,"false","32785","false",,"false",,"46952","46952","0","false","false",
"C","A","19990101","1999","52","1999","188","CRI","Costa Rica","X","Export","0","W00","World","0","W00","World","H1","HS","true","0709","Vegetables, n.e.s. in chapter 07; fresh or chilled","4","false","C00","TOTAL CPC","0","0","TOTAL MOT","8","kg","26456921","false","-1","N/A",,"false","26456921","false",,"false",,"11428374","11428374","0","false","false",
"C","A","19990101","1999","52","1999","188","CRI","Costa Rica","X","Export","0","W00","World","0","W00","World","H1","HS","true","0712","Vegetables, dried; whole, cut, sliced, broken or in powder, but not further prepared","4","false","C00","TOTAL CPC","0","0","TOTAL MOT","8","kg","116830","false","-1","N/A",,"false","116830","false",,"false",,"368023","368023","0","false","false",
"C","A","19990101","1999","52","1999","218","ECU","Ecuador","X","Export","0","W00","World","0","W00","World","H1","HS","true","0701","Potatoes; fresh or chilled","4","false","C00","TOTAL CPC","0","0","TOTAL MOT","8","kg","540125","false","-1","N/A",,"false","540125","false",,"false",,"425157","425157","0","false","false",
"C","A","19990101","1999","52","1999","218","ECU","Ecuador","X","Export","0","W00","World","0","W00","World","H1","HS","true","0702","Tomatoes; fresh or chilled","4","false","C00","TOTAL CPC","0","0","TOTAL MOT","8","kg","159260","false","-1","N/A",,"false","159260","false",,"false",,"18218","18218","0","false","false",
"C","A","19990101","1999","52","1999","218","ECU","Ecuador","X","Export","0","W00","World","0","W00","World","H1","HS","true","0703","Onions, shallots, garlic, leeks and other alliaceous vegetables; fresh or chilled","4","false","C00","TOTAL CPC","0","0","TOTAL MOT","8","kg","20152784","false","-1","N/A",,"false","20152784","false",,"false",,"1784217","1784217","0","false","false",
"C","A","19990101","1999","52","1999","218","ECU","Ecuador","X","Export","0","W00","World","0","W00","World","H1","HS","true","0704","Cabbages, cauliflowers, kohlrabi, kale and similar edible brassicas; fresh or chilled","4","false","C00","TOTAL CPC","0","0","TOTAL MOT","8","kg","19604918","false","-1","N/A",,"false","19604918","false",,"false",,"17413766","17413766","0","false","false",
"C","A","19990101","1999","52","1999","218","ECU","Ecuador","X","Export","0","W00","World","0","W00","World","H1","HS","true","0705","Lettuce (lactuca sativa) and chicory (cichorium spp.) fresh or chilled","4","false","C00","TOTAL CPC","0","0","TOTAL MOT","8","kg","128","false","-1","N/A",,"false","128","false",,"false",,"17","17","0","false","false",
"C","A","19990101","1999","52","1999","218","ECU","Ecuador","X","Export","0","W00","World","0","W00","World","H1","HS","true","0706","Carrots, turnips, salad beetroot, salsify, celeriac, radishes and similar edible roots; fresh or chilled","4","false","C00","TOTAL CPC","0","0","TOTAL MOT","8","kg","375","false","-1","N/A",,"false","375","false",,"false",,"2314","2314","0","false","false",
"C","A","19990101","1999","52","1999","218","ECU","Ecuador","X","Export","0","W00","World","0","W00","World","H1","HS","true","0707","Cucumbers and gherkins; fresh or chilled","4","false","C00","TOTAL CPC","0","0","TOTAL MOT","8","kg","382224","false","-1","N/A",,"false","382224","false",,"false",,"291512","291512","0","false","false",
"C","A","19990101","1999","52","1999","218","ECU","Ecuador","X","Export","0","W00","World","0","W00","World","H1","HS","true","0708","Leguminous vegetables; shelled or unshelled, fresh or chilled","4","false","C00","TOTAL CPC","0","0","TOTAL MOT","8","kg","96330","false","-1","N/A",,"false","96330","false",,"false",,"39113","39113","0","false","false",
"C","A","19990101","1999","52","1999","218","ECU","Ecuador","X","Export","0","W00","World","0","W00","World","H1","HS","true","0709","Vegetables, n.e.s. in chapter 07; fresh or chilled","4","false","C00","TOTAL CPC","0","0","TOTAL MOT","8","kg","461773","false","-1","N/A",,"false","461773","false",,"false",,"325765","325765","0","false","false",
"C","A","19990101","1999","52","1999","218","ECU","Ecuador","X","Export","0","W00","World","0","W00","World","H1","HS","true","0712","Vegetables, dried; whole, cut, sliced, broken or in powder, but not further prepared","4","false","C00","TOTAL CPC","0","0","TOTAL MOT","8","kg","362177","false","-1","N/A",,"false","362177","false",,"false",,"313674","313674","0","false","false",
"C","A","19990101","1999","52","1999","320","GTM","Guatemala","X","Export","0","W00","World","0","W00","World","H1","HS","true","0701","Potatoes; fresh or chilled","4","false","C00","TOTAL CPC","0","0","TOTAL MOT","8","kg","37600739","false","-1","N/A",,"false","37600739","false",,"false",,"4425706","4425706","0","false","false",
"C","A","19990101","1999","52","1999","340","HND","Honduras","X","Export","0","W00","World","0","W00","World","H1","HS","true","0701","Potatoes; fresh or chilled","4","false","C00","TOTAL CPC","0","0","TOTAL MOT","8","kg","1286187","false","-1","N/A",,"false","1286187","false",,"false",,"270750","270750","0","false","false",
"C","A","19990101","1999","52","1999","320","GTM","Guatemala","X","Export","0","W00","World","0","W00","World","H1","HS","true","0702","Tomatoes; fresh or chilled","4","false","C00","TOTAL CPC","0","0","TOTAL MOT","8","kg","30522193","false","-1","N/A",,"false","30522193","false",,"false",,"8945766","8945766","0","false","false",
"C","A","19990101","1999","52","1999","340","HND","Honduras","X","Export","0","W00","World","0","W00","World","H1","HS","true","0702","Tomatoes; fresh or chilled","4","false","C00","TOTAL CPC","0","0","TOTAL MOT","8","kg","4537757","false","-1","N/A",,"false","4537757","false",,"false",,"552603","552603","0","false","false",
"C","A","19990101","1999","52","1999","320","GTM","Guatemala","X","Export","0","W00","World","0","W00","World","H1","HS","true","0703","Onions, shallots, garlic, leeks and other alliaceous vegetables; fresh or chilled","4","false","C00","TOTAL CPC","0","0","TOTAL MOT","8","kg","44895292","false","-1","N/A",,"false","44895292","false",,"false",,"7501605","7501605","0","false","false",
"C","A","19990101","1999","52","1999","340","HND","Honduras","X","Export","0","W00","World","0","W00","World","H1","HS","true","0703","Onions, shallots, garlic, leeks and other alliaceous vegetables; fresh or chilled","4","false","C00","TOTAL CPC","0","0","TOTAL MOT","8","kg","50976","false","-1","N/A",,"false","50976","false",,"false",,"86194","86194","0","false","false",
"C","A","19990101","1999","52","1999","320","GTM","Guatemala","X","Export","0","W00","World","0","W00","World","H1","HS","true","0704","Cabbages, cauliflowers, kohlrabi, kale and similar edible brassicas; fresh or chilled","4","false","C00","TOTAL CPC","0","0","TOTAL MOT","8","kg","82576104","false","-1","N/A",,"false","82576104","false",,"false",,"29076966","29076966","0","false","false",
"C","A","19990101","1999","52","1999","340","HND","Honduras","X","Export","0","W00","World","0","W00","World","H1","HS","true","0704","Cabbages, cauliflowers, kohlrabi, kale and similar edible brassicas; fresh or chilled","4","false","C00","TOTAL CPC","0","0","TOTAL MOT","8","kg","265437","false","-1","N/A",,"false","265437","false",,"false",,"35118","35118","0","false","false",
"C","A","19990101","1999","52","1999","320","GTM","Guatemala","X","Export","0","W00","World","0","W00","World","H1","HS","true","0705","Lettuce (lactuca sativa) and chicory (cichorium spp.) fresh or chilled","4","false","C00","TOTAL CPC","0","0","TOTAL MOT","8","kg","16643075","false","-1","N/A",,"false","16643075","false",,"false",,"2221643","2221643","0","false","false",
"C","A","19990101","1999","52","1999","340","HND","Honduras","X","Export","0","W00","World","0","W00","World","H1","HS","true","0705","Lettuce (lactuca sativa) and chicory (cichorium spp.) fresh or chilled","4","false","C00","TOTAL CPC","0","0","TOTAL MOT","8","kg","398","false","-1","N/A",,"false","398","false",,"false",,"77","77","0","false","false",
"C","A","19990101","1999","52","1999","320","GTM","Guatemala","X","Export","0","W00","World","0","W00","World","H1","HS","true","0706","Carrots, turnips, salad beetroot, salsify, celeriac, radishes and similar edible roots; fresh or chilled","4","false","C00","TOTAL CPC","0","0","TOTAL MOT","8","kg","23845530","false","-1","N/A",,"false","23845530","false",,"false",,"2862129","2862129","0","false","false",
"C","A","19990101","1999","52","1999","320","GTM","Guatemala","X","Export","0","W00","World","0","W00","World","H1","HS","true","0707","Cucumbers and gherkins; fresh or chilled","4","false","C00","TOTAL CPC","0","0","TOTAL MOT","8","kg","8999100","false","-1","N/A",,"false","8999100","false",,"false",,"1464796","1464796","0","false","false",
"C","A","19990101","1999","52","1999","340","HND","Honduras","X","Export","0","W00","World","0","W00","World","H1","HS","true","0707","Cucumbers and gherkins; fresh or chilled","4","false","C00","TOTAL CPC","0","0","TOTAL MOT","8","kg","17593850","false","-1","N/A",,"false","17593850","false",,"false",,"4944282","4944282","0","false","false",
"C","A","19990101","1999","52","1999","320","GTM","Guatemala","X","Export","0","W00","World","0","W00","World","H1","HS","true","0708","Leguminous vegetables; shelled or unshelled, fresh or chilled","4","false","C00","TOTAL CPC","0","0","TOTAL MOT","8","kg","18210200","false","-1","N/A",,"false","18210200","false",,"false",,"10429612","10429612","0","false","false",
"C","A","19990101","1999","52","1999","340","HND","Honduras","X","Export","0","W00","World","0","W00","World","H1","HS","true","0708","Leguminous vegetables; shelled or unshelled, fresh or chilled","4","false","C00","TOTAL CPC","0","0","TOTAL MOT","8","kg","3473448","false","-1","N/A",,"false","3473448","false",,"false",,"3167977","3167977","0","false","false",
"C","A","19990101","1999","52","1999","320","GTM","Guatemala","X","Export","0","W00","World","0","W00","World","H1","HS","true","0709","Vegetables, n.e.s. in chapter 07; fresh or chilled","4","false","C00","TOTAL CPC","0","0","TOTAL MOT","8","kg","25216518","false","-1","N/A",,"false","25216518","false",,"false",,"5569279","5569279","0","false","false",
"C","A","19990101","1999","52","1999","340","HND","Honduras","X","Export","0","W00","World","0","W00","World","H1","HS","true","0709","Vegetables, n.e.s. in chapter 07; fresh or chilled","4","false","C00","TOTAL CPC","0","0","TOTAL MOT","8","kg","3636119","false","-1","N/A",,"false","3636119","false",,"false",,"1695520","1695520","0","false","false",
"C","A","19990101","1999","52","1999","320","GTM","Guatemala","X","Export","0","W00","World","0","W00","World","H1","HS","true","0712","Vegetables, dried; whole, cut, sliced, broken or in powder, but not further prepared","4","false","C00","TOTAL CPC","0","0","TOTAL MOT","8","kg","405812","false","-1","N/A",,"false","405812","false",,"false",,"302058","302058","0","false","false",
"C","A","19990101","1999","52","1999","340","HND","Honduras","X","Export","0","W00","World","0","W00","World","H1","HS","true","0712","Vegetables, dried; whole, cut, sliced, broken or in powder, but not further prepared","4","false","C00","TOTAL CPC","0","0","TOTAL MOT","8","kg","16218","false","-1","N/A",,"false","16218","false",,"false",,"4722","4722","0","false","false",
"C","A","19990101","1999","52","1999","360","IDN","Indonesia","X","Export","0","W00","World","0","W00","World","H1","HS","true","0701","Potatoes; fresh or chilled","4","false","C00","TOTAL CPC","0","0","TOTAL MOT","8","kg","32402448","false","-1","N/A",,"false","32402448","false",,"false",,"5891918","5891918","0","false","false",
"C","A","19990101","1999","52","1999","404","KEN","Kenya","X","Export","0","W00","World","0","W00","World","H1","HS","true","0701","Potatoes; fresh or chilled","4","false","C00","TOTAL CPC","0","0","TOTAL MOT","8","kg","565299","false","-1","N/A",,"false","565299","false",,"false",,"101017","101017","0","false","false",
"C","A","19990101","1999","52","1999","360","IDN","Indonesia","X","Export","0","W00","World","0","W00","World","H1","HS","true","0702","Tomatoes; fresh or chilled","4","false","C00","TOTAL CPC","0","0","TOTAL MOT","8","kg","1717088","false","-1","N/A",,"false","1717088","false",,"false",,"435111","435111","0","false","false",
"C","A","19990101","1999","52","1999","404","KEN","Kenya","X","Export","0","W00","World","0","W00","World","H1","HS","true","0702","Tomatoes; fresh or chilled","4","false","C00","TOTAL CPC","0","0","TOTAL MOT","-1","N/A","0","false","-1","N/A",,"false",,"false",,"false",,"22842","22842","0","false","false",
"C","A","19990101","1999","52","1999","360","IDN","Indonesia","X","Export","0","W00","World","0","W00","World","H1","HS","true","0703","Onions, shallots, garlic, leeks and other alliaceous vegetables; fresh or chilled","4","false","C00","TOTAL CPC","0","0","TOTAL MOT","8","kg","9756672","false","-1","N/A",,"false","9756672","false",,"false",,"3019998","3019998","0","false","false",
"C","A","19990101","1999","52","1999","404","KEN","Kenya","X","Export","0","W00","World","0","W00","World","H1","HS","true","0703","Onions, shallots, garlic, leeks and other alliaceous vegetables; fresh or chilled","4","false","C00","TOTAL CPC","0","0","TOTAL MOT","8","kg","375971","false","-1","N/A",,"false","375971","false",,"false",,"476899","476899","0","false","false",
"C","A","19990101","1999","52","1999","360","IDN","Indonesia","X","Export","0","W00","World","0","W00","World","H1","HS","true","0704","Cabbages, cauliflowers, kohlrabi, kale and similar edible brassicas; fresh or chilled","4","false","C00","TOTAL CPC","0","0","TOTAL MOT","8","kg","40029187","false","-1","N/A",,"false","40029187","false",,"false",,"6091105","6091105","0","false","false",
"C","A","19990101","1999","52","1999","404","KEN","Kenya","X","Export","0","W00","World","0","W00","World","H1","HS","true","0704","Cabbages, cauliflowers, kohlrabi, kale and similar edible brassicas; fresh or chilled","4","false","C00","TOTAL CPC","0","0","TOTAL MOT","8","kg","365250","false","-1","N/A",,"false","365250","false",,"false",,"357250","357250","0","false","false",
"C","A","19990101","1999","52","1999","360","IDN","Indonesia","X","Export","0","W00","World","0","W00","World","H1","HS","true","0705","Lettuce (lactuca sativa) and chicory (cichorium spp.) fresh or chilled","4","false","C00","TOTAL CPC","0","0","TOTAL MOT","8","kg","149330","false","-1","N/A",,"false","149330","false",,"false",,"128771","128771","0","false","false",
"C","A","19990101","1999","52","1999","404","KEN","Kenya","X","Export","0","W00","World","0","W00","World","H1","HS","true","0705","Lettuce (lactuca sativa) and chicory (cichorium spp.) fresh or chilled","4","false","C00","TOTAL CPC","0","0","TOTAL MOT","-1","N/A","0","false","-1","N/A",,"false",,"false",,"false",,"5714","5714","0","false","false",
"C","A","19990101","1999","52","1999","360","IDN","Indonesia","X","Export","0","W00","World","0","W00","World","H1","HS","true","0706","Carrots, turnips, salad beetroot, salsify, celeriac, radishes and similar edible roots; fresh or chilled","4","false","C00","TOTAL CPC","0","0","TOTAL MOT","8","kg","1376758","false","-1","N/A",,"false","1376758","false",,"false",,"608951","608951","0","false","false",
"C","A","19990101","1999","52","1999","404","KEN","Kenya","X","Export","0","W00","World","0","W00","World","H1","HS","true","0706","Carrots, turnips, salad beetroot, salsify, celeriac, radishes and similar edible roots; fresh or chilled","4","false","C00","TOTAL CPC","0","0","TOTAL MOT","-1","N/A","0","false","-1","N/A",,"false",,"false",,"false",,"8257","8257","0","false","false",
"C","A","19990101","1999","52","1999","360","IDN","Indonesia","X","Export","0","W00","World","0","W00","World","H1","HS","true","0707","Cucumbers and gherkins; fresh or chilled","4","false","C00","TOTAL CPC","0","0","TOTAL MOT","8","kg","474401","false","-1","N/A",,"false","474401","false",,"false",,"218367","218367","0","false","false",
"C","A","19990101","1999","52","1999","404","KEN","Kenya","X","Export","0","W00","World","0","W00","World","H1","HS","true","0707","Cucumbers and gherkins; fresh or chilled","4","false","C00","TOTAL CPC","0","0","TOTAL MOT","-1","N/A","0","false","-1","N/A",,"false",,"false",,"false",,"6486","6486","0","false","false",
"C","A","19990101","1999","52","1999","360","IDN","Indonesia","X","Export","0","W00","World","0","W00","World","H1","HS","true","0708","Leguminous vegetables; shelled or unshelled, fresh or chilled","4","false","C00","TOTAL CPC","0","0","TOTAL MOT","8","kg","353584","false","-1","N/A",,"false","353584","false",,"false",,"271441","271441","0","false","false",
"C","A","19990101","1999","52","1999","404","KEN","Kenya","X","Export","0","W00","World","0","W00","World","H1","HS","true","0708","Leguminous vegetables; shelled or unshelled, fresh or chilled","4","false","C00","TOTAL CPC","0","0","TOTAL MOT","8","kg","18738234","false","-1","N/A",,"false","18738234","false",,"false",,"26903078","26903078","0","false","false",
"C","A","19990101","1999","52","1999","360","IDN","Indonesia","X","Export","0","W00","World","0","W00","World","H1","HS","true","0709","Vegetables, n.e.s. in chapter 07; fresh or chilled","4","false","C00","TOTAL CPC","0","0","TOTAL MOT","8","kg","7813823","false","-1","N/A",,"false","7813823","false",,"false",,"6731727","6731727","0","false","false",
"C","A","19990101","1999","52","1999","404","KEN","Kenya","X","Export","0","W00","World","0","W00","World","H1","HS","true","0709","Vegetables, n.e.s. in chapter 07; fresh or chilled","4","false","C00","TOTAL CPC","0","0","TOTAL MOT","8","kg","21550674","false","-1","N/A",,"false","21550674","false",,"false",,"32772496","32772496","0","false","false",
"C","A","19990101","1999","52","1999","360","IDN","Indonesia","X","Export","0","W00","World","0","W00","World","H1","HS","true","0712","Vegetables, dried; whole, cut, sliced, broken or in powder, but not further prepared","4","false","C00","TOTAL CPC","0","0","TOTAL MOT","8","kg","684905","false","-1","N/A",,"false","684905","false",,"false",,"850111","850111","0","false","false",
"C","A","19990101","1999","52","1999","404","KEN","Kenya","X","Export","0","W00","World","0","W00","World","H1","HS","true","0712","Vegetables, dried; whole, cut, sliced, broken or in powder, but not further prepared","4","false","C00","TOTAL CPC","0","0","TOTAL MOT","8","kg","7349","false","-1","N/A",,"false","7349","false",,"false",,"11661","11661","0","false","false",
"C","A","19990101","1999","52","1999","504","MAR","Morocco","X","Export","0","W00","World","0","W00","World","H0","HS","true","0701","Potatoes; fresh or chilled","4","false","C00","TOTAL CPC","0","0","TOTAL MOT","8","kg","91775232","false","-1","N/A",,"false","91775232","false",,"false",,"31529234","31529234","0","true","false",
"C","A","19990101","1999","52","1999","504","MAR","Morocco","X","Export","0","W00","World","0","W00","World","H0","HS","true","0702","Tomatoes; fresh or chilled","4","false","C00","TOTAL CPC","0","0","TOTAL MOT","8","kg","243573264","false","-1","N/A",,"false","243573264","false",,"false",,"123500536","123500536","0","true","false",
"C","A","19990101","1999","52","1999","504","MAR","Morocco","X","Export","0","W00","World","0","W00","World","H0","HS","true","0703","Onions, shallots, garlic, leeks and other alliaceous vegetables; fresh or chilled","4","false","C00","TOTAL CPC","0","0","TOTAL MOT","8","kg","1394725","false","-1","N/A",,"false","1394725","false",,"false",,"646913","646913","0","true","false",
"C","A","19990101","1999","52","1999","504","MAR","Morocco","X","Export","0","W00","World","0","W00","World","H0","HS","true","0704","Cabbages, cauliflowers, kohlrabi, kale and similar edible brassicas; fresh or chilled","4","false","C00","TOTAL CPC","0","0","TOTAL MOT","8","kg","6557","false","-1","N/A",,"false","6557","false",,"false",,"4779","4779","0","true","false",
"C","A","19990101","1999","52","1999","504","MAR","Morocco","X","Export","0","W00","World","0","W00","World","H0","HS","true","0705","Lettuce (lactuca sativa) and chicory (cichorium spp.) fresh or chilled","4","false","C00","TOTAL CPC","0","0","TOTAL MOT","8","kg","1870","false","-1","N/A",,"false","1870","false",,"false",,"923","923","0","true","false",
"C","A","19990101","1999","52","1999","504","MAR","Morocco","X","Export","0","W00","World","0","W00","World","H0","HS","true","0706","Carrots, turnips, salad beetroot, salsify, celeriac, radishes and similar edible roots; fresh or chilled","4","false","C00","TOTAL CPC","0","0","TOTAL MOT","8","kg","5819316","false","-1","N/A",,"false","5819316","false",,"false",,"3464230","3464230","0","true","false",
"C","A","19990101","1999","52","1999","504","MAR","Morocco","X","Export","0","W00","World","0","W00","World","H0","HS","true","0707","Cucumbers and gherkins; fresh or chilled","4","false","C00","TOTAL CPC","0","0","TOTAL MOT","8","kg","2249433","false","-1","N/A",,"false","2249433","false",,"false",,"770754","770754","0","true","false",
"C","A","19990101","1999","52","1999","504","MAR","Morocco","X","Export","0","W00","World","0","W00","World","H0","HS","true","0708","Leguminous vegetables; shelled or unshelled, fresh or chilled","4","false","C00","TOTAL CPC","0","0","TOTAL MOT","8","kg","16630182","false","-1","N/A",,"false","16630182","false",,"false",,"11344217","11344217","0","true","false",
"C","A","19990101","1999","52","1999","504","MAR","Morocco","X","Export","0","W00","World","0","W00","World","H0","HS","true","0709","Vegetables, n.e.s. in chapter 07; fresh or chilled","4","false","C00","TOTAL CPC","0","0","TOTAL MOT","8","kg","18630724","false","-1","N/A",,"false","18630724","false",,"false",,"14937633","14937633","0","true","false",
"C","A","19990101","1999","52","1999","504","MAR","Morocco","X","Export","0","W00","World","0","W00","World","H0","HS","true","0712","Vegetables, dried; whole, cut, sliced, broken or in powder, but not further prepared","4","false","C00","TOTAL CPC","0","0","TOTAL MOT","8","kg","2503834","false","-1","N/A",,"false","2503834","false",,"false",,"8628729","8628729","0","true","false",
"C","A","19990101","1999","52","1999","724","ESP","Spain","X","Export","0","W00","World","0","W00","World","H1","HS","true","0701","Potatoes; fresh or chilled","4","false","C00","TOTAL CPC","0","0","TOTAL MOT","8","kg","295266468","false","-1","N/A",,"false","295266468","false",,"false",,"88549724","88549724","0","false","false",
"C","A","19990101","1999","52","1999","724","ESP","Spain","X","Export","0","W00","World","0","W00","World","H1","HS","true","0702","Tomatoes; fresh or chilled","4","false","C00","TOTAL CPC","0","0","TOTAL MOT","8","kg","958429373","false","-1","N/A",,"false","958429373","false",,"false",,"660917656","660917656","0","false","false",
"C","A","19990101","1999","52","1999","724","ESP","Spain","X","Export","0","W00","World","0","W00","World","H1","HS","true","0703","Onions, shallots, garlic, leeks and other alliaceous vegetables; fresh or chilled","4","false","C00","TOTAL CPC","0","0","TOTAL MOT","8","kg","319994624","false","-1","N/A",,"false","319994624","false",,"false",,"138040789","138040789","0","false","false",
"C","A","19990101","1999","52","1999","724","ESP","Spain","X","Export","0","W00","World","0","W00","World","H1","HS","true","0704","Cabbages, cauliflowers, kohlrabi, kale and similar edible brassicas; fresh or chilled","4","false","C00","TOTAL CPC","0","0","TOTAL MOT","8","kg","278220785","false","-1","N/A",,"false","278220785","false",,"false",,"192431932","192431932","0","false","false",
"C","A","19990101","1999","52","1999","724","ESP","Spain","X","Export","0","W00","World","0","W00","World","H1","HS","true","0705","Lettuce (lactuca sativa) and chicory (cichorium spp.) fresh or chilled","4","false","C00","TOTAL CPC","0","0","TOTAL MOT","8","kg","445085113","false","-1","N/A",,"false","445085113","false",,"false",,"295957124","295957124","0","false","false",
"C","A","19990101","1999","52","1999","724","ESP","Spain","X","Export","0","W00","World","0","W00","World","H1","HS","true","0706","Carrots, turnips, salad beetroot, salsify, celeriac, radishes and similar edible roots; fresh or chilled","4","false","C00","TOTAL CPC","0","0","TOTAL MOT","8","kg","88631139","false","-1","N/A",,"false","88631139","false",,"false",,"40600926","40600926","0","false","false",
"C","A","19990101","1999","52","1999","724","ESP","Spain","X","Export","0","W00","World","0","W00","World","H1","HS","true","0707","Cucumbers and gherkins; fresh or chilled","4","false","C00","TOTAL CPC","0","0","TOTAL MOT","8","kg","343457156","false","-1","N/A",,"false","343457156","false",,"false",,"243778357","243778357","0","false","false",
"C","A","19990101","1999","52","1999","724","ESP","Spain","X","Export","0","W00","World","0","W00","World","H1","HS","true","0708","Leguminous vegetables; shelled or unshelled, fresh or chilled","4","false","C00","TOTAL CPC","0","0","TOTAL MOT","8","kg","35280292","false","-1","N/A",,"false","35280292","false",,"false",,"56732898","56732898","0","false","false",
"C","A","19990101","1999","52","1999","724","ESP","Spain","X","Export","0","W00","World","0","W00","World","H1","HS","true","0709","Vegetables, n.e.s. in chapter 07; fresh or chilled","4","false","C00","TOTAL CPC","0","0","TOTAL MOT","8","kg","766358224","false","-1","N/A",,"false","766358224","false",,"false",,"733327528","733327528","0","false","false",
"C","A","19990101","1999","52","1999","724","ESP","Spain","X","Export","0","W00","World","0","W00","World","H1","HS","true","0712","Vegetables, dried; whole, cut, sliced, broken or in powder, but not further prepared","4","false","C00","TOTAL CPC","0","0","TOTAL MOT","8","kg","15399013","false","-1","N/A",,"false","15399013","false",,"false",,"17442343","17442343","0","false","false",
"C","A","19990101","1999","52","1999","764","THA","Thailand","X","Export","0","W00","World","0","W00","World","H1","HS","true","0701","Potatoes; fresh or chilled","4","false","C00","TOTAL CPC","0","0","TOTAL MOT","8","kg","25939","false","-1","N/A",,"false","25939","false",,"false",,"37635","37635","0","false","false",
"C","A","19990101","1999","52","1999","764","THA","Thailand","X","Export","0","W00","World","0","W00","World","H1","HS","true","0702","Tomatoes; fresh or chilled","4","false","C00","TOTAL CPC","0","0","TOTAL MOT","8","kg","1826974","false","-1","N/A",,"false","1826974","false",,"false",,"158432","158432","0","false","false",
"C","A","19990101","1999","52","1999","764","THA","Thailand","X","Export","0","W00","World","0","W00","World","H1","HS","true","0703","Onions, shallots, garlic, leeks and other alliaceous vegetables; fresh or chilled","4","false","C00","TOTAL CPC","0","0","TOTAL MOT","8","kg","20308521","false","-1","N/A",,"false","20308521","false",,"false",,"4808644","4808644","0","false","false",
"C","A","19990101","1999","52","1999","764","THA","Thailand","X","Export","0","W00","World","0","W00","World","H1","HS","true","0704","Cabbages, cauliflowers, kohlrabi, kale and similar edible brassicas; fresh or chilled","4","false","C00","TOTAL CPC","0","0","TOTAL MOT","8","kg","228466","false","-1","N/A",,"false","228466","false",,"false",,"82572","82572","0","false","false",
"C","A","19990101","1999","52","1999","764","THA","Thailand","X","Export","0","W00","World","0","W00","World","H1","HS","true","0705","Lettuce (lactuca sativa) and chicory (cichorium spp.) fresh or chilled","4","false","C00","TOTAL CPC","0","0","TOTAL MOT","8","kg","81028","false","-1","N/A",,"false","81028","false",,"false",,"54531","54531","0","false","false",
"C","A","19990101","1999","52","1999","764","THA","Thailand","X","Export","0","W00","World","0","W00","World","H1","HS","true","0706","Carrots, turnips, salad beetroot, salsify, celeriac, radishes and similar edible roots; fresh or chilled","4","false","C00","TOTAL CPC","0","0","TOTAL MOT","8","kg","6877","false","-1","N/A",,"false","6877","false",,"false",,"10102","10102","0","false","false",
"C","A","19990101","1999","52","1999","764","THA","Thailand","X","Export","0","W00","World","0","W00","World","H1","HS","true","0707","Cucumbers and gherkins; fresh or chilled","4","false","C00","TOTAL CPC","0","0","TOTAL MOT","8","kg","19718","false","-1","N/A",,"false","19718","false",,"false",,"47977","47977","0","false","false",
"C","A","19990101","1999","52","1999","764","THA","Thailand","X","Export","0","W00","World","0","W00","World","H1","HS","true","0708","Leguminous vegetables; shelled or unshelled, fresh or chilled","4","false","C00","TOTAL CPC","0","0","TOTAL MOT","8","kg","55471","false","-1","N/A",,"false","55471","false",,"false",,"134087","134087","0","false","false",
"C","A","19990101","1999","52","1999","764","THA","Thailand","X","Export","0","W00","World","0","W00","World","H1","HS","true","0709","Vegetables, n.e.s. in chapter 07; fresh or chilled","4","false","C00","TOTAL CPC","0","0","TOTAL MOT","8","kg","41911613","false","-1","N/A",,"false","41911613","false",,"false",,"27205881","27205881","0","false","false",
"C","A","19990101","1999","52","1999","764","THA","Thailand","X","Export","0","W00","World","0","W00","World","H1","HS","true","0712","Vegetables, dried; whole, cut, sliced, broken or in powder, but not further prepared","4","false","C00","TOTAL CPC","0","0","TOTAL MOT","8","kg","4423134","false","-1","N/A",,"false","4423134","false",,"false",,"4787310","4787310","0","false","false",
"C","A","19990101","1999","52","1999","792","TUR","Türkiye","X","Export","0","W00","World","0","W00","World","H1","HS","true","0701","Potatoes; fresh or chilled","4","false","C00","TOTAL CPC","0","0","TOTAL MOT","8","kg","64606312","false","-1","N/A",,"false","64606312","false",,"false",,"14509603","14509603","0","false","false",
"C","A","19990101","1999","52","1999","792","TUR","Türkiye","X","Export","0","W00","World","0","W00","World","H1","HS","true","0702","Tomatoes; fresh or chilled","4","false","C00","TOTAL CPC","0","0","TOTAL MOT","8","kg","100019187","false","-1","N/A",,"false","100019187","false",,"false",,"18901960","18901960","0","false","false",
"C","A","19990101","1999","52","1999","792","TUR","Türkiye","X","Export","0","W00","World","0","W00","World","H1","HS","true","0703","Onions, shallots, garlic, leeks and other alliaceous vegetables; fresh or chilled","4","false","C00","TOTAL CPC","0","0","TOTAL MOT","8","kg","142024180","false","-1","N/A",,"false","142024180","false",,"false",,"22312190","22312190","0","false","false",
"C","A","19990101","1999","52","1999","792","TUR","Türkiye","X","Export","0","W00","World","0","W00","World","H1","HS","true","0704","Cabbages, cauliflowers, kohlrabi, kale and similar edible brassicas; fresh or chilled","4","false","C00","TOTAL CPC","0","0","TOTAL MOT","8","kg","3148371","false","-1","N/A",,"false","3148371","false",,"false",,"890106","890106","0","false","false",
"C","A","19990101","1999","52","1999","792","TUR","Türkiye","X","Export","0","W00","World","0","W00","World","H1","HS","true","0705","Lettuce (lactuca sativa) and chicory (cichorium spp.) fresh or chilled","4","false","C00","TOTAL CPC","0","0","TOTAL MOT","8","kg","105516","false","-1","N/A",,"false","105516","false",,"false",,"59622","59622","0","false","false",
"C","A","19990101","1999","52","1999","792","TUR","Türkiye","X","Export","0","W00","World","0","W00","World","H1","HS","true","0706","Carrots, turnips, salad beetroot, salsify, celeriac, radishes and similar edible roots; fresh or chilled","4","false","C00","TOTAL CPC","0","0","TOTAL MOT","8","kg","15162870","false","-1","N/A",,"false","15162870","false",,"false",,"2619869","2619869","0","false","false",
"C","A","19990101","1999","52","1999","792","TUR","Türkiye","X","Export","0","W00","World","0","W00","World","H1","HS","true","0707","Cucumbers and gherkins; fresh or chilled","4","false","C00","TOTAL CPC","0","0","TOTAL MOT","8","kg","6556493","false","-1","N/A",,"false","6556493","false",,"false",,"3255535","3255535","0","false","false",
"C","A","19990101","1999","52","1999","792","TUR","Türkiye","X","Export","0","W00","World","0","W00","World","H1","HS","true","0708","Leguminous vegetables; shelled or unshelled, fresh or chilled","4","false","C00","TOTAL CPC","0","0","TOTAL MOT","8","kg","873158","false","-1","N/A",,"false","873158","false",,"false",,"675430","675430","0","false","false",
"C","A","19990101","1999","52","1999","792","TUR","Türkiye","X","Export","0","W00","World","0","W00","World","H1","HS","true","0709","Vegetables, n.e.s. in chapter 07; fresh or chilled","4","false","C00","TOTAL CPC","0","0","TOTAL MOT","8","kg","37111272","false","-1","N/A",,"false","37111272","false",,"false",,"29738186","29738186","0","false","false",
"C","A","19990101","1999","52","1999","792","TUR","Türkiye","X","Export","0","W00","World","0","W00","World","H1","HS","true","0712","Vegetables, dried; whole, cut, sliced, broken or in powder, but not further prepared","4","false","C00","TOTAL CPC","0","0","TOTAL MOT","8","kg","4216374","false","-1","N/A",,"false","4216374","false",,"false",,"16774126","16774126","0","false","false",
"C","A","20000101","2000","52","2000","32","ARG","Argentina","X","Export","0","W00","World","0","W00","World","H1","HS","true","0701","Potatoes; fresh or chilled","4","false","C00","TOTAL CPC","0","0","TOTAL MOT","8","kg","39244903","false","-1","N/A",,"false","39244903","false",,"false",,"4443001","4443001","0","false","false",
"C","A","20000101","2000","52","2000","68","BOL","Bolivia (Plurinational State of)","X","Export","0","W00","World","0","W00","World","H1","HS","true","0701","Potatoes; fresh or chilled","4","false","C00","TOTAL CPC","0","0","TOTAL MOT","8","kg","11261","false","8","kg","11261","false","11261","false","11261","false","0","9588","9588","0","false","true",
"C","A","20000101","2000","52","2000","188","CRI","Costa Rica","X","Export","0","W00","World","0","W00","World","H1","HS","true","0701","Potatoes; fresh or chilled","4","false","C00","TOTAL CPC","0","0","TOTAL MOT","8","kg","282802","false","-1","N/A",,"false","282802","false",,"false",,"77878","77878","0","false","false",
"C","A","20000101","2000","52","2000","218","ECU","Ecuador","X","Export","0","W00","World","0","W00","World","H1","HS","true","0701","Potatoes; fresh or chilled","4","false","C00","TOTAL CPC","0","0","TOTAL MOT","8","kg","19077600","false","-1","N/A",,"false","19077600","false",,"false",,"1887411","1887411","0","false","false",
"C","A","20000101","2000","52","2000","320","GTM","Guatemala","X","Export","0","W00","World","0","W00","World","H1","HS","true","0701","Potatoes; fresh or chilled","4","false","C00","TOTAL CPC","0","0","TOTAL MOT","8","kg","76645622","false","-1","N/A",,"false","76645622","false",,"false",,"7628564","7628564","0","false","false",
"C","A","20000101","2000","52","2000","340","HND","Honduras","X","Export","0","W00","World","0","W00","World","H1","HS","true","0701","Potatoes; fresh or chilled","4","false","C00","TOTAL CPC","0","0","TOTAL MOT","8","kg","11600","false","-1","N/A",,"false","11600","false",,"false",,"1270","1270","0","false","false",
"C","A","20000101","2000","52","2000","360","IDN","Indonesia","X","Export","0","W00","World","0","W00","World","H1","HS","true","0701","Potatoes; fresh or chilled","4","false","C00","TOTAL CPC","0","0","TOTAL MOT","8","kg","30317532","false","-1","N/A",,"false","30317532","false",,"false",,"4495017","4495017","0","false","false",
"C","A","20000101","2000","52","2000","404","KEN","Kenya","X","Export","0","W00","World","0","W00","World","H1","HS","true","0701","Potatoes; fresh or chilled","4","false","C00","TOTAL CPC","0","0","TOTAL MOT","8","kg","257481","false","-1","N/A",,"false","257481","false",,"false",,"30152","30152","0","false","false",
"C","A","20000101","2000","52","2000","504","MAR","Morocco","X","Export","0","W00","World","0","W00","World","H1","HS","true","0701","Potatoes; fresh or chilled","4","false","C00","TOTAL CPC","0","0","TOTAL MOT","8","kg","54690427","false","8","kg","54690427","false","54690427","false","0","false","0","17369417.284","17369417.284","0","false","true",
"C","A","20000101","2000","52","2000","724","ESP","Spain","X","Export","0","W00","World","0","W00","World","H1","HS","true","0701","Potatoes; fresh or chilled","4","false","C00","TOTAL CPC","0","0","TOTAL MOT","8","kg","272984341","false","8","kg","272984341","false","272984341","false","0","false","0","64959410.409","64959410.409","0","false","true",
"C","A","20000101","2000","52","2000","764","THA","Thailand","X","Export","0","W00","World","0","W00","World","H1","HS","true","0701","Potatoes; fresh or chilled","4","false","C00","TOTAL CPC","0","0","TOTAL MOT","8","kg","904932","false","-1","N/A",,"false","904932","false",,"false",,"252762","252762","0","false","false",
"C","A","20000101","2000","52","2000","792","TUR","Türkiye","X","Export","0","W00","World","0","W00","World","H1","HS","true","0701","Potatoes; fresh or chilled","4","false","C00","TOTAL CPC","0","0","TOTAL MOT","8","kg","140353206","false","8","kg","140353206","false","140353206","false","0","false","0","24956009","24956009","0","false","true",
"C","A","20000101","2000","52","2000","32","ARG","Argentina","X","Export","0","W00","World","0","W00","World","H1","HS","true","0702","Tomatoes; fresh or chilled","4","false","C00","TOTAL CPC","0","0","TOTAL MOT","8","kg","1708997","false","-1","N/A",,"false","1708997","false",,"false",,"397894","397894","0","false","false",
"C","A","20000101","2000","52","2000","188","CRI","Costa Rica","X","Export","0","W00","World","0","W00","World","H1","HS","true","0702","Tomatoes; fresh or chilled","4","false","C00","TOTAL CPC","0","0","TOTAL MOT","8","kg","254292","false","-1","N/A",,"false","254292","false",,"false",,"178275","178275","0","false","false",
"C","A","20000101","2000","52","2000","218","ECU","Ecuador","X","Export","0","W00","World","0","W00","World","H1","HS","true","0702","Tomatoes; fresh or chilled","4","false","C00","TOTAL CPC","0","0","TOTAL MOT","8","kg","1557384","false","-1","N/A",,"false","1557384","false",,"false",,"137686","137686","0","false","false",
"C","A","20000101","2000","52","2000","320","GTM","Guatemala","X","Export","0","W00","World","0","W00","World","H1","HS","true","0702","Tomatoes; fresh or chilled","4","false","C00","TOTAL CPC","0","0","TOTAL MOT","8","kg","37826512","false","-1","N/A",,"false","37826512","false",,"false",,"7558770","7558770","0","false","false",
"C","A","20000101","2000","52","2000","340","HND","Honduras","X","Export","0","W00","World","0","W00","World","H1","HS","true","0702","Tomatoes; fresh or chilled","4","false","C00","TOTAL CPC","0","0","TOTAL MOT","8","kg","3211584","false","-1","N/A",,"false","3211584","false",,"false",,"294117","294117","0","false","false",
"C","A","20000101","2000","52","2000","360","IDN","Indonesia","X","Export","0","W00","World","0","W00","World","H1","HS","true","0702","Tomatoes; fresh or chilled","4","false","C00","TOTAL CPC","0","0","TOTAL MOT","8","kg","2373105","false","-1","N/A",,"false","2373105","false",,"false",,"654543","654543","0","false","false",
"C","A","20000101","2000","52","2000","404","KEN","Kenya","X","Export","0","W00","World","0","W00","World","H1","HS","true","0702","Tomatoes; fresh or chilled","4","false","C00","TOTAL CPC","0","0","TOTAL MOT","8","kg","18493","false","-1","N/A",,"false","18493","false",,"false",,"12997","12997","0","false","false",
"C","A","20000101","2000","52","2000","504","MAR","Morocco","X","Export","0","W00","World","0","W00","World","H1","HS","true","0702","Tomatoes; fresh or chilled","4","false","C00","TOTAL CPC","0","0","TOTAL MOT","8","kg","166698840","false","8","kg","166698840","false","166698840","false","0","false","0","81781885.083","81781885.083","0","false","true",
"C","A","20000101","2000","52","2000","724","ESP","Spain","X","Export","0","W00","World","0","W00","World","H1","HS","true","0702","Tomatoes; fresh or chilled","4","false","C00","TOTAL CPC","0","0","TOTAL MOT","8","kg","891755357","false","8","kg","891755357","false","891755357","false","0","false","0","648597356.075","648597356.075","0","false","true",
"C","A","20000101","2000","52","2000","764","THA","Thailand","X","Export","0","W00","World","0","W00","World","H1","HS","true","0702","Tomatoes; fresh or chilled","4","false","C00","TOTAL CPC","0","0","TOTAL MOT","8","kg","1350314","false","-1","N/A",,"false","1350314","false",,"false",,"173991","173991","0","false","false",
"C","A","20000101","2000","52","2000","792","TUR","Türkiye","X","Export","0","W00","World","0","W00","World","H1","HS","true","0702","Tomatoes; fresh or chilled","4","false","C00","TOTAL CPC","0","0","TOTAL MOT","8","kg","119898559","false","8","kg","119898559","false","119898559","false","0","false","0","37501843","37501843","0","false","true",
"C","A","20000101","2000","52","2000","32","ARG","Argentina","X","Export","0","W00","World","0","W00","World","H1","HS","true","0703","Onions, shallots, garlic, leeks and other alliaceous vegetables; fresh or chilled","4","false","C00","TOTAL CPC","0","0","TOTAL MOT","8","kg","177385934","false","-1","N/A",,"false","177385934","false",,"false",,"81233587","81233587","0","false","false",
"C","A","20000101","2000","52","2000","68","BOL","Bolivia (Plurinational State of)","X","Export","0","W00","World","0","W00","World","H1","HS","true","0703","Onions, shallots, garlic, leeks and other alliaceous vegetables; fresh or chilled","4","false","C00","TOTAL CPC","0","0","TOTAL MOT","8","kg","95700","false","8","kg","95700","false","95700","false","98700","false","0","72451","72451","0","false","true",
"C","A","20000101","2000","52","2000","188","CRI","Costa Rica","X","Export","0","W00","World","0","W00","World","H1","HS","true","0703","Onions, shallots, garlic, leeks and other alliaceous vegetables; fresh or chilled","4","false","C00","TOTAL CPC","0","0","TOTAL MOT","8","kg","892795","false","-1","N/A",,"false","892795","false",,"false",,"178719","178719","0","false","false",
"C","A","20000101","2000","52","2000","218","ECU","Ecuador","X","Export","0","W00","World","0","W00","World","H1","HS","true","0703","Onions, shallots, garlic, leeks and other alliaceous vegetables; fresh or chilled","4","false","C00","TOTAL CPC","0","0","TOTAL MOT","8","kg","28111477","false","-1","N/A",,"false","28111477","false",,"false",,"2785984","2785984","0","false","false",
"C","A","20000101","2000","52","2000","320","GTM","Guatemala","X","Export","0","W00","World","0","W00","World","H1","HS","true","0703","Onions, shallots, garlic, leeks and other alliaceous vegetables; fresh or chilled","4","false","C00","TOTAL CPC","0","0","TOTAL MOT","8","kg","30044957","false","-1","N/A",,"false","30044957","false",,"false",,"5442598","5442598","0","false","false",
"C","A","20000101","2000","52","2000","360","IDN","Indonesia","X","Export","0","W00","World","0","W00","World","H1","HS","true","0703","Onions, shallots, garlic, leeks and other alliaceous vegetables; fresh or chilled","4","false","C00","TOTAL CPC","0","0","TOTAL MOT","8","kg","7627076","false","-1","N/A",,"false","7627076","false",,"false",,"2024948","2024948","0","false","false",
"C","A","20000101","2000","52","2000","404","KEN","Kenya","X","Export","0","W00","World","0","W00","World","H1","HS","true","0703","Onions, shallots, garlic, leeks and other alliaceous vegetables; fresh or chilled","4","false","C00","TOTAL CPC","0","0","TOTAL MOT","8","kg","115087","false","-1","N/A",,"false","115087","false",,"false",,"203194","203194","0","false","false",
"C","A","20000101","2000","52","2000","504","MAR","Morocco","X","Export","0","W00","World","0","W00","World","H1","HS","true","0703","Onions, shallots, garlic, leeks and other alliaceous vegetables; fresh or chilled","4","false","C00","TOTAL CPC","0","0","TOTAL MOT","8","kg","1047708","false","8","kg","1047708","false","1047708","false","0","false","0","450025.32","450025.32","0","false","true",
"C","A","20000101","2000","52","2000","724","ESP","Spain","X","Export","0","W00","World","0","W00","World","H1","HS","true","0703","Onions, shallots, garlic, leeks and other alliaceous vegetables; fresh or chilled","4","false","C00","TOTAL CPC","0","0","TOTAL MOT","8","kg","321131027.1","false","8","kg","321131027.1","false","321131027.1","false","0","false","0","126385159.21","126385159.21","0","false","true",
"C","A","20000101","2000","52","2000","764","THA","Thailand","X","Export","0","W00","World","0","W00","World","H1","HS","true","0703","Onions, shallots, garlic, leeks and other alliaceous vegetables; fresh or chilled","4","false","C00","TOTAL CPC","0","0","TOTAL MOT","8","kg","22705493","false","-1","N/A",,"false","22705493","false",,"false",,"4682052","4682052","0","false","false",
"C","A","20000101","2000","52","2000","792","TUR","Türkiye","X","Export","0","W00","World","0","W00","World","H1","HS","true","0703","Onions, shallots, garlic, leeks and other alliaceous vegetables; fresh or chilled","4","false","C00","TOTAL CPC","0","0","TOTAL MOT","8","kg","91485247","false","8","kg","91485247","false","91485247","false","0","false","0","13119841","13119841","0","false","true",
"C","A","20000101","2000","52","2000","32","ARG","Argentina","X","Export","0","W00","World","0","W00","World","H1","HS","true","0704","Cabbages, cauliflowers, kohlrabi, kale and similar edible brassicas; fresh or chilled","4","false","C00","TOTAL CPC","0","0","TOTAL MOT","8","kg","89601","false","-1","N/A",,"false","89601","false",,"false",,"19146","19146","0","false","false",
"C","A","20000101","2000","52","2000","188","CRI","Costa Rica","X","Export","0","W00","World","0","W00","World","H1","HS","true","0704","Cabbages, cauliflowers, kohlrabi, kale and similar edible brassicas; fresh or chilled","4","false","C00","TOTAL CPC","0","0","TOTAL MOT","8","kg","1204870","false","-1","N/A",,"false","1204870","false",,"false",,"135352","135352","0","false","false",
"C","A","20000101","2000","52","2000","218","ECU","Ecuador","X","Export","0","W00","World","0","W00","World","H1","HS","true","0704","Cabbages, cauliflowers, kohlrabi, kale and similar edible brassicas; fresh or chilled","4","false","C00","TOTAL CPC","0","0","TOTAL MOT","8","kg","16745478","false","-1","N/A",,"false","16745478","false",,"false",,"13370695","13370695","0","false","false",
"C","A","20000101","2000","52","2000","320","GTM","Guatemala","X","Export","0","W00","World","0","W00","World","H1","HS","true","0704","Cabbages, cauliflowers, kohlrabi, kale and similar edible brassicas; fresh or chilled","4","false","C00","TOTAL CPC","0","0","TOTAL MOT","8","kg","78500853","false","-1","N/A",,"false","78500853","false",,"false",,"24127029","24127029","0","false","false",
"C","A","20000101","2000","52","2000","340","HND","Honduras","X","Export","0","W00","World","0","W00","World","H1","HS","true","0704","Cabbages, cauliflowers, kohlrabi, kale and similar edible brassicas; fresh or chilled","4","false","C00","TOTAL CPC","0","0","TOTAL MOT","8","kg","6000","false","-1","N/A",,"false","6000","false",,"false",,"283","283","0","false","false",
"C","A","20000101","2000","52","2000","360","IDN","Indonesia","X","Export","0","W00","World","0","W00","World","H1","HS","true","0704","Cabbages, cauliflowers, kohlrabi, kale and similar edible brassicas; fresh or chilled","4","false","C00","TOTAL CPC","0","0","TOTAL MOT","8","kg","39816373","false","-1","N/A",,"false","39816373","false",,"false",,"5517402","5517402","0","false","false",
"C","A","20000101","2000","52","2000","404","KEN","Kenya","X","Export","0","W00","World","0","W00","World","H1","HS","true","0704","Cabbages, cauliflowers, kohlrabi, kale and similar edible brassicas; fresh or chilled","4","false","C00","TOTAL CPC","0","0","TOTAL MOT","8","kg","78538","false","-1","N/A",,"false","78538","false",,"false",,"965039","965039","0","false","false",
"C","A","20000101","2000","52","2000","504","MAR","Morocco","X","Export","0","W00","World","0","W00","World","H1","HS","true","0704","Cabbages, cauliflowers, kohlrabi, kale and similar edible brassicas; fresh or chilled","4","false","C00","TOTAL CPC","0","0","TOTAL MOT","8","kg","9247","false","8","kg","9247","false","9247","false","0","false","0","10023.424","10023.424","0","false","true",
"C","A","20000101","2000","52","2000","724","ESP","Spain","X","Export","0","W00","World","0","W00","World","H1","HS","true","0704","Cabbages, cauliflowers, kohlrabi, kale and similar edible brassicas; fresh or chilled","4","false","C00","TOTAL CPC","0","0","TOTAL MOT","8","kg","277032385","false","8","kg","277032385","false","277032385","false","0","false","0","177084475.324","177084475.324","0","false","true",
"C","A","20000101","2000","52","2000","764","THA","Thailand","X","Export","0","W00","World","0","W00","World","H1","HS","true","0704","Cabbages, cauliflowers, kohlrabi, kale and similar edible brassicas; fresh or chilled","4","false","C00","TOTAL CPC","0","0","TOTAL MOT","8","kg","266053","false","-1","N/A",,"false","266053","false",,"false",,"218471","218471","0","false","false",
"C","A","20000101","2000","52","2000","792","TUR","Türkiye","X","Export","0","W00","World","0","W00","World","H1","HS","true","0704","Cabbages, cauliflowers, kohlrabi, kale and similar edible brassicas; fresh or chilled","4","false","C00","TOTAL CPC","0","0","TOTAL MOT","8","kg","2818803","false","8","kg","2818803","false","2818803","false","0","false","0","819713","819713","0","false","true",
"C","A","20000101","2000","52","2000","32","ARG","Argentina","X","Export","0","W00","World","0","W00","World","H1","HS","true","0705","Lettuce (lactuca sativa) and chicory (cichorium spp.) fresh or chilled","4","false","C00","TOTAL CPC","0","0","TOTAL MOT","8","kg","350331","false","-1","N/A",,"false","350331","false",,"false",,"151261","151261","0","false","false",
"C","A","20000101","2000","52","2000","188","CRI","Costa Rica","X","Export","0","W00","World","0","W00","World","H1","HS","true","0705","Lettuce (lactuca sativa) and chicory (cichorium spp.) fresh or chilled","4","false","C00","TOTAL CPC","0","0","TOTAL MOT","8","kg","165815","false","-1","N/A",,"false","165815","false",,"false",,"31914","31914","0","false","false",
"C","A","20000101","2000","52","2000","320","GTM","Guatemala","X","Export","0","W00","World","0","W00","World","H1","HS","true","0705","Lettuce (lactuca sativa) and chicory (cichorium spp.) fresh or chilled","4","false","C00","TOTAL CPC","0","0","TOTAL MOT","8","kg","16053170","false","-1","N/A",,"false","16053170","false",,"false",,"2515992","2515992","0","false","false",
"C","A","20000101","2000","52","2000","360","IDN","Indonesia","X","Export","0","W00","World","0","W00","World","H1","HS","true","0705","Lettuce (lactuca sativa) and chicory (cichorium spp.) fresh or chilled","4","false","C00","TOTAL CPC","0","0","TOTAL MOT","8","kg","73343","false","-1","N/A",,"false","73343","false",,"false",,"48075","48075","0","false","false",
"C","A","20000101","2000","52","2000","404","KEN","Kenya","X","Export","0","W00","World","0","W00","World","H1","HS","true","0705","Lettuce (lactuca sativa) and chicory (cichorium spp.) fresh or chilled","4","false","C00","TOTAL CPC","0","0","TOTAL MOT","8","kg","11677","false","-1","N/A",,"false","11677","false",,"false",,"7781","7781","0","false","false",
"C","A","20000101","2000","52","2000","504","MAR","Morocco","X","Export","0","W00","World","0","W00","World","H1","HS","true","0705","Lettuce (lactuca sativa) and chicory (cichorium spp.) fresh or chilled","4","false","C00","TOTAL CPC","0","0","TOTAL MOT","8","kg","13866","false","8","kg","13866","false","13866","false","0","false","0","1980.645","1980.645","0","false","true",
"C","A","20000101","2000","52","2000","724","ESP","Spain","X","Export","0","W00","World","0","W00","World","H1","HS","true","0705","Lettuce (lactuca sativa) and chicory (cichorium spp.) fresh or chilled","4","false","C00","TOTAL CPC","0","0","TOTAL MOT","8","kg","497689857","false","8","kg","497689857","false","497689857","false","0","false","0","265055168.792","265055168.792","0","false","true",
"C","A","20000101","2000","52","2000","764","THA","Thailand","X","Export","0","W00","World","0","W00","World","H1","HS","true","0705","Lettuce (lactuca sativa) and chicory (cichorium spp.) fresh or chilled","4","false","C00","TOTAL CPC","0","0","TOTAL MOT","8","kg","150894","true","-1","N/A",,"false","150894","true",,"false",,"37684","37684","6","false","false",
"C","A","20000101","2000","52","2000","792","TUR","Türkiye","X","Export","0","W00","World","0","W00","World","H1","HS","true","0705","Lettuce (lactuca sativa) and chicory (cichorium spp.) fresh or chilled","4","false","C00","TOTAL CPC","0","0","TOTAL MOT","8","kg","305227","false","8","kg","305227","false","305227","false","0","false","0","165864","165864","0","false","true",
"C","A","20000101","2000","52","2000","32","ARG","Argentina","X","Export","0","W00","World","0","W00","World","H1","HS","true","0706","Carrots, turnips, salad beetroot, salsify, celeriac, radishes and similar edible roots; fresh or chilled","4","false","C00","TOTAL CPC","0","0","TOTAL MOT","8","kg","5727034","true","-1","N/A",,"false","5727034","true",,"false",,"1203785","1203785","6","false","false",
"C","A","20000101","2000","52","2000","188","CRI","Costa Rica","X","Export","0","W00","World","0","W00","World","H1","HS","true","0706","Carrots, turnips, salad beetroot, salsify, celeriac, radishes and similar edible roots; fresh or chilled","4","false","C00","TOTAL CPC","0","0","TOTAL MOT","8","kg","3442922","false","-1","N/A",,"false","3442922","false",,"false",,"450680","450680","0","false","false",
"C","A","20000101","2000","52","2000","218","ECU","Ecuador","X","Export","0","W00","World","0","W00","World","H1","HS","true","0706","Carrots, turnips, salad beetroot, salsify, celeriac, radishes and similar edible roots; fresh or chilled","4","false","C00","TOTAL CPC","0","0","TOTAL MOT","8","kg","200000","false","-1","N/A",,"false","200000","false",,"false",,"15600","15600","0","false","false",
"C","A","20000101","2000","52","2000","320","GTM","Guatemala","X","Export","0","W00","World","0","W00","World","H1","HS","true","0706","Carrots, turnips, salad beetroot, salsify, celeriac, radishes and similar edible roots; fresh or chilled","4","false","C00","TOTAL CPC","0","0","TOTAL MOT","8","kg","21577706","false","-1","N/A",,"false","21577706","false",,"false",,"2631332","2631332","0","false","false",
"C","A","20000101","2000","52","2000","340","HND","Honduras","X","Export","0","W00","World","0","W00","World","H1","HS","true","0706","Carrots, turnips, salad beetroot, salsify, celeriac, radishes and similar edible roots; fresh or chilled","4","false","C00","TOTAL CPC","0","0","TOTAL MOT","8","kg","500","false","-1","N/A",,"false","500","false",,"false",,"1","1","0","false","false",
"C","A","20000101","2000","52","2000","360","IDN","Indonesia","X","Export","0","W00","World","0","W00","World","H1","HS","true","0706","Carrots, turnips, salad beetroot, salsify, celeriac, radishes and similar edible roots; fresh or chilled","4","false","C00","TOTAL CPC","0","0","TOTAL MOT","8","kg","613982","false","-1","N/A",,"false","613982","false",,"false",,"172572","172572","0","false","false",
"C","A","20000101","2000","52","2000","404","KEN","Kenya","X","Export","0","W00","World","0","W00","World","H1","HS","true","0706","Carrots, turnips, salad beetroot, salsify, celeriac, radishes and similar edible roots; fresh or chilled","4","false","C00","TOTAL CPC","0","0","TOTAL MOT","8","kg","15931","false","-1","N/A",,"false","15931","false",,"false",,"9471","9471","0","false","false",
"C","A","20000101","2000","52","2000","504","MAR","Morocco","X","Export","0","W00","World","0","W00","World","H1","HS","true","0706","Carrots, turnips, salad beetroot, salsify, celeriac, radishes and similar edible roots; fresh or chilled","4","false","C00","TOTAL CPC","0","0","TOTAL MOT","8","kg","5154076","false","8","kg","5154076","false","5154076","false","0","false","0","2522896.818","2522896.818","0","false","true",
"C","A","20000101","2000","52","2000","724","ESP","Spain","X","Export","0","W00","World","0","W00","World","H1","HS","true","0706","Carrots, turnips, salad beetroot, salsify, celeriac, radishes and similar edible roots; fresh or chilled","4","false","C00","TOTAL CPC","0","0","TOTAL MOT","8","kg","97156932","false","8","kg","97156932","false","97156932","false","0","false","0","35566982.047","35566982.047","0","false","true",
"C","A","20000101","2000","52","2000","764","THA","Thailand","X","Export","0","W00","World","0","W00","World","H1","HS","true","0706","Carrots, turnips, salad beetroot, salsify, celeriac, radishes and similar edible roots; fresh or chilled","4","false","C00","TOTAL CPC","0","0","TOTAL MOT","8","kg","56914","false","-1","N/A",,"false","56914","false",,"false",,"28604","28604","0","false","false",
"C","A","20000101","2000","52","2000","792","TUR","Türkiye","X","Export","0","W00","World","0","W00","World","H1","HS","true","0706","Carrots, turnips, salad beetroot, salsify, celeriac, radishes and similar edible roots; fresh or chilled","4","false","C00","TOTAL CPC","0","0","TOTAL MOT","8","kg","17852453","false","8","kg","17852453","false","17852453","false","0","false","0","3184288","3184288","0","false","true",
"C","A","20000101","2000","52","2000","32","ARG","Argentina","X","Export","0","W00","World","0","W00","World","H1","HS","true","0707","Cucumbers and gherkins; fresh or chilled","4","false","C00","TOTAL CPC","0","0","TOTAL MOT","8","kg","1422","false","-1","N/A",,"false","1422","false",,"false",,"632","632","0","false","false",
"C","A","20000101","2000","52","2000","188","CRI","Costa Rica","X","Export","0","W00","World","0","W00","World","H1","HS","true","0707","Cucumbers and gherkins; fresh or chilled","4","false","C00","TOTAL CPC","0","0","TOTAL MOT","8","kg","4079","false","-1","N/A",,"false","4079","false",,"false",,"2768","2768","0","false","false",
"C","A","20000101","2000","52","2000","218","ECU","Ecuador","X","Export","0","W00","World","0","W00","World","H1","HS","true","0707","Cucumbers and gherkins; fresh or chilled","4","false","C00","TOTAL CPC","0","0","TOTAL MOT","8","kg","138189","false","-1","N/A",,"false","138189","false",,"false",,"91808","91808","0","false","false",
"C","A","20000101","2000","52","2000","320","GTM","Guatemala","X","Export","0","W00","World","0","W00","World","H1","HS","true","0707","Cucumbers and gherkins; fresh or chilled","4","false","C00","TOTAL CPC","0","0","TOTAL MOT","8","kg","6970592","false","-1","N/A",,"false","6970592","false",,"false",,"1107662","1107662","0","false","false",
"C","A","20000101","2000","52","2000","340","HND","Honduras","X","Export","0","W00","World","0","W00","World","H1","HS","true","0707","Cucumbers and gherkins; fresh or chilled","4","false","C00","TOTAL CPC","0","0","TOTAL MOT","8","kg","10886204","false","-1","N/A",,"false","10886204","false",,"false",,"2651544","2651544","0","false","false",
"C","A","20000101","2000","52","2000","360","IDN","Indonesia","X","Export","0","W00","World","0","W00","World","H1","HS","true","0707","Cucumbers and gherkins; fresh or chilled","4","false","C00","TOTAL CPC","0","0","TOTAL MOT","8","kg","728882","false","-1","N/A",,"false","728882","false",,"false",,"345781","345781","0","false","false",
"C","A","20000101","2000","52","2000","404","KEN","Kenya","X","Export","0","W00","World","0","W00","World","H1","HS","true","0707","Cucumbers and gherkins; fresh or chilled","4","false","C00","TOTAL CPC","0","0","TOTAL MOT","8","kg","7259","false","-1","N/A",,"false","7259","false",,"false",,"4566","4566","0","false","false",
"C","A","20000101","2000","52","2000","504","MAR","Morocco","X","Export","0","W00","World","0","W00","World","H1","HS","true","0707","Cucumbers and gherkins; fresh or chilled","4","false","C00","TOTAL CPC","0","0","TOTAL MOT","8","kg","422232","false","8","kg","422232","false","422232","false","0","false","0","127303.211","127303.211","0","false","true",
"C","A","20000101","2000","52","2000","724","ESP","Spain","X","Export","0","W00","World","0","W00","World","H1","HS","true","0707","Cucumbers and gherkins; fresh or chilled","4","false","C00","TOTAL CPC","0","0","TOTAL MOT","8","kg","353200182.5","false","8","kg","353200182.5","false","353200182.5","false","0","false","0","223925287.845","223925287.845","0","false","true",
"C","A","20000101","2000","52","2000","764","THA","Thailand","X","Export","0","W00","World","0","W00","World","H1","HS","true","0707","Cucumbers and gherkins; fresh or chilled","4","false","C00","TOTAL CPC","0","0","TOTAL MOT","8","kg","2490","true","-1","N/A",,"false","2490","true",,"false",,"1185","1185","6","false","false",
"C","A","20000101","2000","52","2000","792","TUR","Türkiye","X","Export","0","W00","World","0","W00","World","H1","HS","true","0707","Cucumbers and gherkins; fresh or chilled","4","false","C00","TOTAL CPC","0","0","TOTAL MOT","8","kg","8072164","false","8","kg","8072164","false","8072164","false","0","false","0","3596587","3596587","0","false","true",
"C","A","20000101","2000","52","2000","32","ARG","Argentina","X","Export","0","W00","World","0","W00","World","H1","HS","true","0708","Leguminous vegetables; shelled or unshelled, fresh or chilled","4","false","C00","TOTAL CPC","0","0","TOTAL MOT","8","kg","132715","false","-1","N/A",,"false","132715","false",,"false",,"40885","40885","0","false","false",
"C","A","20000101","2000","52","2000","188","CRI","Costa Rica","X","Export","0","W00","World","0","W00","World","H1","HS","true","0708","Leguminous vegetables; shelled or unshelled, fresh or chilled","4","false","C00","TOTAL CPC","0","0","TOTAL MOT","8","kg","69702","false","-1","N/A",,"false","69702","false",,"false",,"91011","91011","0","false","false",
"C","A","20000101","2000","52","2000","218","ECU","Ecuador","X","Export","0","W00","World","0","W00","World","H1","HS","true","0708","Leguminous vegetables; shelled or unshelled, fresh or chilled","4","false","C00","TOTAL CPC","0","0","TOTAL MOT","8","kg","353255","false","-1","N/A",,"false","353255","false",,"false",,"92674","92674","0","false","false",
"C","A","20000101","2000","52","2000","320","GTM","Guatemala","X","Export","0","W00","World","0","W00","World","H1","HS","true","0708","Leguminous vegetables; shelled or unshelled, fresh or chilled","4","false","C00","TOTAL CPC","0","0","TOTAL MOT","8","kg","21829855","false","-1","N/A",,"false","21829855","false",,"false",,"12209566","12209566","0","false","false",
"C","A","20000101","2000","52","2000","340","HND","Honduras","X","Export","0","W00","World","0","W00","World","H1","HS","true","0708","Leguminous vegetables; shelled or unshelled, fresh or chilled","4","false","C00","TOTAL CPC","0","0","TOTAL MOT","8","kg","4835339","false","-1","N/A",,"false","4835339","false",,"false",,"3491390","3491390","0","false","false",
"C","A","20000101","2000","52","2000","360","IDN","Indonesia","X","Export","0","W00","World","0","W00","World","H1","HS","true","0708","Leguminous vegetables; shelled or unshelled, fresh or chilled","4","false","C00","TOTAL CPC","0","0","TOTAL MOT","8","kg","337911","false","-1","N/A",,"false","337911","false",,"false",,"376797","376797","0","false","false",
"C","A","20000101","2000","52","2000","404","KEN","Kenya","X","Export","0","W00","World","0","W00","World","H1","HS","true","0708","Leguminous vegetables; shelled or unshelled, fresh or chilled","4","false","C00","TOTAL CPC","0","0","TOTAL MOT","8","kg","17854810","false","-1","N/A",,"false","17854810","false",,"false",,"37791917","37791917","0","false","false",
"C","A","20000101","2000","52","2000","504","MAR","Morocco","X","Export","0","W00","World","0","W00","World","H1","HS","true","0708","Leguminous vegetables; shelled or unshelled, fresh or chilled","4","false","C00","TOTAL CPC","0","0","TOTAL MOT","8","kg","22463782","false","8","kg","22463782","false","22463782","false","0","false","0","17803485.253","17803485.253","0","false","true",
"C","A","20000101","2000","52","2000","724","ESP","Spain","X","Export","0","W00","World","0","W00","World","H1","HS","true","0708","Leguminous vegetables; shelled or unshelled, fresh or chilled","4","false","C00","TOTAL CPC","0","0","TOTAL MOT","8","kg","40365103.3","false","8","kg","40365103.3","false","40365103.3","false","0","false","0","55259048.704","55259048.704","0","false","true",
"C","A","20000101","2000","52","2000","764","THA","Thailand","X","Export","0","W00","World","0","W00","World","H1","HS","true","0708","Leguminous vegetables; shelled or unshelled, fresh or chilled","4","false","C00","TOTAL CPC","0","0","TOTAL MOT","8","kg","224753","false","-1","N/A",,"false","224753","false",,"false",,"438050","438050","0","false","false",
"C","A","20000101","2000","52","2000","792","TUR","Türkiye","X","Export","0","W00","World","0","W00","World","H1","HS","true","0708","Leguminous vegetables; shelled or unshelled, fresh or chilled","4","false","C00","TOTAL CPC","0","0","TOTAL MOT","8","kg","1199657","false","8","kg","1199657","false","1199657","false","0","false","0","778232","778232","0","false","true",
"C","A","20000101","2000","52","2000","32","ARG","Argentina","X","Export","0","W00","World","0","W00","World","H1","HS","true","0709","Vegetables, n.e.s. in chapter 07; fresh or chilled","4","false","C00","TOTAL CPC","0","0","TOTAL MOT","8","kg","1514977","false","-1","N/A",,"false","1514977","false",,"false",,"1656020","1656020","0","false","false",
"C","A","20000101","2000","52","2000","68","BOL","Bolivia (Plurinational State of)","X","Export","0","W00","World","0","W00","World","H1","HS","true","0709","Vegetables, n.e.s. in chapter 07; fresh or chilled","4","false","C00","TOTAL CPC","0","0","TOTAL MOT","8","kg","37568","false","8","kg","37568","false","37568","false","37775","false","0","3535","3535","0","false","true",
"C","A","20000101","2000","52","2000","188","CRI","Costa Rica","X","Export","0","W00","World","0","W00","World","H1","HS","true","0709","Vegetables, n.e.s. in chapter 07; fresh or chilled","4","false","C00","TOTAL CPC","0","0","TOTAL MOT","8","kg","28823284","false","-1","N/A",,"false","28823284","false",,"false",,"11150532","11150532","0","false","false",
"C","A","20000101","2000","52","2000","218","ECU","Ecuador","X","Export","0","W00","World","0","W00","World","H1","HS","true","0709","Vegetables, n.e.s. in chapter 07; fresh or chilled","4","false","C00","TOTAL CPC","0","0","TOTAL MOT","8","kg","1076807","false","-1","N/A",,"false","1076807","false",,"false",,"400116","400116","0","false","false",
"C","A","20000101","2000","52","2000","320","GTM","Guatemala","X","Export","0","W00","World","0","W00","World","H1","HS","true","0709","Vegetables, n.e.s. in chapter 07; fresh or chilled","4","false","C00","TOTAL CPC","0","0","TOTAL MOT","8","kg","30868106","false","-1","N/A",,"false","30868106","false",,"false",,"6170425","6170425","0","false","false",
"C","A","20000101","2000","52","2000","340","HND","Honduras","X","Export","0","W00","World","0","W00","World","H1","HS","true","0709","Vegetables, n.e.s. in chapter 07; fresh or chilled","4","false","C00","TOTAL CPC","0","0","TOTAL MOT","8","kg","11363113","false","-1","N/A",,"false","11363113","false",,"false",,"4219667","4219667","0","false","false",
"C","A","20000101","2000","52","2000","360","IDN","Indonesia","X","Export","0","W00","World","0","W00","World","H1","HS","true","0709","Vegetables, n.e.s. in chapter 07; fresh or chilled","4","false","C00","TOTAL CPC","0","0","TOTAL MOT","8","kg","8436770","false","-1","N/A",,"false","8436770","false",,"false",,"8260180","8260180","0","false","false",
"C","A","20000101","2000","52","2000","404","KEN","Kenya","X","Export","0","W00","World","0","W00","World","H1","HS","true","0709","Vegetables, n.e.s. in chapter 07; fresh or chilled","4","false","C00","TOTAL CPC","0","0","TOTAL MOT","8","kg","25223781","false","-1","N/A",,"false","25223781","false",,"false",,"63698769","63698769","0","false","false",
"C","A","20000101","2000","52","2000","504","MAR","Morocco","X","Export","0","W00","World","0","W00","World","H1","HS","true","0709","Vegetables, n.e.s. in chapter 07; fresh or chilled","4","false","C00","TOTAL CPC","0","0","TOTAL MOT","8","kg","18303264","false","8","kg","18303264","false","18303264","false","0","false","0","12576373.393","12576373.393","0","false","true",
"C","A","20000101","2000","52","2000","724","ESP","Spain","X","Export","0","W00","World","0","W00","World","H1","HS","true","0709","Vegetables, n.e.s. in chapter 07; fresh or chilled","4","false","C00","TOTAL CPC","0","0","TOTAL MOT","8","kg","749189977.78","true","-1","N/A","0","false","749189977.78","true","0","false","0","706854249.132","706854249.132","6","false","true",
"C","A","20000101","2000","52","2000","764","THA","Thailand","X","Export","0","W00","World","0","W00","World","H1","HS","true","0709","Vegetables, n.e.s. in chapter 07; fresh or chilled","4","false","C00","TOTAL CPC","0","0","TOTAL MOT","8","kg","46057327","true","-1","N/A",,"false","46057327","true",,"false",,"34490534","34490534","6","false","false",
"C","A","20000101","2000","52","2000","792","TUR","Türkiye","X","Export","0","W00","World","0","W00","World","H1","HS","true","0709","Vegetables, n.e.s. in chapter 07; fresh or chilled","4","false","C00","TOTAL CPC","0","0","TOTAL MOT","8","kg","40553648","false","8","kg","40553648","false","40553648","false","0","false","0","27911319","27911319","0","false","true",
"C","A","20000101","2000","52","2000","32","ARG","Argentina","X","Export","0","W00","World","0","W00","World","H1","HS","true","0712","Vegetables, dried; whole, cut, sliced, broken or in powder, but not further prepared","4","false","C00","TOTAL CPC","0","0","TOTAL MOT","8","kg","2192905","false","-1","N/A",,"false","2192905","false",,"false",,"6880393","6880393","0","false","false",
"C","A","20000101","2000","52","2000","68","BOL","Bolivia (Plurinational State of)","X","Export","0","W00","World","0","W00","World","H1","HS","true","0712","Vegetables, dried; whole, cut, sliced, broken or in powder, but not further prepared","4","false","C00","TOTAL CPC","0","0","TOTAL MOT","8","kg","128633","false","8","kg","128633","false","128633","false","129427","false","0","26389","26389","0","false","true",
"C","A","20000101","2000","52","2000","188","CRI","Costa Rica","X","Export","0","W00","World","0","W00","World","H1","HS","true","0712","Vegetables, dried; whole, cut, sliced, broken or in powder, but not further prepared","4","false","C00","TOTAL CPC","0","0","TOTAL MOT","8","kg","138498","false","-1","N/A",,"false","138498","false",,"false",,"367321","367321","0","false","false",
"C","A","20000101","2000","52","2000","218","ECU","Ecuador","X","Export","0","W00","World","0","W00","World","H1","HS","true","0712","Vegetables, dried; whole, cut, sliced, broken or in powder, but not further prepared","4","false","C00","TOTAL CPC","0","0","TOTAL MOT","8","kg","830198","false","-1","N/A",,"false","830198","false",,"false",,"160445","160445","0","false","false",
"C","A","20000101","2000","52","2000","320","GTM","Guatemala","X","Export","0","W00","World","0","W00","World","H1","HS","true","0712","Vegetables, dried; whole, cut, sliced, broken or in powder, but not further prepared","4","false","C00","TOTAL CPC","0","0","TOTAL MOT","8","kg","969096","false","-1","N/A",,"false","969096","false",,"false",,"335224","335224","0","false","false",
"C","A","20000101","2000","52","2000","340","HND","Honduras","X","Export","0","W00","World","0","W00","World","H1","HS","true","0712","Vegetables, dried; whole, cut, sliced, broken or in powder, but not further prepared","4","false","C00","TOTAL CPC","0","0","TOTAL MOT","8","kg","156","false","-1","N/A",,"false","156","false",,"false",,"1034","1034","0","false","false",
"C","A","20000101","2000","52","2000","360","IDN","Indonesia","X","Export","0","W00","World","0","W00","World","H1","HS","true","0712","Vegetables, dried; whole, cut, sliced, broken or in powder, but not further prepared","4","false","C00","TOTAL CPC","0","0","TOTAL MOT","8","kg","1078946","false","-1","N/A",,"false","1078946","false",,"false",,"779962","779962","0","false","false",
"C","A","20000101","2000","52","2000","404","KEN","Kenya","X","Export","0","W00","World","0","W00","World","H1","HS","true","0712","Vegetables, dried; whole, cut, sliced, broken or in powder, but not further prepared","4","false","C00","TOTAL CPC","0","0","TOTAL MOT","8","kg","5923","false","-1","N/A",,"false","5923","false",,"false",,"10506","10506","0","false","false",
"C","A","20000101","2000","52","2000","504","MAR","Morocco","X","Export","0","W00","World","0","W00","World","H1","HS","true","0712","Vegetables, dried; whole, cut, sliced, broken or in powder, but not further prepared","4","false","C00","TOTAL CPC","0","0","TOTAL MOT","8","kg","1359264","false","8","kg","1359264","false","1359264","false","0","false","0","4512423.064","4512423.064","0","false","true",
"C","A","20000101","2000","52","2000","724","ESP","Spain","X","Export","0","W00","World","0","W00","World","H1","HS","true","0712","Vegetables, dried; whole, cut, sliced, broken or in powder, but not further prepared","4","false","C00","TOTAL CPC","0","0","TOTAL MOT","8","kg","9249105.64","false","8","kg","9249105.64","false","9249105.64","false","0","false","0","10538458.257","10538458.257","0","false","true",
"C","A","20000101","2000","52","2000","764","THA","Thailand","X","Export","0","W00","World","0","W00","World","H1","HS","true","0712","Vegetables, dried; whole, cut, sliced, broken or in powder, but not further prepared","4","false","C00","TOTAL CPC","0","0","TOTAL MOT","8","kg","1446136","true","-1","N/A",,"false","1446136","true",,"false",,"3031165","3031165","6","false","false",
"C","A","20000101","2000","52","2000","792","TUR","Türkiye","X","Export","0","W00","World","0","W00","World","H1","HS","true","0712","Vegetables, dried; whole, cut, sliced, broken or in powder, but not further prepared","4","false","C00","TOTAL CPC","0","0","TOTAL MOT","8","kg","4633356","false","8","kg","4633356","false","4633356","false","0","false","0","15833076","15833076","0","false","true",
