typeCode,freqCode,refPeriodId,refYear,refMonth,period,reporterCode,reporterISO,reporterDesc,flowCode,flowDesc,partnerCode,partnerISO,partnerDesc,partner2Code,partner2ISO,partner2Desc,classificationCode,classificationSearchCode,isOriginalClassification,cmdCode,cmdDesc,aggrLevel,isLeaf,customsCode,customsDesc,mosCode,motCode,motDesc,qtyUnitCode,qtyUnitAbbr,qty,isQtyEstimated,altQtyUnitCode,altQtyUnitAbbr,altQty,isAltQtyEstimated,netWgt,isNetWgtEstimated,grossWgt,isGrossWgtEstimated,cifvalue,fobvalue,primaryValue,legacyEstimationFlag,isReported,isAggregate
"C","A","19900101","1990","52","1990","76","BRA","Brazil","X","Export","0","W00","World","0","W00","World","H0","HS","true","0701","Potatoes; fresh or chilled","4","false","C00","TOTAL CPC","0","0","TOTAL MOT","8","kg","13010","false","-1","N/A",,"true","13010","false",,"false",,"12997","12997","0","false","false",
"C","A","19900101","1990","52","1990","76","BRA","Brazil","X","Export","0","W00","World","0","W00","World","H0","HS","true","0702","Tomatoes; fresh or chilled","4","false","C00","TOTAL CPC","0","0","TOTAL MOT","8","kg","249148","false","-1","N/A",,"true","249148","false",,"false",,"98507","98507","0","false","false",
"C","A","19900101","1990","52","1990","76","BRA","Brazil","X","Export","0","W00","World","0","W00","World","H0","HS","true","0703","Onions, shallots, garlic, leeks and other alliaceous vegetables; fresh or chilled","4","false","C00","TOTAL CPC","0","0","TOTAL MOT","8","kg","1394687","false","-1","N/A",,"true","1394687","false",,"false",,"1003107","1003107","0","false","false",
"C","A","19900101","1990","52","1990","76","BRA","Brazil","X","Export","0","W00","World","0","W00","World","H0","HS","true","0706","Carrots, turnips, salad beetroot, salsify, celeriac, radishes and similar edible roots; fresh or chilled","4","false","C00","TOTAL CPC","0","0","TOTAL MOT","8","kg","5750","false","-1","N/A",,"true","5750","false",,"false",,"1200","1200","0","false","false",
"C","A","19900101","1990","52","1990","76","BRA","Brazil","X","Export","0","W00","World","0","W00","World","H0","HS","true","0709","Vegetables, n.e.s. in chapter 07; fresh or chilled","4","false","C00","TOTAL CPC","0","0","TOTAL MOT","8","kg","1065422","false","-1","N/A",,"true","1065422","false",,"false",,"330282","330282","0","false","false",
"C","A","19900101","1990","52","1990","76","BRA","Brazil","X","Export","0","W00","World","0","W00","World","H0","HS","true","0712","Vegetables, dried; whole, cut, sliced, broken or in powder, but not further prepared","4","false","C00","TOTAL CPC","0","0","TOTAL MOT","8","kg","73436","false","-1","N/A",,"true","73436","false",,"false",,"432765","432765","0","false","false",
"C","A","19900101","1990","52","1990","152","CHL","Chile","X","Export","0","W00","World","0","W00","World","H0","HS","true","0701","Potatoes; fresh or chilled","4","false","C00","TOTAL CPC","0","0","TOTAL MOT","8","kg","0","false","-1","N/A",,"true",,"false",,"false",,"354901","354901","0","false","false",
"C","A","19900101","1990","52","1990","152","CHL","Chile","X","Export","0","W00","World","0","W00","World","H0","HS","true","0702","Tomatoes; fresh or chilled","4","false","C00","TOTAL CPC","0","0","TOTAL MOT","8","kg","0","false","-1","N/A",,"true",,"false",,"false",,"1224227","1224227","0","false","false",
"C","A","19900101","1990","52","1990","152","CHL","Chile","X","Export","0","W00","World","0","W00","World","H0","HS","true","0703","Onions, shallots, garlic, leeks and other alliaceous vegetables; fresh or chilled","4","false","C00","TOTAL CPC","0","0","TOTAL MOT","8","kg","0","false","-1","N/A",,"true",,"false",,"false",,"16847200","16847200","0","false","false",
"C","A","19900101","1990","52","1990","152","CHL","Chile","X","Export","0","W00","World","0","W00","World","H0","HS","true","0704","Cabbages, cauliflowers, kohlrabi, kale and similar edible brassicas; fresh or chilled","4","false","C00","TOTAL CPC","0","0","TOTAL MOT","8","kg","0","false","-1","N/A",,"true",,"false",,"false",,"22315","22315","0","false","false",
"C","A","19900101","1990","52","1990","152","CHL","Chile","X","Export","0","W00","World","0","W00","World","H0","HS","true","0705","Lettuce (lactuca sativa) and chicory (cichorium spp.) fresh or chilled","4","false","C00","TOTAL CPC","0","0","TOTAL MOT","8","kg","0","false","-1","N/A",,"true",,"false",,"false",,"15883","15883","0","false","false",
"C","A","19900101","1990","52","1990","152","CHL","Chile","X","Export","0","W00","World","0","W00","World","H0","HS","true","0706","Carrots, turnips, salad beetroot, salsify, celeriac, radishes and similar edible roots; fresh or chilled","4","false","C00","TOTAL CPC","0","0","TOTAL MOT","8","kg","0","false","-1","N/A",,"true",,"false",,"false",,"64179","64179","0","false","false",
"C","A","19900101","1990","52","1990","152","CHL","Chile","X","Export","0","W00","World","0","W00","World","H0","HS","true","0707","Cucumbers and gherkins; fresh or chilled","4","false","C00","TOTAL CPC","0","0","TOTAL MOT","8","kg","0","false","-1","N/A",,"true",,"false",,"false",,"15958","15958","0","false","false",
"C","A","19900101","1990","52","1990","152","CHL","Chile","X","Export","0","W00","World","0","W00","World","H0","HS","true","0709","Vegetables, n.e.s. in chapter 07; fresh or chilled","4","false","C00","TOTAL CPC","0","0","TOTAL MOT","8","kg","0","false","-1","N/A",,"true",,"false",,"false",,"6002623","6002623","0","false","false",
"C","A","19900101","1990","52","1990","152","CHL","Chile","X","Export","0","W00","World","0","W00","World","H0","HS","true","0712","Vegetables, dried; whole, cut, sliced, broken or in powder, but not further prepared","4","false","C00","TOTAL CPC","0","0","TOTAL MOT","8","kg","0","false","-1","N/A",,"true",,"false",,"false",,"10127557","10127557","0","false","false",
"C","A","19910101","1991","52","1991","76","BRA","Brazil","X","Export","0","W00","World","0","W00","World","H0","HS","true","0701","Potatoes; fresh or chilled","4","false","C00","TOTAL CPC","0","0","TOTAL MOT","8","kg","80144","false","-1","N/A",,"false","80144","false",,"false",,"35310","35310","0","true","false",
"C","A","19910101","1991","52","1991","76","BRA","Brazil","X","Export","0","W00","World","0","W00","World","H0","HS","true","0702","Tomatoes; fresh or chilled","4","false","C00","TOTAL CPC","0","0","TOTAL MOT","8","kg","8524647","false","-1","N/A",,"false","8524647","false",,"false",,"2500234","2500234","0","true","false",
"C","A","19910101","1991","52","1991","76","BRA","Brazil","X","Export","0","W00","World","0","W00","World","H0","HS","true","0703","Onions, shallots, garlic, leeks and other alliaceous vegetables; fresh or chilled","4","false","C00","TOTAL CPC","0","0","TOTAL MOT","8","kg","466150","false","-1","N/A",,"false","466150","false",,"false",,"245321","245321","0","true","false",
"C","A","19910101","1991","52","1991","76","BRA","Brazil","X","Export","0","W00","World","0","W00","World","H0","HS","true","0705","Lettuce (lactuca sativa) and chicory (cichorium spp.) fresh or chilled","4","false","C00","TOTAL CPC","0","0","TOTAL MOT","8","kg","72000","false","-1","N/A",,"false","72000","false",,"false",,"8639","8639","0","true","false",
"C","A","19910101","1991","52","1991","76","BRA","Brazil","X","Export","0","W00","World","0","W00","World","H0","HS","true","0708","Leguminous vegetables; shelled or unshelled, fresh or chilled","4","false","C00","TOTAL CPC","0","0","TOTAL MOT","8","kg","46757","false","-1","N/A",,"false","46757","false",,"false",,"23716","23716","0","true","false",
"C","A","19910101","1991","52","1991","76","BRA","Brazil","X","Export","0","W00","World","0","W00","World","H0","HS","true","0709","Vegetables, n.e.s. in chapter 07; fresh or chilled","4","false","C00","TOTAL CPC","0","0","TOTAL MOT","8","kg","2083709","false","-1","N/A",,"false","2083709","false",,"false",,"511772","511772","0","true","false",
"C","A","19910101","1991","52","1991","76","BRA","Brazil","X","Export","0","W00","World","0","W00","World","H0","HS","true","0712","Vegetables, dried; whole, cut, sliced, broken or in powder, but not further prepared","4","false","C00","TOTAL CPC","0","0","TOTAL MOT","8","kg","30369","false","-1","N/A",,"false","30369","false",,"false",,"411829","411829","0","true","false",
"C","A","19910101","1991","52","1991","152","CHL","Chile","X","Export","0","W00","World","0","W00","World","H0","HS","true","0701","Potatoes; fresh or chilled","4","false","C00","TOTAL CPC","0","0","TOTAL MOT","8","kg","614185","false","-1","N/A",,"false","614185","false",,"false",,"257691","257691","0","true","false",
"C","A","19910101","1991","52","1991","170","COL","Colombia","X","Export","0","W00","World","0","W00","World","H0","HS","true","0701","Potatoes; fresh or chilled","4","false","C00","TOTAL CPC","0","0","TOTAL MOT","8","kg","31704458","false","-1","N/A",,"false","31704458","false",,"false",,"5457631","5457631","0","true","false",
"C","A","19910101","1991","52","1991","152","CHL","Chile","X","Export","0","W00","World","0","W00","World","H0","HS","true","0702","Tomatoes; fresh or chilled","4","false","C00","TOTAL CPC","0","0","TOTAL MOT","8","kg","1758536","false","-1","N/A",,"false","1758536","false",,"false",,"849847","849847","0","true","false",
"C","A","19910101","1991","52","1991","170","COL","Colombia","X","Export","0","W00","World","0","W00","World","H0","HS","true","0702","Tomatoes; fresh or chilled","4","false","C00","TOTAL CPC","0","0","TOTAL MOT","8","kg","1260914","false","-1","N/A",,"false","1260914","false",,"false",,"426773","426773","0","true","false",
"C","A","19910101","1991","52","1991","152","CHL","Chile","X","Export","0","W00","World","0","W00","World","H0","HS","true","0703","Onions, shallots, garlic, leeks and other alliaceous vegetables; fresh or chilled","4","false","C00","TOTAL CPC","0","0","TOTAL MOT","8","kg","79944616","false","-1","N/A",,"false","79944616","false",,"false",,"22554524","22554524","0","true","false",
"C","A","19910101","1991","52","1991","170","COL","Colombia","X","Export","0","W00","World","0","W00","World","H0","HS","true","0703","Onions, shallots, garlic, leeks and other alliaceous vegetables; fresh or chilled","4","false","C00","TOTAL CPC","0","0","TOTAL MOT","8","kg","2328488","false","-1","N/A",,"false","2328488","false",,"false",,"1888870","1888870","0","true","false",
"C","A","19910101","1991","52","1991","152","CHL","Chile","X","Export","0","W00","World","0","W00","World","H0","HS","true","0704","Cabbages, cauliflowers, kohlrabi, kale and similar edible brassicas; fresh or chilled","4","false","C00","TOTAL CPC","0","0","TOTAL MOT","8","kg","119803","false","-1","N/A",,"false","119803","false",,"false",,"36475","36475","0","true","false",
"C","A","19910101","1991","52","1991","170","COL","Colombia","X","Export","0","W00","World","0","W00","World","H0","HS","true","0704","Cabbages, cauliflowers, kohlrabi, kale and similar edible brassicas; fresh or chilled","4","false","C00","TOTAL CPC","0","0","TOTAL MOT","8","kg","51238","false","-1","N/A",,"false","51238","false",,"false",,"20403","20403","0","true","false",
"C","A","19910101","1991","52","1991","152","CHL","Chile","X","Export","0","W00","World","0","W00","World","H0","HS","true","0705","Lettuce (lactuca sativa) and chicory (cichorium spp.) fresh or chilled","4","false","C00","TOTAL CPC","0","0","TOTAL MOT","8","kg","8330","false","-1","N/A",,"false","8330","false",,"false",,"26690","26690","0","true","false",
"C","A","19910101","1991","52","1991","152","CHL","Chile","X","Export","0","W00","World","0","W00","World","H0","HS","true","0706","Carrots, turnips, salad beetroot, salsify, celeriac, radishes and similar edible roots; fresh or chilled","4","false","C00","TOTAL CPC","0","0","TOTAL MOT","8","kg","334057","false","-1","N/A",,"false","334057","false",,"false",,"53345","53345","0","true","false",
"C","A","19910101","1991","52","1991","170","COL","Colombia","X","Export","0","W00","World","0","W00","World","H0","HS","true","0706","Carrots, turnips, salad beetroot, salsify, celeriac, radishes and similar edible roots; fresh or chilled","4","false","C00","TOTAL CPC","0","0","TOTAL MOT","8","kg","766449","false","-1","N/A",,"false","766449","false",,"false",,"144490","144490","0","true","false",
"C","A","19910101","1991","52","1991","152","CHL","Chile","X","Export","0","W00","World","0","W00","World","H0","HS","true","0707","Cucumbers and gherkins; fresh or chilled","4","false","C00","TOTAL CPC","0","0","TOTAL MOT","8","kg","44740","false","-1","N/A",,"false","44740","false",,"false",,"19998","19998","0","true","false",
"C","A","19910101","1991","52","1991","170","COL","Colombia","X","Export","0","W00","World","0","W00","World","H0","HS","true","0707","Cucumbers and gherkins; fresh or chilled","4","false","C00","TOTAL CPC","0","0","TOTAL MOT","8","kg","6385","false","-1","N/A",,"false","6385","false",,"false",,"12090","12090","0","true","false",
"C","A","19910101","1991","52","1991","152","CHL","Chile","X","Export","0","W00","World","0","W00","World","H0","HS","true","0708","Leguminous vegetables; shelled or unshelled, fresh or chilled","4","false","C00","TOTAL CPC","0","0","TOTAL MOT","8","kg","489","false","-1","N/A",,"false","489","false",,"false",,"736","736","0","true","false",
"C","A","19910101","1991","52","1991","170","COL","Colombia","X","Export","0","W00","World","0","W00","World","H0","HS","true","0708","Leguminous vegetables; shelled or unshelled, fresh or chilled","4","false","C00","TOTAL CPC","0","0","TOTAL MOT","8","kg","171074","false","-1","N/A",,"false","171074","false",,"false",,"171526","171526","0","true","false",
"C","A","19910101","1991","52","1991","152","CHL","Chile","X","Export","0","W00","World","0","W00","World","H0","HS","true","0709","Vegetables, n.e.s. in chapter 07; fresh or chilled","4","false","C00","TOTAL CPC","0","0","TOTAL MOT","8","kg","5774024","false","-1","N/A",,"false","5774024","false",,"false",,"5902003","5902003","0","true","false",
"C","A","19910101","1991","52","1991","170","COL","Colombia","X","Export","0","W00","World","0","W00","World","H0","HS","true","0709","Vegetables, n.e.s. in chapter 07; fresh or chilled","4","false","C00","TOTAL CPC","0","0","TOTAL MOT","8","kg","291381","false","-1","N/A",,"false","291381","false",,"false",,"503476","503476","0","true","false",
"C","A","19910101","1991","52","1991","152","CHL","Chile","X","Export","0","W00","World","0","W00","World","H0","HS","true","0712","Vegetables, dried; whole, cut, sliced, broken or in powder, but not further prepared","4","false","C00","TOTAL CPC","0","0","TOTAL MOT","8","kg","3074921","false","-1","N/A",,"false","3074921","false",,"false",,"13508334","13508334","0","true","false",
"C","A","19910101","1991","52","1991","170","COL","Colombia","X","Export","0","W00","World","0","W00","World","H0","HS","true","0712","Vegetables, dried; whole, cut, sliced, broken or in powder, but not further prepared","4","false","C00","TOTAL CPC","0","0","TOTAL MOT","8","kg","323742","false","-1","N/A",,"false","323742","false",,"false",,"675859","675859","0","true","false",
"C","A","19920101","1992","52","1992","76","BRA","Brazil","X","Export","0","W00","World","0","W00","World","H0","HS","true","0701","Potatoes; fresh or chilled","4","false","C00","TOTAL CPC","0","0","TOTAL MOT","8","kg","119238","false","-1","N/A",,"false","119238","false",,"false",,"29795","29795","0","true","false",
"C","A","19920101","1992","52","1992","76","BRA","Brazil","X","Export","0","W00","World","0","W00","World","H0","HS","true","0702","Tomatoes; fresh or chilled","4","false","C00","TOTAL CPC","0","0","TOTAL MOT","8","kg","13780957","false","-1","N/A",,"false","13780957","false",,"false",,"3752111","3752111","0","true","false",
"C","A","19920101","1992","52","1992","76","BRA","Brazil","X","Export","0","W00","World","0","W00","World","H0","HS","true","0703","Onions, shallots, garlic, leeks and other alliaceous vegetables; fresh or chilled","4","false","C00","TOTAL CPC","0","0","TOTAL MOT","8","kg","658073","false","-1","N/A",,"false","658073","false",,"false",,"166777","166777","0","true","false",
"C","A","19920101","1992","52","1992","76","BRA","Brazil","X","Export","0","W00","World","0","W00","World","H0","HS","true","0706","Carrots, turnips, salad beetroot, salsify, celeriac, radishes and similar edible roots; fresh or chilled","4","false","C00","TOTAL CPC","0","0","TOTAL MOT","8","kg","39398","false","-1","N/A",,"false","39398","false",,"false",,"9850","9850","0","true","false",
"C","A","19920101","1992","52","1992","76","BRA","Brazil","X","Export","0","W00","World","0","W00","World","H0","HS","true","0707","Cucumbers and gherkins; fresh or chilled","4","false","C00","TOTAL CPC","0","0","TOTAL MOT","8","kg","140539","false","-1","N/A",,"false","140539","false",,"false",,"43967","43967","0","true","false",
"C","A","19920101","1992","52","1992","76","BRA","Brazil","X","Export","0","W00","World","0","W00","World","H0","HS","true","0708","Leguminous vegetables; shelled or unshelled, fresh or chilled","4","false","C00","TOTAL CPC","0","0","TOTAL MOT","8","kg","54502","false","-1","N/A",,"false","54502","false",,"false",,"21167","21167","0","true","false",
"C","A","19920101","1992","52","1992","76","BRA","Brazil","X","Export","0","W00","World","0","W00","World","H0","HS","true","0709","Vegetables, n.e.s. in chapter 07; fresh or chilled","4","false","C00","TOTAL CPC","0","0","TOTAL MOT","8","kg","5080416","false","-1","N/A",,"false","5080416","false",,"false",,"1037026","1037026","0","true","false",
"C","A","19920101","1992","52","1992","76","BRA","Brazil","X","Export","0","W00","World","0","W00","World","H0","HS","true","0712","Vegetables, dried; whole, cut, sliced, broken or in powder, but not further prepared","4","false","C00","TOTAL CPC","0","0","TOTAL MOT","8","kg","216612","false","-1","N/A",,"false","216612","false",,"false",,"481192","481192","0","true","false",
"C","A","19920101","1992","52","1992","152","CHL","Chile","X","Export","0","W00","World","0","W00","World","H0","HS","true","0701","Potatoes; fresh or chilled","4","false","C00","TOTAL CPC","0","0","TOTAL MOT","8","kg","288776","false","-1","N/A",,"false","288776","false",,"false",,"127954","127954","0","true","false",
"C","A","19920101","1992","52","1992","170","COL","Colombia","X","Export","0","W00","World","0","W00","World","H0","HS","true","0701","Potatoes; fresh or chilled","4","false","C00","TOTAL CPC","0","0","TOTAL MOT","8","kg","49790296","false","-1","N/A",,"false","49790296","false",,"false",,"12071464","12071464","0","true","false",
"C","A","19920101","1992","52","1992","152","CHL","Chile","X","Export","0","W00","World","0","W00","World","H0","HS","true","0702","Tomatoes; fresh or chilled","4","false","C00","TOTAL CPC","0","0","TOTAL MOT","8","kg","1586450","false","-1","N/A",,"false","1586450","false",,"false",,"706581","706581","0","true","false",
"C","A","19920101","1992","52","1992","170","COL","Colombia","X","Export","0","W00","World","0","W00","World","H0","HS","true","0702","Tomatoes; fresh or chilled","4","false","C00","TOTAL CPC","0","0","TOTAL MOT","8","kg","2729986","false","-1","N/A",,"false","2729986","false",,"false",,"1102282","1102282","0","true","false",
"C","A","19920101","1992","52","1992","152","CHL","Chile","X","Export","0","W00","World","0","W00","World","H0","HS","true","0703","Onions, shallots, garlic, leeks and other alliaceous vegetables; fresh or chilled","4","false","C00","TOTAL CPC","0","0","TOTAL MOT","8","kg","23252716","false","-1","N/A",,"false","23252716","false",,"false",,"9955677","9955677","0","true","false",
"C","A","19920101","1992","52","1992","170","COL","Colombia","X","Export","0","W00","World","0","W00","World","H0","HS","true","0703","Onions, shallots, garlic, leeks and other alliaceous vegetables; fresh or chilled","4","false","C00","TOTAL CPC","0","0","TOTAL MOT","8","kg","6986140","false","-1","N/A",,"false","6986140","false",,"false",,"5975986","5975986","0","true","false",
"C","A","19920101","1992","52","1992","152","CHL","Chile","X","Export","0","W00","World","0","W00","World","H0","HS","true","0704","Cabbages, cauliflowers, kohlrabi, kale and similar edible brassicas; fresh or chilled","4","false","C00","TOTAL CPC","0","0","TOTAL MOT","8","kg","45944","false","-1","N/A",,"false","45944","false",,"false",,"18448","18448","0","true","false",
"C","A","19920101","1992","52","1992","170","COL","Colombia","X","Export","0","W00","World","0","W00","World","H0","HS","true","0704","Cabbages, cauliflowers, kohlrabi, kale and similar edible brassicas; fresh or chilled","4","false","C00","TOTAL CPC","0","0","TOTAL MOT","8","kg","297237","false","-1","N/A",,"false","297237","false",,"false",,"211120","211120","0","true","false",
"C","A","19920101","1992","52","1992","152","CHL","Chile","X","Export","0","W00","World","0","W00","World","H0","HS","true","0705","Lettuce (lactuca sativa) and chicory (cichorium spp.) fresh or chilled","4","false","C00","TOTAL CPC","0","0","TOTAL MOT","8","kg","840130","false","-1","N/A",,"false","840130","false",,"false",,"2545069","2545069","0","true","false",
"C","A","19920101","1992","52","1992","170","COL","Colombia","X","Export","0","W00","World","0","W00","World","H0","HS","true","0705","Lettuce (lactuca sativa) and chicory (cichorium spp.) fresh or chilled","4","false","C00","TOTAL CPC","0","0","TOTAL MOT","8","kg","6281","false","-1","N/A",,"false","6281","false",,"false",,"4042","4042","0","true","false",
"C","A","19920101","1992","52","1992","152","CHL","Chile","X","Export","0","W00","World","0","W00","World","H0","HS","true","0706","Carrots, turnips, salad beetroot, salsify, celeriac, radishes and similar edible roots; fresh or chilled","4","false","C00","TOTAL CPC","0","0","TOTAL MOT","8","kg","111045","false","-1","N/A",,"false","111045","false",,"false",,"19594","19594","0","true","false",
"C","A","19920101","1992","52","1992","170","COL","Colombia","X","Export","0","W00","World","0","W00","World","H0","HS","true","0706","Carrots, turnips, salad beetroot, salsify, celeriac, radishes and similar edible roots; fresh or chilled","4","false","C00","TOTAL CPC","0","0","TOTAL MOT","8","kg","1962937","false","-1","N/A",,"false","1962937","false",,"false",,"1777489","1777489","0","true","false",
"C","A","19920101","1992","52","1992","152","CHL","Chile","X","Export","0","W00","World","0","W00","World","H0","HS","true","0707","Cucumbers and gherkins; fresh or chilled","4","false","C00","TOTAL CPC","0","0","TOTAL MOT","8","kg","25566","false","-1","N/A",,"false","25566","false",,"false",,"9380","9380","0","true","false",
"C","A","19920101","1992","52","1992","152","CHL","Chile","X","Export","0","W00","World","0","W00","World","H0","HS","true","0708","Leguminous vegetables; shelled or unshelled, fresh or chilled","4","false","C00","TOTAL CPC","0","0","TOTAL MOT","8","kg","1182","false","-1","N/A",,"false","1182","false",,"false",,"1955","1955","0","true","false",
"C","A","19920101","1992","52","1992","170","COL","Colombia","X","Export","0","W00","World","0","W00","World","H0","HS","true","0708","Leguminous vegetables; shelled or unshelled, fresh or chilled","4","false","C00","TOTAL CPC","0","0","TOTAL MOT","8","kg","15459","false","-1","N/A",,"false","15459","false",,"false",,"68426","68426","0","true","false",
"C","A","19920101","1992","52","1992","152","CHL","Chile","X","Export","0","W00","World","0","W00","World","H0","HS","true","0709","Vegetables, n.e.s. in chapter 07; fresh or chilled","4","false","C00","TOTAL CPC","0","0","TOTAL MOT","8","kg","4128954","false","-1","N/A",,"false","4128954","false",,"false",,"4779639","4779639","0","true","false",
"C","A","19920101","1992","52","1992","170","COL","Colombia","X","Export","0","W00","World","0","W00","World","H0","HS","true","0709","Vegetables, n.e.s. in chapter 07; fresh or chilled","4","false","C00","TOTAL CPC","0","0","TOTAL MOT","8","kg","606845","false","-1","N/A",,"false","606845","false",,"false",,"628113","628113","0","true","false",
"C","A","19920101","1992","52","1992","152","CHL","Chile","X","Export","0","W00","World","0","W00","World","H0","HS","true","0712","Vegetables, dried; whole, cut, sliced, broken or in powder, but not further prepared","4","false","C00","TOTAL CPC","0","0","TOTAL MOT","8","kg","5166243","false","-1","N/A",,"false","5166243","false",,"false",,"28393822","28393822","0","true","false",
"C","A","19920101","1992","52","1992","170","COL","Colombia","X","Export","0","W00","World","0","W00","World","H0","HS","true","0712","Vegetables, dried; whole, cut, sliced, broken or in powder, but not further prepared","4","false","C00","TOTAL CPC","0","0","TOTAL MOT","8","kg","44461","false","-1","N/A",,"false","44461","false",,"false",,"97782","97782","0","true","false",
"C","A","19920101","1992","52","1992","604","PER","Peru","X","Export","0","W00","World","0","W00","World","H0","HS","true","0701","Potatoes; fresh or chilled","4","false","C00","TOTAL CPC","0","0","TOTAL MOT","8","kg","118589","false","-1","N/A",,"false","118589","false",,"false",,"311989","311989","0","true","false",
"C","A","19920101","1992","52","1992","604","PER","Peru","X","Export","0","W00","World","0","W00","World","H0","HS","true","0702","Tomatoes; fresh or chilled","4","false","C00","TOTAL CPC","0","0","TOTAL MOT","8","kg","823558","false","-1","N/A",,"false","823558","false",,"false",,"1593458","1593458","0","true","false",
"C","A","19920101","1992","52","1992","604","PER","Peru","X","Export","0","W00","World","0","W00","World","H0","HS","true","0703","Onions, shallots, garlic, leeks and other alliaceous vegetables; fresh or chilled","4","false","C00","TOTAL CPC","0","0","TOTAL MOT","8","kg","9223777","false","-1","N/A",,"false","9223777","false",,"false",,"10407540","10407540","0","true","false",
"C","A","19920101","1992","52","1992","604","PER","Peru","X","Export","0","W00","World","0","W00","World","H0","HS","true","0708","Leguminous vegetables; shelled or unshelled, fresh or chilled","4","false","C00","TOTAL CPC","0","0","TOTAL MOT","8","kg","18000","false","-1","N/A",,"false","18000","false",,"false",,"20250","20250","0","true","false",
"C","A","19920101","1992","52","1992","604","PER","Peru","X","Export","0","W00","World","0","W00","World","H0","HS","true","0709","Vegetables, n.e.s. in chapter 07; fresh or chilled","4","false","C00","TOTAL CPC","0","0","TOTAL MOT","8","kg","2351764","false","-1","N/A",,"false","2351764","false",,"false",,"2819283","2819283","0","true","false",
"C","A","19920101","1992","52","1992","604","PER","Peru","X","Export","0","W00","World","0","W00","World","H0","HS","true","0712","Vegetables, dried; whole, cut, sliced, broken or in powder, but not further prepared","4","false","C00","TOTAL CPC","0","0","TOTAL MOT","8","kg","942535","false","-1","N/A",,"false","942535","false",,"false",,"4269017","4269017","0","true","false",
"C","A","19930101","1993","52","1993","76","BRA","Brazil","X","Export","0","W00","World","0","W00","World","H0","HS","true","0701","Potatoes; fresh or chilled","4","false","C00","TOTAL CPC","0","0","TOTAL MOT","8","kg","405953","false","-1","N/A",,"false","405953","false",,"false",,"63190","63190","0","true","false",
"C","A","19930101","1993","52","1993","76","BRA","Brazil","X","Export","0","W00","World","0","W00","World","H0","HS","true","0702","Tomatoes; fresh or chilled","4","false","C00","TOTAL CPC","0","0","TOTAL MOT","8","kg","14316937","false","-1","N/A",,"false","14316937","false",,"false",,"4196595","4196595","0","true","false",
"C","A","19930101","1993","52","1993","76","BRA","Brazil","X","Export","0","W00","World","0","W00","World","H0","HS","true","0703","Onions, shallots, garlic, leeks and other alliaceous vegetables; fresh or chilled","4","false","C00","TOTAL CPC","0","0","TOTAL MOT","8","kg","2064834","false","-1","N/A",,"false","2064834","false",,"false",,"495350","495350","0","true","false",
"C","A","19930101","1993","52","1993","76","BRA","Brazil","X","Export","0","W00","World","0","W00","World","H0","HS","true","0704","Cabbages, cauliflowers, kohlrabi, kale and similar edible brassicas; fresh or chilled","4","false","C00","TOTAL CPC","0","0","TOTAL MOT","8","kg","658431","false","-1","N/A",,"false","658431","false",,"false",,"106665","106665","0","true","false",
"C","A","19930101","1993","52","1993","76","BRA","Brazil","X","Export","0","W00","World","0","W00","World","H0","HS","true","0705","Lettuce (lactuca sativa) and chicory (cichorium spp.) fresh or chilled","4","false","C00","TOTAL CPC","0","0","TOTAL MOT","8","kg","47871","false","-1","N/A",,"false","47871","false",,"false",,"18263","18263","0","true","false",
"C","A","19930101","1993","52","1993","76","BRA","Brazil","X","Export","0","W00","World","0","W00","World","H0","HS","true","0706","Carrots, turnips, salad beetroot, salsify, celeriac, radishes and similar edible roots; fresh or chilled","4","false","C00","TOTAL CPC","0","0","TOTAL MOT","8","kg","134760","false","-1","N/A",,"false","134760","false",,"false",,"25019","25019","0","true","false",
"C","A","19930101","1993","52","1993","76","BRA","Brazil","X","Export","0","W00","World","0","W00","World","H0","HS","true","0707","Cucumbers and gherkins; fresh or chilled","4","false","C00","TOTAL CPC","0","0","TOTAL MOT","8","kg","247435","false","-1","N/A",,"false","247435","false",,"false",,"54565","54565","0","true","false",
"C","A","19930101","1993","52","1993","76","BRA","Brazil","X","Export","0","W00","World","0","W00","World","H0","HS","true","0708","Leguminous vegetables; shelled or unshelled, fresh or chilled","4","false","C00","TOTAL CPC","0","0","TOTAL MOT","8","kg","206890","false","-1","N/A",,"false","206890","false",,"false",,"65532","65532","0","true","false",
"C","A","19930101","1993","52","1993","76","BRA","Brazil","X","Export","0","W00","World","0","W00","World","H0","HS","true","0709","Vegetables, n.e.s. in chapter 07; fresh or chilled","4","false","C00","TOTAL CPC","0","0","TOTAL MOT","8","kg","9293059","false","-1","N/A",,"false","9293059","false",,"false",,"1895804","1895804","0","true","false",
"C","A","19930101","1993","52","1993","76","BRA","Brazil","X","Export","0","W00","World","0","W00","World","H0","HS","true","0712","Vegetables, dried; whole, cut, sliced, broken or in powder, but not further prepared","4","false","C00","TOTAL CPC","0","0","TOTAL MOT","8","kg","412902","false","-1","N/A",,"false","412902","false",,"false",,"893070","893070","0","true","false",
"C","A","19930101","1993","52","1993","152","CHL","Chile","X","Export","0","W00","World","0","W00","World","H0","HS","true","0701","Potatoes; fresh or chilled","4","false","C00","TOTAL CPC","0","0","TOTAL MOT","8","kg","277998","false","-1","N/A",,"false","277998","false",,"false",,"194368","194368","0","true","false",
"C","A","19930101","1993","52","1993","170","COL","Colombia","X","Export","0","W00","World","0","W00","World","H0","HS","true","0701","Potatoes; fresh or chilled","4","false","C00","TOTAL CPC","0","0","TOTAL MOT","8","kg","54002072","false","-1","N/A",,"false","54002072","false",,"false",,"12670083","12670083","0","true","false",
"C","A","19930101","1993","52","1993","152","CHL","Chile","X","Export","0","W00","World","0","W00","World","H0","HS","true","0702","Tomatoes; fresh or chilled","4","false","C00","TOTAL CPC","0","0","TOTAL MOT","8","kg","3777307","false","-1","N/A",,"false","3777307","false",,"false",,"1950808","1950808","0","true","false",
"C","A","19930101","1993","52","1993","170","COL","Colombia","X","Export","0","W00","World","0","W00","World","H0","HS","true","0702","Tomatoes; fresh or chilled","4","false","C00","TOTAL CPC","0","0","TOTAL MOT","8","kg","9008066","false","-1","N/A",,"false","9008066","false",,"false",,"1933622","1933622","0","true","false",
"C","A","19930101","1993","52","1993","152","CHL","Chile","X","Export","0","W00","World","0","W00","World","H0","HS","true","0703","Onions, shallots, garlic, leeks and other alliaceous vegetables; fresh or chilled","4","false","C00","TOTAL CPC","0","0","TOTAL MOT","8","kg","30200962","false","-1","N/A",,"false","30200962","false",,"false",,"12752354","12752354","0","true","false",
"C","A","19930101","1993","52","1993","170","COL","Colombia","X","Export","0","W00","World","0","W00","World","H0","HS","true","0703","Onions, shallots, garlic, leeks and other alliaceous vegetables; fresh or chilled","4","false","C00","TOTAL CPC","0","0","TOTAL MOT","8","kg","770393","false","-1","N/A",,"false","770393","false",,"false",,"863221","863221","0","true","false",
"C","A","19930101","1993","52","1993","152","CHL","Chile","X","Export","0","W00","World","0","W00","World","H0","HS","true","0704","Cabbages, cauliflowers, kohlrabi, kale and similar edible brassicas; fresh or chilled","4","false","C00","TOTAL CPC","0","0","TOTAL MOT","8","kg","40092","false","-1","N/A",,"false","40092","false",,"false",,"30496","30496","0","true","false",
"C","A","19930101","1993","52","1993","170","COL","Colombia","X","Export","0","W00","World","0","W00","World","H0","HS","true","0704","Cabbages, cauliflowers, kohlrabi, kale and similar edible brassicas; fresh or chilled","4","false","C00","TOTAL CPC","0","0","TOTAL MOT","8","kg","162046","false","-1","N/A",,"false","162046","false",,"false",,"153250","153250","0","true","false",
"C","A","19930101","1993","52","1993","152","CHL","Chile","X","Export","0","W00","World","0","W00","World","H0","HS","true","0705","Lettuce (lactuca sativa) and chicory (cichorium spp.) fresh or chilled","4","false","C00","TOTAL CPC","0","0","TOTAL MOT","8","kg","941847","false","-1","N/A",,"false","941847","false",,"false",,"2033536","2033536","0","true","false",
"C","A","19930101","1993","52","1993","170","COL","Colombia","X","Export","0","W00","World","0","W00","World","H0","HS","true","0705","Lettuce (lactuca sativa) and chicory (cichorium spp.) fresh or chilled","4","false","C00","TOTAL CPC","0","0","TOTAL MOT","8","kg","12468","false","-1","N/A",,"false","12468","false",,"false",,"7446","7446","0","true","false",
"C","A","19930101","1993","52","1993","152","CHL","Chile","X","Export","0","W00","World","0","W00","World","H0","HS","true","0706","Carrots, turnips, salad beetroot, salsify, celeriac, radishes and similar edible roots; fresh or chilled","4","false","C00","TOTAL CPC","0","0","TOTAL MOT","8","kg","188846","false","-1","N/A",,"false","188846","false",,"false",,"97458","97458","0","true","false",
"C","A","19930101","1993","52","1993","170","COL","Colombia","X","Export","0","W00","World","0","W00","World","H0","HS","true","0706","Carrots, turnips, salad beetroot, salsify, celeriac, radishes and similar edible roots; fresh or chilled","4","false","C00","TOTAL CPC","0","0","TOTAL MOT","8","kg","353097","false","-1","N/A",,"false","353097","false",,"false",,"276223","276223","0","true","false",
"C","A","19930101","1993","52","1993","152","CHL","Chile","X","Export","0","W00","World","0","W00","World","H0","HS","true","0707","Cucumbers and gherkins; fresh or chilled","4","false","C00","TOTAL CPC","0","0","TOTAL MOT","8","kg","7809","false","-1","N/A",,"false","7809","false",,"false",,"3255","3255","0","true","false",
"C","A","19930101","1993","52","1993","170","COL","Colombia","X","Export","0","W00","World","0","W00","World","H0","HS","true","0707","Cucumbers and gherkins; fresh or chilled","4","false","C00","TOTAL CPC","0","0","TOTAL MOT","8","kg","1567","false","-1","N/A",,"false","1567","false",,"false",,"6640","6640","0","true","false",
"C","A","19930101","1993","52","1993","152","CHL","Chile","X","Export","0","W00","World","0","W00","World","H0","HS","true","0708","Leguminous vegetables; shelled or unshelled, fresh or chilled","4","false","C00","TOTAL CPC","0","0","TOTAL MOT","8","kg","4960","false","-1","N/A",,"false","4960","false",,"false",,"4523","4523","0","true","false",
"C","A","19930101","1993","52","1993","170","COL","Colombia","X","Export","0","W00","World","0","W00","World","H0","HS","true","0708","Leguminous vegetables; shelled or unshelled, fresh or chilled","4","false","C00","TOTAL CPC","0","0","TOTAL MOT","8","kg","5570","false","-1","N/A",,"false","5570","false",,"false",,"15157","15157","0","true","false",
"C","A","19930101","1993","52","1993","152","CHL","Chile","X","Export","0","W00","World","0","W00","World","H0","HS","true","0709","Vegetables, n.e.s. in chapter 07; fresh or chilled","4","false","C00","TOTAL CPC","0","0","TOTAL MOT","8","kg","4237277","false","-1","N/A",,"false","4237277","false",,"false",,"5022079","5022079","0","true","false",
"C","A","19930101","1993","52","1993","170","COL","Colombia","X","Export","0","W00","World","0","W00","World","H0","HS","true","0709","Vegetables, n.e.s. in chapter 07; fresh or chilled","4","false","C00","TOTAL CPC","0","0","TOTAL MOT","8","kg","565974","false","-1","N/A",,"false","565974","false",,"false",,"527881","527881","0","true","false",
"C","A","19930101","1993","52","1993","152","CHL","Chile","X","Export","0","W00","World","0","W00","World","H0","HS","true","0712","Vegetables, dried; whole, cut, sliced, broken or in powder, but not further prepared","4","false","C00","TOTAL CPC","0","0","TOTAL MOT","8","kg","4884648","false","-1","N/A",,"false","4884648","false",,"false",,"24165844","24165844","0","true","false",
"C","A","19930101","1993","52","1993","170","COL","Colombia","X","Export","0","W00","World","0","W00","World","H0","HS","true","0712","Vegetables, dried; whole, cut, sliced, broken or in powder, but not further prepared","4","false","C00","TOTAL CPC","0","0","TOTAL MOT","8","kg","79077","false","-1","N/A",,"false","79077","false",,"false",,"162600","162600","0","true","false",
"C","A","19940101","1994","52","1994","76","BRA","Brazil","X","Export","0","W00","World","0","W00","World","H0","HS","true","0701","Potatoes; fresh or chilled","4","false","C00","TOTAL CPC","0","0","TOTAL MOT","8","kg","47303","false","-1","N/A",,"false","47303","false",,"false",,"11924","11924","0","true","false",
"C","A","19940101","1994","52","1994","76","BRA","Brazil","X","Export","0","W00","World","0","W00","World","H0","HS","true","0702","Tomatoes; fresh or chilled","4","false","C00","TOTAL CPC","0","0","TOTAL MOT","8","kg","1352773","false","-1","N/A",,"false","1352773","false",,"false",,"456312","456312","0","true","false",
"C","A","19940101","1994","52","1994","76","BRA","Brazil","X","Export","0","W00","World","0","W00","World","H0","HS","true","0703","Onions, shallots, garlic, leeks and other alliaceous vegetables; fresh or chilled","4","false","C00","TOTAL CPC","0","0","TOTAL MOT","8","kg","393805","false","-1","N/A",,"false","393805","false",,"false",,"190932","190932","0","true","false",
"C","A","19940101","1994","52","1994","76","BRA","Brazil","X","Export","0","W00","World","0","W00","World","H0","HS","true","0704","Cabbages, cauliflowers, kohlrabi, kale and similar edible brassicas; fresh or chilled","4","false","C00","TOTAL CPC","0","0","TOTAL MOT","8","kg","12058","false","-1","N/A",,"false","12058","false",,"false",,"2231","2231","0","true","false",
"C","A","19940101","1994","52","1994","76","BRA","Brazil","X","Export","0","W00","World","0","W00","World","H0","HS","true","0705","Lettuce (lactuca sativa) and chicory (cichorium spp.) fresh or chilled","4","false","C00","TOTAL CPC","0","0","TOTAL MOT","8","kg","3312","false","-1","N/A",,"false","3312","false",,"false",,"1114","1114","0","true","false",
"C","A","19940101","1994","52","1994","76","BRA","Brazil","X","Export","0","W00","World","0","W00","World","H0","HS","true","0706","Carrots, turnips, salad beetroot, salsify, celeriac, radishes and similar edible roots; fresh or chilled","4","false","C00","TOTAL CPC","0","0","TOTAL MOT","8","kg","710500","false","-1","N/A",,"false","710500","false",,"false",,"176656","176656","0","true","false",
"C","A","19940101","1994","52","1994","76","BRA","Brazil","X","Export","0","W00","World","0","W00","World","H0","HS","true","0707","Cucumbers and gherkins; fresh or chilled","4","false","C00","TOTAL CPC","0","0","TOTAL MOT","8","kg","9812","false","-1","N/A",,"false","9812","false",,"false",,"1469","1469","0","true","false",
"C","A","19940101","1994","52","1994","76","BRA","Brazil","X","Export","0","W00","World","0","W00","World","H0","HS","true","0708","Leguminous vegetables; shelled or unshelled, fresh or chilled","4","false","C00","TOTAL CPC","0","0","TOTAL MOT","8","kg","7718","false","-1","N/A",,"false","7718","false",,"false",,"6914","6914","0","true","false",
"C","A","19940101","1994","52","1994","76","BRA","Brazil","X","Export","0","W00","World","0","W00","World","H0","HS","true","0709","Vegetables, n.e.s. in chapter 07; fresh or chilled","4","false","C00","TOTAL CPC","0","0","TOTAL MOT","8","kg","5497151","false","-1","N/A",,"false","5497151","false",,"false",,"1004225","1004225","0","true","false",
"C","A","19940101","1994","52","1994","76","BRA","Brazil","X","Export","0","W00","World","0","W00","World","H0","HS","true","0712","Vegetables, dried; whole, cut, sliced, broken or in powder, but not further prepared","4","false","C00","TOTAL CPC","0","0","TOTAL MOT","8","kg","244770","false","-1","N/A",,"false","244770","false",,"false",,"771086","771086","0","true","false",
"C","A","19940101","1994","52","1994","152","CHL","Chile","X","Export","0","W00","World","0","W00","World","H0","HS","true","0701","Potatoes; fresh or chilled","4","false","C00","TOTAL CPC","0","0","TOTAL MOT","8","kg","470240","false","-1","N/A",,"false","470240","false",,"false",,"331207","331207","0","true","false",
"C","A","19940101","1994","52","1994","170","COL","Colombia","X","Export","0","W00","World","0","W00","World","H0","HS","true","0701","Potatoes; fresh or chilled","4","false","C00","TOTAL CPC","0","0","TOTAL MOT","8","kg","56119816","false","-1","N/A",,"false","56119816","false",,"false",,"12791981","12791981","0","true","false",
"C","A","19940101","1994","52","1994","152","CHL","Chile","X","Export","0","W00","World","0","W00","World","H0","HS","true","0702","Tomatoes; fresh or chilled","4","false","C00","TOTAL CPC","0","0","TOTAL MOT","8","kg","2759909","false","-1","N/A",,"false","2759909","false",,"false",,"1760436","1760436","0","true","false",
"C","A","19940101","1994","52","1994","170","COL","Colombia","X","Export","0","W00","World","0","W00","World","H0","HS","true","0702","Tomatoes; fresh or chilled","4","false","C00","TOTAL CPC","0","0","TOTAL MOT","8","kg","2696397","false","-1","N/A",,"false","2696397","false",,"false",,"616264","616264","0","true","false",
"C","A","19940101","1994","52","1994","152","CHL","Chile","X","Export","0","W00","World","0","W00","World","H0","HS","true","0703","Onions, shallots, garlic, leeks and other alliaceous vegetables; fresh or chilled","4","false","C00","TOTAL CPC","0","0","TOTAL MOT","8","kg","57471916","false","-1","N/A",,"false","57471916","false",,"false",,"19835746","19835746","0","true","false",
"C","A","19940101","1994","52","1994","170","COL","Colombia","X","Export","0","W00","World","0","W00","World","H0","HS","true","0703","Onions, shallots, garlic, leeks and other alliaceous vegetables; fresh or chilled","4","false","C00","TOTAL CPC","0","0","TOTAL MOT","8","kg","1195774","false","-1","N/A",,"false","1195774","false",,"false",,"949010","949010","0","true","false",
"C","A","19940101","1994","52","1994","152","CHL","Chile","X","Export","0","W00","World","0","W00","World","H0","HS","true","0704","Cabbages, cauliflowers, kohlrabi, kale and similar edible brassicas; fresh or chilled","4","false","C00","TOTAL CPC","0","0","TOTAL MOT","8","kg","26191","false","-1","N/A",,"false","26191","false",,"false",,"27747","27747","0","true","false",
"C","A","19940101","1994","52","1994","170","COL","Colombia","X","Export","0","W00","World","0","W00","World","H0","HS","true","0704","Cabbages, cauliflowers, kohlrabi, kale and similar edible brassicas; fresh or chilled","4","false","C00","TOTAL CPC","0","0","TOTAL MOT","8","kg","298253","false","-1","N/A",,"false","298253","false",,"false",,"386061","386061","0","true","false",
"C","A","19940101","1994","52","1994","152","CHL","Chile","X","Export","0","W00","World","0","W00","World","H0","HS","true","0705","Lettuce (lactuca sativa) and chicory (cichorium spp.) fresh or chilled","4","false","C00","TOTAL CPC","0","0","TOTAL MOT","8","kg","518356","false","-1","N/A",,"false","518356","false",,"false",,"935724","935724","0","true","false",
"C","A","19940101","1994","52","1994","170","COL","Colombia","X","Export","0","W00","World","0","W00","World","H0","HS","true","0705","Lettuce (lactuca sativa) and chicory (cichorium spp.) fresh or chilled","4","false","C00","TOTAL CPC","0","0","TOTAL MOT","8","kg","1217","false","-1","N/A",,"false","1217","false",,"false",,"1109","1109","0","true","false",
"C","A","19940101","1994","52","1994","152","CHL","Chile","X","Export","0","W00","World","0","W00","World","H0","HS","true","0706","Carrots, turnips, salad beetroot, salsify, celeriac, radishes and similar edible roots; fresh or chilled","4","false","C00","TOTAL CPC","0","0","TOTAL MOT","8","kg","39268","false","-1","N/A",,"false","39268","false",,"false",,"38765","38765","0","true","false",
"C","A","19940101","1994","52","1994","170","COL","Colombia","X","Export","0","W00","World","0","W00","World","H0","HS","true","0706","Carrots, turnips, salad beetroot, salsify, celeriac, radishes and similar edible roots; fresh or chilled","4","false","C00","TOTAL CPC","0","0","TOTAL MOT","8","kg","59920","false","-1","N/A",,"false","59920","false",,"false",,"37752","37752","0","true","false",
"C","A","19940101","1994","52","1994","152","CHL","Chile","X","Export","0","W00","World","0","W00","World","H0","HS","true","0707","Cucumbers and gherkins; fresh or chilled","4","false","C00","TOTAL CPC","0","0","TOTAL MOT","8","kg","4212","false","-1","N/A",,"false","4212","false",,"false",,"4099","4099","0","true","false",
"C","A","19940101","1994","52","1994","170","COL","Colombia","X","Export","0","W00","World","0","W00","World","H0","HS","true","0707","Cucumbers and gherkins; fresh or chilled","4","false","C00","TOTAL CPC","0","0","TOTAL MOT","8","kg","42","false","-1","N/A",,"false","42","false",,"false",,"12","12","0","true","false",
"C","A","19940101","1994","52","1994","152","CHL","Chile","X","Export","0","W00","World","0","W00","World","H0","HS","true","0708","Leguminous vegetables; shelled or unshelled, fresh or chilled","4","false","C00","TOTAL CPC","0","0","TOTAL MOT","8","kg","297","false","-1","N/A",,"false","297","false",,"false",,"542","542","0","true","false",
"C","A","19940101","1994","52","1994","170","COL","Colombia","X","Export","0","W00","World","0","W00","World","H0","HS","true","0708","Leguminous vegetables; shelled or unshelled, fresh or chilled","4","false","C00","TOTAL CPC","0","0","TOTAL MOT","8","kg","439","false","-1","N/A",,"false","439","false",,"false",,"2561","2561","0","true","false",
"C","A","19940101","1994","52","1994","152","CHL","Chile","X","Export","0","W00","World","0","W00","World","H0","HS","true","0709","Vegetables, n.e.s. in chapter 07; fresh or chilled","4","false","C00","TOTAL CPC","0","0","TOTAL MOT","8","kg","4335929","false","-1","N/A",,"false","4335929","false",,"false",,"4750665","4750665","0","true","false",
"C","A","19940101","1994","52","1994","170","COL","Colombia","X","Export","0","W00","World","0","W00","World","H0","HS","true","0709","Vegetables, n.e.s. in chapter 07; fresh or chilled","4","false","C00","TOTAL CPC","0","0","TOTAL MOT","8","kg","397479","false","-1","N/A",,"false","397479","false",,"false",,"841484","841484","0","true","false",
"C","A","19940101","1994","52","1994","152","CHL","Chile","X","Export","0","W00","World","0","W00","World","H0","HS","true","0712","Vegetables, dried; whole, cut, sliced, broken or in powder, but not further prepared","4","false","C00","TOTAL CPC","0","0","TOTAL MOT","8","kg","5422100","false","-1","N/A",,"false","5422100","false",,"false",,"26207164","26207164","0","true","false",
"C","A","19940101","1994","52","1994","170","COL","Colombia","X","Export","0","W00","World","0","W00","World","H0","HS","true","0712","Vegetables, dried; whole, cut, sliced, broken or in powder, but not further prepared","4","false","C00","TOTAL CPC","0","0","TOTAL MOT","8","kg","223909","false","-1","N/A",,"false","223909","false",,"false",,"435241","435241","0","true","false",
"C","A","19940101","1994","52","1994","604","PER","Peru","X","Export","0","W00","World","0","W00","World","H0","HS","true","0701","Potatoes; fresh or chilled","4","false","C00","TOTAL CPC","0","0","TOTAL MOT","8","kg","4745","false","-1","N/A",,"false","4745","false",,"false",,"8019","8019","0","true","false",
"C","A","19940101","1994","52","1994","604","PER","Peru","X","Export","0","W00","World","0","W00","World","H0","HS","true","0702","Tomatoes; fresh or chilled","4","false","C00","TOTAL CPC","0","0","TOTAL MOT","8","kg","73937","false","-1","N/A",,"false","73937","false",,"false",,"126345","126345","0","true","false",
"C","A","19940101","1994","52","1994","604","PER","Peru","X","Export","0","W00","World","0","W00","World","H0","HS","true","0703","Onions, shallots, garlic, leeks and other alliaceous vegetables; fresh or chilled","4","false","C00","TOTAL CPC","0","0","TOTAL MOT","8","kg","1171395","false","-1","N/A",,"false","1171395","false",,"false",,"690197","690197","0","true","false",
"C","A","19940101","1994","52","1994","604","PER","Peru","X","Export","0","W00","World","0","W00","World","H0","HS","true","0704","Cabbages, cauliflowers, kohlrabi, kale and similar edible brassicas; fresh or chilled","4","false","C00","TOTAL CPC","0","0","TOTAL MOT","8","kg","5648","false","-1","N/A",,"false","5648","false",,"false",,"6636","6636","0","true","false",
"C","A","19940101","1994","52","1994","604","PER","Peru","X","Export","0","W00","World","0","W00","World","H0","HS","true","0705","Lettuce (lactuca sativa) and chicory (cichorium spp.) fresh or chilled","4","false","C00","TOTAL CPC","0","0","TOTAL MOT","8","kg","427674","false","-1","N/A",,"false","427674","false",,"false",,"491606","491606","0","true","false",
"C","A","19940101","1994","52","1994","604","PER","Peru","X","Export","0","W00","World","0","W00","World","H0","HS","true","0706","Carrots, turnips, salad beetroot, salsify, celeriac, radishes and similar edible roots; fresh or chilled","4","false","C00","TOTAL CPC","0","0","TOTAL MOT","8","kg","472","false","-1","N/A",,"false","472","false",,"false",,"404","404","0","true","false",
"C","A","19940101","1994","52","1994","604","PER","Peru","X","Export","0","W00","World","0","W00","World","H0","HS","true","0708","Leguminous vegetables; shelled or unshelled, fresh or chilled","4","false","C00","TOTAL CPC","0","0","TOTAL MOT","8","kg","461367","false","-1","N/A",,"false","461367","false",,"false",,"525915","525915","0","true","false",
"C","A","19940101","1994","52","1994","604","PER","Peru","X","Export","0","W00","World","0","W00","World","H0","HS","true","0709","Vegetables, n.e.s. in chapter 07; fresh or chilled","4","false","C00","TOTAL CPC","0","0","TOTAL MOT","8","kg","10418612","false","-1","N/A",,"false","10418612","false",,"false",,"17602944","17602944","0","true","false",
"C","A","19940101","1994","52","1994","604","PER","Peru","X","Export","0","W00","World","0","W00","World","H0","HS","true","0712","Vegetables, dried; whole, cut, sliced, broken or in powder, but not further prepared","4","false","C00","TOTAL CPC","0","0","TOTAL MOT","8","kg","432076","false","-1","N/A",,"false","432076","false",,"false",,"6702846","6702846","0","true","false",
"C","A","19950101","1995","52","1995","76","BRA","Brazil","X","Export","0","W00","World","0","W00","World","H0","HS","true","0701","Potatoes; fresh or chilled","4","false","C00","TOTAL CPC","0","0","TOTAL MOT","8","kg","53625","false","-1","N/A",,"false","53625","false",,"false",,"13488","13488","0","true","false",
"C","A","19950101","1995","52","1995","76","BRA","Brazil","X","Export","0","W00","World","0","W00","World","H0","HS","true","0702","Tomatoes; fresh or chilled","4","false","C00","TOTAL CPC","0","0","TOTAL MOT","8","kg","2881187","false","-1","N/A",,"false","2881187","false",,"false",,"804388","804388","0","true","false",
"C","A","19950101","1995","52","1995","76","BRA","Brazil","X","Export","0","W00","World","0","W00","World","H0","HS","true","0703","Onions, shallots, garlic, leeks and other alliaceous vegetables; fresh or chilled","4","false","C00","TOTAL CPC","0","0","TOTAL MOT","8","kg","13867511","false","-1","N/A",,"false","13867511","false",,"false",,"3355931","3355931","0","true","false",
"C","A","19950101","1995","52","1995","76","BRA","Brazil","X","Export","0","W00","World","0","W00","World","H0","HS","true","0704","Cabbages, cauliflowers, kohlrabi, kale and similar edible brassicas; fresh or chilled","4","false","C00","TOTAL CPC","0","0","TOTAL MOT","8","kg","44433","false","-1","N/A",,"false","44433","false",,"false",,"9115","9115","0","true","false",
"C","A","19950101","1995","52","1995","76","BRA","Brazil","X","Export","0","W00","World","0","W00","World","H0","HS","true","0706","Carrots, turnips, salad beetroot, salsify, celeriac, radishes and similar edible roots; fresh or chilled","4","false","C00","TOTAL CPC","0","0","TOTAL MOT","8","kg","15500","false","-1","N/A",,"false","15500","false",,"false",,"4039","4039","0","true","false",
"C","A","19950101","1995","52","1995","76","BRA","Brazil","X","Export","0","W00","World","0","W00","World","H0","HS","true","0707","Cucumbers and gherkins; fresh or chilled","4","false","C00","TOTAL CPC","0","0","TOTAL MOT","8","kg","50562","false","-1","N/A",,"false","50562","false",,"false",,"26874","26874","0","true","false",
"C","A","19950101","1995","52","1995","76","BRA","Brazil","X","Export","0","W00","World","0","W00","World","H0","HS","true","0708","Leguminous vegetables; shelled or unshelled, fresh or chilled","4","false","C00","TOTAL CPC","0","0","TOTAL MOT","8","kg","86586","false","-1","N/A",,"false","86586","false",,"false",,"72788","72788","0","true","false",
"C","A","19950101","1995","52","1995","76","BRA","Brazil","X","Export","0","W00","World","0","W00","World","H0","HS","true","0709","Vegetables, n.e.s. in chapter 07; fresh or chilled","4","false","C00","TOTAL CPC","0","0","TOTAL MOT","8","kg","11015599","false","-1","N/A",,"false","11015599","false",,"false",,"1754940","1754940","0","true","false",
"C","A","19950101","1995","52","1995","76","BRA","Brazil","X","Export","0","W00","World","0","W00","World","H0","HS","true","0712","Vegetables, dried; whole, cut, sliced, broken or in powder, but not further prepared","4","false","C00","TOTAL CPC","0","0","TOTAL MOT","8","kg","655346","false","-1","N/A",,"false","655346","false",,"false",,"2369401","2369401","0","true","false",
"C","A","19950101","1995","52","1995","152","CHL","Chile","X","Export","0","W00","World","0","W00","World","H0","HS","true","0701","Potatoes; fresh or chilled","4","false","C00","TOTAL CPC","0","0","TOTAL MOT","8","kg","701705","false","-1","N/A",,"false","701705","false",,"false",,"586226","586226","0","true","false",
"C","A","19950101","1995","52","1995","170","COL","Colombia","X","Export","0","W00","World","0","W00","World","H0","HS","true","0701","Potatoes; fresh or chilled","4","false","C00","TOTAL CPC","0","0","TOTAL MOT","8","kg","28543976","false","-1","N/A",,"false","28543976","false",,"false",,"7357677","7357677","0","true","false",
"C","A","19950101","1995","52","1995","152","CHL","Chile","X","Export","0","W00","World","0","W00","World","H0","HS","true","0702","Tomatoes; fresh or chilled","4","false","C00","TOTAL CPC","0","0","TOTAL MOT","8","kg","3519518","false","-1","N/A",,"false","3519518","false",,"false",,"2874480","2874480","0","true","false",
"C","A","19950101","1995","52","1995","170","COL","Colombia","X","Export","0","W00","World","0","W00","World","H0","HS","true","0702","Tomatoes; fresh or chilled","4","false","C00","TOTAL CPC","0","0","TOTAL MOT","8","kg","2585164","false","-1","N/A",,"false","2585164","false",,"false",,"1481233","1481233","0","true","false",
"C","A","19950101","1995","52","1995","152","CHL","Chile","X","Export","0","W00","World","0","W00","World","H0","HS","true","0703","Onions, shallots, garlic, leeks and other alliaceous vegetables; fresh or chilled","4","false","C00","TOTAL CPC","0","0","TOTAL MOT","8","kg","87854952","false","-1","N/A",,"false","87854952","false",,"false",,"31666556","31666556","0","true","false",
"C","A","19950101","1995","52","1995","170","COL","Colombia","X","Export","0","W00","World","0","W00","World","H0","HS","true","0703","Onions, shallots, garlic, leeks and other alliaceous vegetables; fresh or chilled","4","false","C00","TOTAL CPC","0","0","TOTAL MOT","8","kg","5152741","false","-1","N/A",,"false","5152741","false",,"false",,"3619669","3619669","0","true","false",
"C","A","19950101","1995","52","1995","152","CHL","Chile","X","Export","0","W00","World","0","W00","World","H0","HS","true","0704","Cabbages, cauliflowers, kohlrabi, kale and similar edible brassicas; fresh or chilled","4","false","C00","TOTAL CPC","0","0","TOTAL MOT","8","kg","59306","false","-1","N/A",,"false","59306","false",,"false",,"55621","55621","0","true","false",
"C","A","19950101","1995","52","1995","170","COL","Colombia","X","Export","0","W00","World","0","W00","World","H0","HS","true","0704","Cabbages, cauliflowers, kohlrabi, kale and similar edible brassicas; fresh or chilled","4","false","C00","TOTAL CPC","0","0","TOTAL MOT","8","kg","55804","false","-1","N/A",,"false","55804","false",,"false",,"72124","72124","0","true","false",
"C","A","19950101","1995","52","1995","152","CHL","Chile","X","Export","0","W00","World","0","W00","World","H0","HS","true","0705","Lettuce (lactuca sativa) and chicory (cichorium spp.) fresh or chilled","4","false","C00","TOTAL CPC","0","0","TOTAL MOT","8","kg","890874","false","-1","N/A",,"false","890874","false",,"false",,"1610085","1610085","0","true","false",
"C","A","19950101","1995","52","1995","170","COL","Colombia","X","Export","0","W00","World","0","W00","World","H0","HS","true","0705","Lettuce (lactuca sativa) and chicory (cichorium spp.) fresh or chilled","4","false","C00","TOTAL CPC","0","0","TOTAL MOT","8","kg","13249","false","-1","N/A",,"false","13249","false",,"false",,"37130","37130","0","true","false",
"C","A","19950101","1995","52","1995","152","CHL","Chile","X","Export","0","W00","World","0","W00","World","H0","HS","true","0706","Carrots, turnips, salad beetroot, salsify, celeriac, radishes and similar edible roots; fresh or chilled","4","false","C00","TOTAL CPC","0","0","TOTAL MOT","8","kg","13944","false","-1","N/A",,"false","13944","false",,"false",,"15405","15405","0","true","false",
"C","A","19950101","1995","52","1995","170","COL","Colombia","X","Export","0","W00","World","0","W00","World","H0","HS","true","0706","Carrots, turnips, salad beetroot, salsify, celeriac, radishes and similar edible roots; fresh or chilled","4","false","C00","TOTAL CPC","0","0","TOTAL MOT","8","kg","158452","false","-1","N/A",,"false","158452","false",,"false",,"49329","49329","0","true","false",
"C","A","19950101","1995","52","1995","152","CHL","Chile","X","Export","0","W00","World","0","W00","World","H0","HS","true","0707","Cucumbers and gherkins; fresh or chilled","4","false","C00","TOTAL CPC","0","0","TOTAL MOT","8","kg","2146","false","-1","N/A",,"false","2146","false",,"false",,"1479","1479","0","true","false",
"C","A","19950101","1995","52","1995","152","CHL","Chile","X","Export","0","W00","World","0","W00","World","H0","HS","true","0708","Leguminous vegetables; shelled or unshelled, fresh or chilled","4","false","C00","TOTAL CPC","0","0","TOTAL MOT","8","kg","305","false","-1","N/A",,"false","305","false",,"false",,"362","362","0","true","false",
"C","A","19950101","1995","52","1995","170","COL","Colombia","X","Export","0","W00","World","0","W00","World","H0","HS","true","0708","Leguminous vegetables; shelled or unshelled, fresh or chilled","4","false","C00","TOTAL CPC","0","0","TOTAL MOT","8","kg","156","false","-1","N/A",,"false","156","false",,"false",,"411","411","0","true","false",
"C","A","19950101","1995","52","1995","152","CHL","Chile","X","Export","0","W00","World","0","W00","World","H0","HS","true","0709","Vegetables, n.e.s. in chapter 07; fresh or chilled","4","false","C00","TOTAL CPC","0","0","TOTAL MOT","8","kg","5154531","false","-1","N/A",,"false","5154531","false",,"false",,"5516157","5516157","0","true","false",
"C","A","19950101","1995","52","1995","170","COL","Colombia","X","Export","0","W00","World","0","W00","World","H0","HS","true","0709","Vegetables, n.e.s. in chapter 07; fresh or chilled","4","false","C00","TOTAL CPC","0","0","TOTAL MOT","8","kg","825301","false","-1","N/A",,"false","825301","false",,"false",,"2178128","2178128","0","true","false",
"C","A","19950101","1995","52","1995","152","CHL","Chile","X","Export","0","W00","World","0","W00","World","H0","HS","true","0712","Vegetables, dried; whole, cut, sliced, broken or in powder, but not further prepared","4","false","C00","TOTAL CPC","0","0","TOTAL MOT","8","kg","3490921","false","-1","N/A",,"false","3490921","false",,"false",,"17614748","17614748","0","true","false",
"C","A","19950101","1995","52","1995","170","COL","Colombia","X","Export","0","W00","World","0","W00","World","H0","HS","true","0712","Vegetables, dried; whole, cut, sliced, broken or in powder, but not further prepared","4","false","C00","TOTAL CPC","0","0","TOTAL MOT","8","kg","20351","false","-1","N/A",,"false","20351","false",,"false",,"76339","76339","0","true","false",
"C","A","19950101","1995","52","1995","604","PER","Peru","X","Export","0","W00","World","0","W00","World","H0","HS","true","0701","Potatoes; fresh or chilled","4","false","C00","TOTAL CPC","0","0","TOTAL MOT","8","kg","5826","false","-1","N/A",,"false","5826","false",,"false",,"12772","12772","0","true","false",
"C","A","19950101","1995","52","1995","604","PER","Peru","X","Export","0","W00","World","0","W00","World","H0","HS","true","0703","Onions, shallots, garlic, leeks and other alliaceous vegetables; fresh or chilled","4","false","C00","TOTAL CPC","0","0","TOTAL MOT","8","kg","6545531","false","-1","N/A",,"false","6545531","false",,"false",,"2336601","2336601","0","true","false",
"C","A","19950101","1995","52","1995","604","PER","Peru","X","Export","0","W00","World","0","W00","World","H0","HS","true","0704","Cabbages, cauliflowers, kohlrabi, kale and similar edible brassicas; fresh or chilled","4","false","C00","TOTAL CPC","0","0","TOTAL MOT","8","kg","9519","false","-1","N/A",,"false","9519","false",,"false",,"3630","3630","0","true","false",
"C","A","19950101","1995","52","1995","604","PER","Peru","X","Export","0","W00","World","0","W00","World","H0","HS","true","0705","Lettuce (lactuca sativa) and chicory (cichorium spp.) fresh or chilled","4","false","C00","TOTAL CPC","0","0","TOTAL MOT","8","kg","382514","false","-1","N/A",,"false","382514","false",,"false",,"782889","782889","0","true","false",
"C","A","19950101","1995","52","1995","604","PER","Peru","X","Export","0","W00","World","0","W00","World","H0","HS","true","0706","Carrots, turnips, salad beetroot, salsify, celeriac, radishes and similar edible roots; fresh or chilled","4","false","C00","TOTAL CPC","0","0","TOTAL MOT","8","kg","4890","false","-1","N/A",,"false","4890","false",,"false",,"4060","4060","0","true","false",
"C","A","19950101","1995","52","1995","604","PER","Peru","X","Export","0","W00","World","0","W00","World","H0","HS","true","0707","Cucumbers and gherkins; fresh or chilled","4","false","C00","TOTAL CPC","0","0","TOTAL MOT","8","kg","26183","false","-1","N/A",,"false","26183","false",,"false",,"2298","2298","0","true","false",
"C","A","19950101","1995","52","1995","604","PER","Peru","X","Export","0","W00","World","0","W00","World","H0","HS","true","0708","Leguminous vegetables; shelled or unshelled, fresh or chilled","4","false","C00","TOTAL CPC","0","0","TOTAL MOT","8","kg","367744","false","-1","N/A",,"false","367744","false",,"false",,"416720","416720","0","true","false",
"C","A","19950101","1995","52","1995","604","PER","Peru","X","Export","0","W00","World","0","W00","World","H0","HS","true","0709","Vegetables, n.e.s. in chapter 07; fresh or chilled","4","false","C00","TOTAL CPC","0","0","TOTAL MOT","8","kg","13764180","false","-1","N/A",,"false","13764180","false",,"false",,"22957296","22957296","0","true","false",
"C","A","19950101","1995","52","1995","604","PER","Peru","X","Export","0","W00","World","0","W00","World","H0","HS","true","0712","Vegetables, dried; whole, cut, sliced, broken or in powder, but not further prepared","4","false","C00","TOTAL CPC","0","0","TOTAL MOT","8","kg","1344604","false","-1","N/A",,"false","1344604","false",,"false",,"7196173","7196173","0","true","false",
"C","A","19960101","1996","52","1996","76","BRA","Brazil","X","Export","0","W00","World","0","W00","World","H0","HS","true","0702","Tomatoes; fresh or chilled","4","false","C00","TOTAL CPC","0","0","TOTAL MOT","8","kg","12548483","false","-1","N/A",,"false","12548483","false",,"false",,"3513411","3513411","0","true","false",
"C","A","19960101","1996","52","1996","76","BRA","Brazil","X","Export","0","W00","World","0","W00","World","H0","HS","true","0703","Onions, shallots, garlic, leeks and other alliaceous vegetables; fresh or chilled","4","false","C00","TOTAL CPC","0","0","TOTAL MOT","8","kg","70023","false","-1","N/A",,"false","70023","false",,"false",,"19726","19726","0","true","false",
"C","A","19960101","1996","52","1996","76","BRA","Brazil","X","Export","0","W00","World","0","W00","World","H0","HS","true","0704","Cabbages, cauliflowers, kohlrabi, kale and similar edible brassicas; fresh or chilled","4","false","C00","TOTAL CPC","0","0","TOTAL MOT","8","kg","18874","false","-1","N/A",,"false","18874","false",,"false",,"13825","13825","0","true","false",
"C","A","19960101","1996","52","1996","76","BRA","Brazil","X","Export","0","W00","World","0","W00","World","H0","HS","true","0706","Carrots, turnips, salad beetroot, salsify, celeriac, radishes and similar edible roots; fresh or chilled","4","false","C00","TOTAL CPC","0","0","TOTAL MOT","8","kg","25359","false","-1","N/A",,"false","25359","false",,"false",,"4738","4738","0","true","false",
"C","A","19960101","1996","52","1996","76","BRA","Brazil","X","Export","0","W00","World","0","W00","World","H0","HS","true","0707","Cucumbers and gherkins; fresh or chilled","4","false","C00","TOTAL CPC","0","0","TOTAL MOT","8","kg","367812","false","-1","N/A",,"false","367812","false",,"false",,"100642","100642","0","true","false",
"C","A","19960101","1996","52","1996","76","BRA","Brazil","X","Export","0","W00","World","0","W00","World","H0","HS","true","0708","Leguminous vegetables; shelled or unshelled, fresh or chilled","4","false","C00","TOTAL CPC","0","0","TOTAL MOT","8","kg","27903","false","-1","N/A",,"false","27903","false",,"false",,"15878","15878","0","true","false",
"C","A","19960101","1996","52","1996","76","BRA","Brazil","X","Export","0","W00","World","0","W00","World","H0","HS","true","0709","Vegetables, n.e.s. in chapter 07; fresh or chilled","4","false","C00","TOTAL CPC","0","0","TOTAL MOT","8","kg","8030850","false","-1","N/A",,"false","8030850","false",,"false",,"1501095","1501095","0","true","false",
"C","A","19960101","1996","52","1996","76","BRA","Brazil","X","Export","0","W00","World","0","W00","World","H0","HS","true","0712","Vegetables, dried; whole, cut, sliced, broken or in powder, but not further prepared","4","false","C00","TOTAL CPC","0","0","TOTAL MOT","8","kg","539281","false","-1","N/A",,"false","539281","false",,"false",,"2574499","2574499","0","true","false",
"C","A","19960101","1996","52","1996","152","CHL","Chile","X","Export","0","W00","World","0","W00","World","H0","HS","true","0701","Potatoes; fresh or chilled","4","false","C00","TOTAL CPC","0","0","TOTAL MOT","8","kg","1082218","false","-1","N/A",,"false","1082218","false",,"false",,"725397","725397","0","true","false",
"C","A","19960101","1996","52","1996","170","COL","Colombia","X","Export","0","W00","World","0","W00","World","H1","HS","true","0701","Potatoes; fresh or chilled","4","false","C00","TOTAL CPC","0","0","TOTAL MOT","8","kg","22581916","false","-1","N/A",,"false","22581916","false",,"false",,"6662851","6662851","0","false","false",
"C","A","19960101","1996","52","1996","152","CHL","Chile","X","Export","0","W00","World","0","W00","World","H0","HS","true","0702","Tomatoes; fresh or chilled","4","false","C00","TOTAL CPC","0","0","TOTAL MOT","8","kg","5304073","false","-1","N/A",,"false","5304073","false",,"false",,"3613607","3613607","0","true","false",
"C","A","19960101","1996","52","1996","170","COL","Colombia","X","Export","0","W00","World","0","W00","World","H1","HS","true","0702","Tomatoes; fresh or chilled","4","false","C00","TOTAL CPC","0","0","TOTAL MOT","8","kg","506187","false","-1","N/A",,"false","506187","false",,"false",,"76697","76697","0","false","false",
"C","A","19960101","1996","52","1996","152","CHL","Chile","X","Export","0","W00","World","0","W00","World","H0","HS","true","0703","Onions, shallots, garlic, leeks and other alliaceous vegetables; fresh or chilled","4","false","C00","TOTAL CPC","0","0","TOTAL MOT","8","kg","49699080","false","-1","N/A",,"false","49699080","false",,"false",,"19633220","19633220","0","true","false",
"C","A","19960101","1996","52","1996","170","COL","Colombia","X","Export","0","W00","World","0","W00","World","H1","HS","true","0703","Onions, shallots, garlic, leeks and other alliaceous vegetables; fresh or chilled","4","false","C00","TOTAL CPC","0","0","TOTAL MOT","8","kg","1744097","false","-1","N/A",,"false","1744097","false",,"false",,"747030","747030","0","false","false",
"C","A","19960101","1996","52","1996","152","CHL","Chile","X","Export","0","W00","World","0","W00","World","H0","HS","true","0704","Cabbages, cauliflowers, kohlrabi, kale and similar edible brassicas; fresh or chilled","4","false","C00","TOTAL CPC","0","0","TOTAL MOT","8","kg","81353","false","-1","N/A",,"false","81353","false",,"false",,"76862","76862","0","true","false",
"C","A","19960101","1996","52","1996","152","CHL","Chile","X","Export","0","W00","World","0","W00","World","H0","HS","true","0705","Lettuce (lactuca sativa) and chicory (cichorium spp.) fresh or chilled","4","false","C00","TOTAL CPC","0","0","TOTAL MOT","8","kg","988876","false","-1","N/A",,"false","988876","false",,"false",,"1517932","1517932","0","true","false",
"C","A","19960101","1996","52","1996","170","COL","Colombia","X","Export","0","W00","World","0","W00","World","H1","HS","true","0705","Lettuce (lactuca sativa) and chicory (cichorium spp.) fresh or chilled","4","false","C00","TOTAL CPC","0","0","TOTAL MOT","8","kg","1000","false","-1","N/A",,"false","1000","false",,"false",,"1205","1205","0","false","false",
"C","A","19960101","1996","52","1996","152","CHL","Chile","X","Export","0","W00","World","0","W00","World","H0","HS","true","0706","Carrots, turnips, salad beetroot, salsify, celeriac, radishes and similar edible roots; fresh or chilled","4","false","C00","TOTAL CPC","0","0","TOTAL MOT","8","kg","30870","false","-1","N/A",,"false","30870","false",,"false",,"22675","22675","0","true","false",
"C","A","19960101","1996","52","1996","170","COL","Colombia","X","Export","0","W00","World","0","W00","World","H1","HS","true","0706","Carrots, turnips, salad beetroot, salsify, celeriac, radishes and similar edible roots; fresh or chilled","4","false","C00","TOTAL CPC","0","0","TOTAL MOT","8","kg","2625","false","-1","N/A",,"false","2625","false",,"false",,"6187","6187","0","false","false",
"C","A","19960101","1996","52","1996","152","CHL","Chile","X","Export","0","W00","World","0","W00","World","H0","HS","true","0707","Cucumbers and gherkins; fresh or chilled","4","false","C00","TOTAL CPC","0","0","TOTAL MOT","8","kg","4929","false","-1","N/A",,"false","4929","false",,"false",,"5010","5010","0","true","false",
"C","A","19960101","1996","52","1996","170","COL","Colombia","X","Export","0","W00","World","0","W00","World","H1","HS","true","0707","Cucumbers and gherkins; fresh or chilled","4","false","C00","TOTAL CPC","0","0","TOTAL MOT","8","kg","3500","false","-1","N/A",,"false","3500","false",,"false",,"13439","13439","0","false","false",
"C","A","19960101","1996","52","1996","152","CHL","Chile","X","Export","0","W00","World","0","W00","World","H0","HS","true","0708","Leguminous vegetables; shelled or unshelled, fresh or chilled","4","false","C00","TOTAL CPC","0","0","TOTAL MOT","8","kg","1025","false","-1","N/A",,"false","1025","false",,"false",,"1586","1586","0","true","false",
"C","A","19960101","1996","52","1996","170","COL","Colombia","X","Export","0","W00","World","0","W00","World","H1","HS","true","0708","Leguminous vegetables; shelled or unshelled, fresh or chilled","4","false","C00","TOTAL CPC","0","0","TOTAL MOT","8","kg","2196","false","-1","N/A",,"false","2196","false",,"false",,"4857","4857","0","false","false",
"C","A","19960101","1996","52","1996","152","CHL","Chile","X","Export","0","W00","World","0","W00","World","H0","HS","true","0709","Vegetables, n.e.s. in chapter 07; fresh or chilled","4","false","C00","TOTAL CPC","0","0","TOTAL MOT","8","kg","6365049","false","-1","N/A",,"false","6365049","false",,"false",,"7203491","7203491","0","true","false",
"C","A","19960101","1996","52","1996","170","COL","Colombia","X","Export","0","W00","World","0","W00","World","H1","HS","true","0709","Vegetables, n.e.s. in chapter 07; fresh or chilled","4","false","C00","TOTAL CPC","0","0","TOTAL MOT","8","kg","1207580","false","-1","N/A",,"false","1207580","false",,"false",,"2910211","2910211","0","false","false",
"C","A","19960101","1996","52","1996","152","CHL","Chile","X","Export","0","W00","World","0","W00","World","H0","HS","true","0712","Vegetables, dried; whole, cut, sliced, broken or in powder, but not further prepared","4","false","C00","TOTAL CPC","0","0","TOTAL MOT","8","kg","2700657","false","-1","N/A",,"false","2700657","false",,"false",,"14026438","14026438","0","true","false",
"C","A","19960101","1996","52","1996","170","COL","Colombia","X","Export","0","W00","World","0","W00","World","H1","HS","true","0712","Vegetables, dried; whole, cut, sliced, broken or in powder, but not further prepared","4","false","C00","TOTAL CPC","0","0","TOTAL MOT","8","kg","210","false","-1","N/A",,"false","210","false",,"false",,"1010","1010","0","false","false",
"C","A","19960101","1996","52","1996","604","PER","Peru","X","Export","0","W00","World","0","W00","World","H0","HS","true","0701","Potatoes; fresh or chilled","4","false","C00","TOTAL CPC","0","0","TOTAL MOT","8","kg","905856","false","-1","N/A",,"false","905856","false",,"false",,"63366","63366","0","true","false",
"C","A","19960101","1996","52","1996","604","PER","Peru","X","Export","0","W00","World","0","W00","World","H0","HS","true","0702","Tomatoes; fresh or chilled","4","false","C00","TOTAL CPC","0","0","TOTAL MOT","8","kg","832567","false","-1","N/A",,"false","832567","false",,"false",,"86678","86678","0","true","false",
"C","A","19960101","1996","52","1996","604","PER","Peru","X","Export","0","W00","World","0","W00","World","H0","HS","true","0703","Onions, shallots, garlic, leeks and other alliaceous vegetables; fresh or chilled","4","false","C00","TOTAL CPC","0","0","TOTAL MOT","8","kg","26001688","false","-1","N/A",,"false","26001688","false",,"false",,"7698998","7698998","0","true","false",
"C","A","19960101","1996","52","1996","604","PER","Peru","X","Export","0","W00","World","0","W00","World","H0","HS","true","0704","Cabbages, cauliflowers, kohlrabi, kale and similar edible brassicas; fresh or chilled","4","false","C00","TOTAL CPC","0","0","TOTAL MOT","8","kg","31690","false","-1","N/A",,"false","31690","false",,"false",,"27971","27971","0","true","false",
"C","A","19960101","1996","52","1996","604","PER","Peru","X","Export","0","W00","World","0","W00","World","H0","HS","true","0705","Lettuce (lactuca sativa) and chicory (cichorium spp.) fresh or chilled","4","false","C00","TOTAL CPC","0","0","TOTAL MOT","8","kg","290082","false","-1","N/A",,"false","290082","false",,"false",,"673246","673246","0","true","false",
"C","A","19960101","1996","52","1996","604","PER","Peru","X","Export","0","W00","World","0","W00","World","H0","HS","true","0706","Carrots, turnips, salad beetroot, salsify, celeriac, radishes and similar edible roots; fresh or chilled","4","false","C00","TOTAL CPC","0","0","TOTAL MOT","8","kg","1660","false","-1","N/A",,"false","1660","false",,"false",,"918","918","0","true","false",
"C","A","19960101","1996","52","1996","604","PER","Peru","X","Export","0","W00","World","0","W00","World","H0","HS","true","0707","Cucumbers and gherkins; fresh or chilled","4","false","C00","TOTAL CPC","0","0","TOTAL MOT","8","kg","34010","false","-1","N/A",,"false","34010","false",,"false",,"14689","14689","0","true","false",
"C","A","19960101","1996","52","1996","604","PER","Peru","X","Export","0","W00","World","0","W00","World","H0","HS","true","0708","Leguminous vegetables; shelled or unshelled, fresh or chilled","4","false","C00","TOTAL CPC","0","0","TOTAL MOT","8","kg","305342","false","-1","N/A",,"false","305342","false",,"false",,"481360","481360","0","true","false",
"C","A","19960101","1996","52","1996","604","PER","Peru","X","Export","0","W00","World","0","W00","World","H0","HS","true","0709","Vegetables, n.e.s. in chapter 07; fresh or chilled","4","false","C00","TOTAL CPC","0","0","TOTAL MOT","8","kg","13952636","false","-1","N/A",,"false","13952636","false",,"false",,"26698058","26698058","0","true","false",
"C","A","19960101","1996","52","1996","604","PER","Peru","X","Export","0","W00","World","0","W00","World","H0","HS","true","0712","Vegetables, dried; whole, cut, sliced, broken or in powder, but not further prepared","4","false","C00","TOTAL CPC","0","0","TOTAL MOT","8","kg","1703028","false","-1","N/A",,"false","1703028","false",,"false",,"9058183","9058183","0","true","false",
"C","A","19970101","1997","52","1997","76","BRA","Brazil","X","Export","0","W00","World","0","W00","World","H1","HS","true","0701","Potatoes; fresh or chilled","4","false","C00","TOTAL CPC","0","0","TOTAL MOT","8","kg","71582","false","-1","N/A",,"false","71582","false",,"false",,"46751","46751","0","false","false",
"C","A","19970101","1997","52","1997","76","BRA","Brazil","X","Export","0","W00","World","0","W00","World","H1","HS","true","0702","Tomatoes; fresh or chilled","4","false","C00","TOTAL CPC","0","0","TOTAL MOT","8","kg","2494749","false","-1","N/A",,"false","2494749","false",,"false",,"700859","700859","0","false","false",
"C","A","19970101","1997","52","1997","76","BRA","Brazil","X","Export","0","W00","World","0","W00","World","H1","HS","true","0703","Onions, shallots, garlic, leeks and other alliaceous vegetables; fresh or chilled","4","false","C00","TOTAL CPC","0","0","TOTAL MOT","8","kg","970490","false","-1","N/A",,"false","970490","false",,"false",,"242576","242576","0","false","false",
"C","A","19970101","1997","52","1997","76","BRA","Brazil","X","Export","0","W00","World","0","W00","World","H1","HS","true","0704","Cabbages, cauliflowers, kohlrabi, kale and similar edible brassicas; fresh or chilled","4","false","C00","TOTAL CPC","0","0","TOTAL MOT","8","kg","1359","false","-1","N/A",,"false","1359","false",,"false",,"805","805","0","false","false",
"C","A","19970101","1997","52","1997","76","BRA","Brazil","X","Export","0","W00","World","0","W00","World","H1","HS","true","0705","Lettuce (lactuca sativa) and chicory (cichorium spp.) fresh or chilled","4","false","C00","TOTAL CPC","0","0","TOTAL MOT","8","kg","11776","false","-1","N/A",,"false","11776","false",,"false",,"3923","3923","0","false","false",
"C","A","19970101","1997","52","1997","76","BRA","Brazil","X","Export","0","W00","World","0","W00","World","H1","HS","true","0706","Carrots, turnips, salad beetroot, salsify, celeriac, radishes and similar edible roots; fresh or chilled","4","false","C00","TOTAL CPC","0","0","TOTAL MOT","8","kg","132449","false","-1","N/A",,"false","132449","false",,"false",,"30792","30792","0","false","false",
"C","A","19970101","1997","52","1997","76","BRA","Brazil","X","Export","0","W00","World","0","W00","World","H1","HS","true","0707","Cucumbers and gherkins; fresh or chilled","4","false","C00","TOTAL CPC","0","0","TOTAL MOT","8","kg","5000","false","-1","N/A",,"false","5000","false",,"false",,"2808","2808","0","false","false",
"C","A","19970101","1997","52","1997","76","BRA","Brazil","X","Export","0","W00","World","0","W00","World","H1","HS","true","0708","Leguminous vegetables; shelled or unshelled, fresh or chilled","4","false","C00","TOTAL CPC","0","0","TOTAL MOT","8","kg","11596","false","-1","N/A",,"false","11596","false",,"false",,"19626","19626","0","false","false",
"C","A","19970101","1997","52","1997","76","BRA","Brazil","X","Export","0","W00","World","0","W00","World","H1","HS","true","0709","Vegetables, n.e.s. in chapter 07; fresh or chilled","4","false","C00","TOTAL CPC","0","0","TOTAL MOT","8","kg","6834717","false","-1","N/A",,"false","6834717","false",,"false",,"812184","812184","0","false","false",
"C","A","19970101","1997","52","1997","76","BRA","Brazil","X","Export","0","W00","World","0","W00","World","H1","HS","true","0712","Vegetables, dried; whole, cut, sliced, broken or in powder, but not further prepared","4","false","C00","TOTAL CPC","0","0","TOTAL MOT","8","kg","104707","false","-1","N/A",,"false","104707","false",,"false",,"2809328","2809328","0","false","false",
"C","A","19970101","1997","52","1997","152","CHL","Chile","X","Export","0","W00","World","0","W00","World","H1","HS","true","0701","Potatoes; fresh or chilled","4","false","C00","TOTAL CPC","0","0","TOTAL MOT","8","kg","3770640","false","-1","N/A",,"false","3770640","false",,"false",,"1134049","1134049","0","false","false",
"C","A","19970101","1997","52","1997","170","COL","Colombia","X","Export","0","W00","World","0","W00","World","H1","HS","true","0701","Potatoes; fresh or chilled","4","false","C00","TOTAL CPC","0","0","TOTAL MOT","8","kg","7593135","false","-1","N/A",,"false","7593135","false",,"false",,"3245179","3245179","0","false","false",
"C","A","19970101","1997","52","1997","152","CHL","Chile","X","Export","0","W00","World","0","W00","World","H1","HS","true","0702","Tomatoes; fresh or chilled","4","false","C00","TOTAL CPC","0","0","TOTAL MOT","8","kg","3185357","false","-1","N/A",,"false","3185357","false",,"false",,"1716023","1716023","0","false","false",
"C","A","19970101","1997","52","1997","170","COL","Colombia","X","Export","0","W00","World","0","W00","World","H1","HS","true","0702","Tomatoes; fresh or chilled","4","false","C00","TOTAL CPC","0","0","TOTAL MOT","8","kg","222148","false","-1","N/A",,"false","222148","false",,"false",,"42531","42531","0","false","false",
"C","A","19970101","1997","52","1997","152","CHL","Chile","X","Export","0","W00","World","0","W00","World","H1","HS","true","0703","Onions, shallots, garlic, leeks and other alliaceous vegetables; fresh or chilled","4","false","C00","TOTAL CPC","0","0","TOTAL MOT","8","kg","31235186","false","-1","N/A",,"false","31235186","false",,"false",,"14877067","14877067","0","false","false",
"C","A","19970101","1997","52","1997","170","COL","Colombia","X","Export","0","W00","World","0","W00","World","H1","HS","true","0703","Onions, shallots, garlic, leeks and other alliaceous vegetables; fresh or chilled","4","false","C00","TOTAL CPC","0","0","TOTAL MOT","8","kg","3090646","false","-1","N/A",,"false","3090646","false",,"false",,"853709","853709","0","false","false",
"C","A","19970101","1997","52","1997","152","CHL","Chile","X","Export","0","W00","World","0","W00","World","H1","HS","true","0704","Cabbages, cauliflowers, kohlrabi, kale and similar edible brassicas; fresh or chilled","4","false","C00","TOTAL CPC","0","0","TOTAL MOT","8","kg","88391","false","-1","N/A",,"false","88391","false",,"false",,"104458","104458","0","false","false",
"C","A","19970101","1997","52","1997","152","CHL","Chile","X","Export","0","W00","World","0","W00","World","H1","HS","true","0705","Lettuce (lactuca sativa) and chicory (cichorium spp.) fresh or chilled","4","false","C00","TOTAL CPC","0","0","TOTAL MOT","8","kg","792182","false","-1","N/A",,"false","792182","false",,"false",,"1645708","1645708","0","false","false",
"C","A","19970101","1997","52","1997","170","COL","Colombia","X","Export","0","W00","World","0","W00","World","H1","HS","true","0705","Lettuce (lactuca sativa) and chicory (cichorium spp.) fresh or chilled","4","false","C00","TOTAL CPC","0","0","TOTAL MOT","8","kg","419","false","-1","N/A",,"false","419","false",,"false",,"501","501","0","false","false",
"C","A","19970101","1997","52","1997","152","CHL","Chile","X","Export","0","W00","World","0","W00","World","H1","HS","true","0706","Carrots, turnips, salad beetroot, salsify, celeriac, radishes and similar edible roots; fresh or chilled","4","false","C00","TOTAL CPC","0","0","TOTAL MOT","8","kg","76768","false","-1","N/A",,"false","76768","false",,"false",,"53111","53111","0","false","false",
"C","A","19970101","1997","52","1997","170","COL","Colombia","X","Export","0","W00","World","0","W00","World","H1","HS","true","0706","Carrots, turnips, salad beetroot, salsify, celeriac, radishes and similar edible roots; fresh or chilled","4","false","C00","TOTAL CPC","0","0","TOTAL MOT","8","kg","108136","false","-1","N/A",,"false","108136","false",,"false",,"27348","27348","0","false","false",
"C","A","19970101","1997","52","1997","152","CHL","Chile","X","Export","0","W00","World","0","W00","World","H1","HS","true","0707","Cucumbers and gherkins; fresh or chilled","4","false","C00","TOTAL CPC","0","0","TOTAL MOT","8","kg","2037","false","-1","N/A",,"false","2037","false",,"false",,"2966","2966","0","false","false",
"C","A","19970101","1997","52","1997","152","CHL","Chile","X","Export","0","W00","World","0","W00","World","H1","HS","true","0708","Leguminous vegetables; shelled or unshelled, fresh or chilled","4","false","C00","TOTAL CPC","0","0","TOTAL MOT","8","kg","111","false","-1","N/A",,"false","111","false",,"false",,"211","211","0","false","false",
"C","A","19970101","1997","52","1997","170","COL","Colombia","X","Export","0","W00","World","0","W00","World","H1","HS","true","0708","Leguminous vegetables; shelled or unshelled, fresh or chilled","4","false","C00","TOTAL CPC","0","0","TOTAL MOT","8","kg","638","false","-1","N/A",,"false","638","false",,"false",,"2285","2285","0","false","false",
"C","A","19970101","1997","52","1997","152","CHL","Chile","X","Export","0","W00","World","0","W00","World","H1","HS","true","0709","Vegetables, n.e.s. in chapter 07; fresh or chilled","4","false","C00","TOTAL CPC","0","0","TOTAL MOT","8","kg","5638540","false","-1","N/A",,"false","5638540","false",,"false",,"6604606","6604606","0","false","false",
"C","A","19970101","1997","52","1997","170","COL","Colombia","X","Export","0","W00","World","0","W00","World","H1","HS","true","0709","Vegetables, n.e.s. in chapter 07; fresh or chilled","4","false","C00","TOTAL CPC","0","0","TOTAL MOT","8","kg","2034380","false","-1","N/A",,"false","2034380","false",,"false",,"4765364","4765364","0","false","false",
"C","A","19970101","1997","52","1997","152","CHL","Chile","X","Export","0","W00","World","0","W00","World","H1","HS","true","0712","Vegetables, dried; whole, cut, sliced, broken or in powder, but not further prepared","4","false","C00","TOTAL CPC","0","0","TOTAL MOT","8","kg","2602480","false","-1","N/A",,"false","2602480","false",,"false",,"12209077","12209077","0","false","false",
"C","A","19970101","1997","52","1997","170","COL","Colombia","X","Export","0","W00","World","0","W00","World","H1","HS","true","0712","Vegetables, dried; whole, cut, sliced, broken or in powder, but not further prepared","4","false","C00","TOTAL CPC","0","0","TOTAL MOT","8","kg","51291","false","-1","N/A",,"false","51291","false",,"false",,"45233","45233","0","false","false",
"C","A","19970101","1997","52","1997","604","PER","Peru","X","Export","0","W00","World","0","W00","World","H0","HS","true","0701","Potatoes; fresh or chilled","4","false","C00","TOTAL CPC","0","0","TOTAL MOT","8","kg","2036704","false","-1","N/A",,"false","2036704","false",,"false",,"151791","151791","0","true","false",
"C","A","19970101","1997","52","1997","604","PER","Peru","X","Export","0","W00","World","0","W00","World","H0","HS","true","0702","Tomatoes; fresh or chilled","4","false","C00","TOTAL CPC","0","0","TOTAL MOT","8","kg","3553","false","-1","N/A",,"false","3553","false",,"false",,"7849","7849","0","true","false",
"C","A","19970101","1997","52","1997","604","PER","Peru","X","Export","0","W00","World","0","W00","World","H0","HS","true","0703","Onions, shallots, garlic, leeks and other alliaceous vegetables; fresh or chilled","4","false","C00","TOTAL CPC","0","0","TOTAL MOT","8","kg","11353351","false","-1","N/A",,"false","11353351","false",,"false",,"3664837","3664837","0","true","false",
"C","A","19970101","1997","52","1997","604","PER","Peru","X","Export","0","W00","World","0","W00","World","H0","HS","true","0704","Cabbages, cauliflowers, kohlrabi, kale and similar edible brassicas; fresh or chilled","4","false","C00","TOTAL CPC","0","0","TOTAL MOT","8","kg","1127","false","-1","N/A",,"false","1127","false",,"false",,"2862","2862","0","true","false",
"C","A","19970101","1997","52","1997","604","PER","Peru","X","Export","0","W00","World","0","W00","World","H0","HS","true","0705","Lettuce (lactuca sativa) and chicory (cichorium spp.) fresh or chilled","4","false","C00","TOTAL CPC","0","0","TOTAL MOT","8","kg","380977","false","-1","N/A",,"false","380977","false",,"false",,"915694","915694","0","true","false",
"C","A","19970101","1997","52","1997","604","PER","Peru","X","Export","0","W00","World","0","W00","World","H0","HS","true","0706","Carrots, turnips, salad beetroot, salsify, celeriac, radishes and similar edible roots; fresh or chilled","4","false","C00","TOTAL CPC","0","0","TOTAL MOT","8","kg","609","false","-1","N/A",,"false","609","false",,"false",,"161","161","0","true","false",
"C","A","19970101","1997","52","1997","604","PER","Peru","X","Export","0","W00","World","0","W00","World","H0","HS","true","0707","Cucumbers and gherkins; fresh or chilled","4","false","C00","TOTAL CPC","0","0","TOTAL MOT","8","kg","4510","false","-1","N/A",,"false","4510","false",,"false",,"5559","5559","0","true","false",
"C","A","19970101","1997","52","1997","604","PER","Peru","X","Export","0","W00","World","0","W00","World","H0","HS","true","0708","Leguminous vegetables; shelled or unshelled, fresh or chilled","4","false","C00","TOTAL CPC","0","0","TOTAL MOT","8","kg","232560","false","-1","N/A",,"false","232560","false",,"false",,"234493","234493","0","true","false",
"C","A","19970101","1997","52","1997","604","PER","Peru","X","Export","0","W00","World","0","W00","World","H0","HS","true","0709","Vegetables, n.e.s. in chapter 07; fresh or chilled","4","false","C00","TOTAL CPC","0","0","TOTAL MOT","8","kg","16046737","false","-1","N/A",,"false","16046737","false",,"false",,"32387220","32387220","0","true","false",
"C","A","19970101","1997","52","1997","604","PER","Peru","X","Export","0","W00","World","0","W00","World","H0","HS","true","0712","Vegetables, dried; whole, cut, sliced, broken or in powder, but not further prepared","4","false","C00","TOTAL CPC","0","0","TOTAL MOT","8","kg","1478787","false","-1","N/A",,"false","1478787","false",,"false",,"6717800","6717800","0","true","false",
"C","A","19980101","1998","52","1998","76","BRA","Brazil","X","Export","0","W00","World","0","W00","World","H1","HS","true","0701","Potatoes; fresh or chilled","4","false","C00","TOTAL CPC","0","0","TOTAL MOT","8","kg","85","false","-1","N/A",,"false","85","false",,"false",,"41","41","0","false","false",
"C","A","19980101","1998","52","1998","76","BRA","Brazil","X","Export","0","W00","World","0","W00","World","H1","HS","true","0702","Tomatoes; fresh or chilled","4","false","C00","TOTAL CPC","0","0","TOTAL MOT","8","kg","17049684","false","-1","N/A",,"false","17049684","false",,"false",,"4575619","4575619","0","false","false",
"C","A","19980101","1998","52","1998","76","BRA","Brazil","X","Export","0","W00","World","0","W00","World","H1","HS","true","0703","Onions, shallots, garlic, leeks and other alliaceous vegetables; fresh or chilled","4","false","C00","TOTAL CPC","0","0","TOTAL MOT","8","kg","751026","false","-1","N/A",,"false","751026","false",,"false",,"249235","249235","0","false","false",
"C","A","19980101","1998","52","1998","76","BRA","Brazil","X","Export","0","W00","World","0","W00","World","H1","HS","true","0704","Cabbages, cauliflowers, kohlrabi, kale and similar edible brassicas; fresh or chilled","4","false","C00","TOTAL CPC","0","0","TOTAL MOT","8","kg","37276","false","-1","N/A",,"false","37276","false",,"false",,"10746","10746","0","false","false",
"C","A","19980101","1998","52","1998","76","BRA","Brazil","X","Export","0","W00","World","0","W00","World","H1","HS","true","0705","Lettuce (lactuca sativa) and chicory (cichorium spp.) fresh or chilled","4","false","C00","TOTAL CPC","0","0","TOTAL MOT","8","kg","425","false","-1","N/A",,"false","425","false",,"false",,"233","233","0","false","false",
"C","A","19980101","1998","52","1998","76","BRA","Brazil","X","Export","0","W00","World","0","W00","World","H1","HS","true","0706","Carrots, turnips, salad beetroot, salsify, celeriac, radishes and similar edible roots; fresh or chilled","4","false","C00","TOTAL CPC","0","0","TOTAL MOT","8","kg","9757","false","-1","N/A",,"false","9757","false",,"false",,"7199","7199","0","false","false",
"C","A","19980101","1998","52","1998","76","BRA","Brazil","X","Export","0","W00","World","0","W00","World","H1","HS","true","0707","Cucumbers and gherkins; fresh or chilled","4","false","C00","TOTAL CPC","0","0","TOTAL MOT","8","kg","30691","false","-1","N/A",,"false","30691","false",,"false",,"9203","9203","0","false","false",
"C","A","19980101","1998","52","1998","76","BRA","Brazil","X","Export","0","W00","World","0","W00","World","H1","HS","true","0708","Leguminous vegetables; shelled or unshelled, fresh or chilled","4","false","C00","TOTAL CPC","0","0","TOTAL MOT","8","kg","179","false","-1","N/A",,"false","179","false",,"false",,"291","291","0","false","false",
"C","A","19980101","1998","52","1998","76","BRA","Brazil","X","Export","0","W00","World","0","W00","World","H1","HS","true","0709","Vegetables, n.e.s. in chapter 07; fresh or chilled","4","false","C00","TOTAL CPC","0","0","TOTAL MOT","8","kg","16144561","false","-1","N/A",,"false","16144561","false",,"false",,"2021404","2021404","0","false","false",
"C","A","19980101","1998","52","1998","76","BRA","Brazil","X","Export","0","W00","World","0","W00","World","H1","HS","true","0712","Vegetables, dried; whole, cut, sliced, broken or in powder, but not further prepared","4","false","C00","TOTAL CPC","0","0","TOTAL MOT","8","kg","103623","false","-1","N/A",,"false","103623","false",,"false",,"4842755","4842755","0","false","false",
"C","A","19980101","1998","52","1998","152","CHL","Chile","X","Export","0","W00","World","0","W00","World","H1","HS","true","0701","Potatoes; fresh or chilled","4","false","C00","TOTAL CPC","0","0","TOTAL MOT","8","kg","2063992","false","-1","N/A",,"false","2063992","false",,"false",,"1004701","1004701","0","false","false",
"C","A","19980101","1998","52","1998","170","COL","Colombia","X","Export","0","W00","World","0","W00","World","H1","HS","true","0701","Potatoes; fresh or chilled","4","false","C00","TOTAL CPC","0","0","TOTAL MOT","8","kg","7392236","false","-1","N/A",,"false","7392236","false",,"false",,"2529003","2529003","0","false","false",
"C","A","19980101","1998","52","1998","152","CHL","Chile","X","Export","0","W00","World","0","W00","World","H1","HS","true","0702","Tomatoes; fresh or chilled","4","false","C00","TOTAL CPC","0","0","TOTAL MOT","8","kg","2179382","false","-1","N/A",,"false","2179382","false",,"false",,"1484224","1484224","0","false","false",
"C","A","19980101","1998","52","1998","170","COL","Colombia","X","Export","0","W00","World","0","W00","World","H1","HS","true","0702","Tomatoes; fresh or chilled","4","false","C00","TOTAL CPC","0","0","TOTAL MOT","8","kg","4474787","false","-1","N/A",,"false","4474787","false",,"false",,"1365293","1365293","0","false","false",
"C","A","19980101","1998","52","1998","152","CHL","Chile","X","Export","0","W00","World","0","W00","World","H1","HS","true","0703","Onions, shallots, garlic, leeks and other alliaceous vegetables; fresh or chilled","4","false","C00","TOTAL CPC","0","0","TOTAL MOT","8","kg","27693272","false","-1","N/A",,"false","27693272","false",,"false",,"13597720","13597720","0","false","false",
"C","A","19980101","1998","52","1998","170","COL","Colombia","X","Export","0","W00","World","0","W00","World","H1","HS","true","0703","Onions, shallots, garlic, leeks and other alliaceous vegetables; fresh or chilled","4","false","C00","TOTAL CPC","0","0","TOTAL MOT","8","kg","66905","false","-1","N/A",,"false","66905","false",,"false",,"32325","32325","0","false","false",
"C","A","19980101","1998","52","1998","152","CHL","Chile","X","Export","0","W00","World","0","W00","World","H1","HS","true","0704","Cabbages, cauliflowers, kohlrabi, kale and similar edible brassicas; fresh or chilled","4","false","C00","TOTAL CPC","0","0","TOTAL MOT","8","kg","106613","false","-1","N/A",,"false","106613","false",,"false",,"171986","171986","0","false","false",
"C","A","19980101","1998","52","1998","170","COL","Colombia","X","Export","0","W00","World","0","W00","World","H1","HS","true","0704","Cabbages, cauliflowers, kohlrabi, kale and similar edible brassicas; fresh or chilled","4","false","C00","TOTAL CPC","0","0","TOTAL MOT","8","kg","201204","false","-1","N/A",,"false","201204","false",,"false",,"60337","60337","0","false","false",
"C","A","19980101","1998","52","1998","152","CHL","Chile","X","Export","0","W00","World","0","W00","World","H1","HS","true","0705","Lettuce (lactuca sativa) and chicory (cichorium spp.) fresh or chilled","4","false","C00","TOTAL CPC","0","0","TOTAL MOT","8","kg","1445407","false","-1","N/A",,"false","1445407","false",,"false",,"2593558","2593558","0","false","false",
"C","A","19980101","1998","52","1998","170","COL","Colombia","X","Export","0","W00","World","0","W00","World","H1","HS","true","0705","Lettuce (lactuca sativa) and chicory (cichorium spp.) fresh or chilled","4","false","C00","TOTAL CPC","0","0","TOTAL MOT","8","kg","929","false","-1","N/A",,"false","929","false",,"false",,"260","260","0","false","false",
"C","A","19980101","1998","52","1998","152","CHL","Chile","X","Export","0","W00","World","0","W00","World","H1","HS","true","0706","Carrots, turnips, salad beetroot, salsify, celeriac, radishes and similar edible roots; fresh or chilled","4","false","C00","TOTAL CPC","0","0","TOTAL MOT","8","kg","165158","false","-1","N/A",,"false","165158","false",,"false",,"131103","131103","0","false","false",
"C","A","19980101","1998","52","1998","170","COL","Colombia","X","Export","0","W00","World","0","W00","World","H1","HS","true","0706","Carrots, turnips, salad beetroot, salsify, celeriac, radishes and similar edible roots; fresh or chilled","4","false","C00","TOTAL CPC","0","0","TOTAL MOT","8","kg","591413","false","-1","N/A",,"false","591413","false",,"false",,"204875","204875","0","false","false",
"C","A","19980101","1998","52","1998","152","CHL","Chile","X","Export","0","W00","World","0","W00","World","H1","HS","true","0707","Cucumbers and gherkins; fresh or chilled","4","false","C00","TOTAL CPC","0","0","TOTAL MOT","8","kg","3212","false","-1","N/A",,"false","3212","false",,"false",,"6568","6568","0","false","false",
"C","A","19980101","1998","52","1998","170","COL","Colombia","X","Export","0","W00","World","0","W00","World","H1","HS","true","0707","Cucumbers and gherkins; fresh or chilled","4","false","C00","TOTAL CPC","0","0","TOTAL MOT","8","kg","191","false","-1","N/A",,"false","191","false",,"false",,"191","191","0","false","false",
"C","A","19980101","1998","52","1998","152","CHL","Chile","X","Export","0","W00","World","0","W00","World","H1","HS","true","0708","Leguminous vegetables; shelled or unshelled, fresh or chilled","4","false","C00","TOTAL CPC","0","0","TOTAL MOT","8","kg","10450","false","-1","N/A",,"false","10450","false",,"false",,"10949","10949","0","false","false",
"C","A","19980101","1998","52","1998","170","COL","Colombia","X","Export","0","W00","World","0","W00","World","H1","HS","true","0708","Leguminous vegetables; shelled or unshelled, fresh or chilled","4","false","C00","TOTAL CPC","0","0","TOTAL MOT","8","kg","9905","false","-1","N/A",,"false","9905","false",,"false",,"3445","3445","0","false","false",
"C","A","19980101","1998","52","1998","152","CHL","Chile","X","Export","0","W00","World","0","W00","World","H1","HS","true","0709","Vegetables, n.e.s. in chapter 07; fresh or chilled","4","false","C00","TOTAL CPC","0","0","TOTAL MOT","8","kg","6169831","false","-1","N/A",,"false","6169831","false",,"false",,"7864891","7864891","0","false","false",
"C","A","19980101","1998","52","1998","170","COL","Colombia","X","Export","0","W00","World","0","W00","World","H1","HS","true","0709","Vegetables, n.e.s. in chapter 07; fresh or chilled","4","false","C00","TOTAL CPC","0","0","TOTAL MOT","8","kg","2332521","false","-1","N/A",,"false","2332521","false",,"false",,"5647343","5647343","0","false","false",
"C","A","19980101","1998","52","1998","152","CHL","Chile","X","Export","0","W00","World","0","W00","World","H1","HS","true","0712","Vegetables, dried; whole, cut, sliced, broken or in powder, but not further prepared","4","false","C00","TOTAL CPC","0","0","TOTAL MOT","8","kg","2970999","false","-1","N/A",,"false","2970999","false",,"false",,"15432888","15432888","0","false","false",
"C","A","19980101","1998","52","1998","170","COL","Colombia","X","Export","0","W00","World","0","W00","World","H1","HS","true","0712","Vegetables, dried; whole, cut, sliced, broken or in powder, but not further prepared","4","false","C00","TOTAL CPC","0","0","TOTAL MOT","8","kg","248","false","-1","N/A",,"false","248","false",,"false",,"1895","1895","0","false","false",
"C","A","19980101","1998","52","1998","604","PER","Peru","X","Export","0","W00","World","0","W00","World","H1","HS","true","0701","Potatoes; fresh or chilled","4","false","C00","TOTAL CPC","0","0","TOTAL MOT","8","kg","42173","false","-1","N/A",,"false","42173","false",,"false",,"6924","6924","0","false","false",
"C","A","19980101","1998","52","1998","604","PER","Peru","X","Export","0","W00","World","0","W00","World","H1","HS","true","0702","Tomatoes; fresh or chilled","4","false","C00","TOTAL CPC","0","0","TOTAL MOT","8","kg","11","false","-1","N/A",,"false","11","false",,"false",,"64","64","0","false","false",
"C","A","19980101","1998","52","1998","604","PER","Peru","X","Export","0","W00","World","0","W00","World","H1","HS","true","0703","Onions, shallots, garlic, leeks and other alliaceous vegetables; fresh or chilled","4","false","C00","TOTAL CPC","0","0","TOTAL MOT","8","kg","20483452","false","-1","N/A",,"false","20483452","false",,"false",,"7065678","7065678","0","false","false",
"C","A","19980101","1998","52","1998","604","PER","Peru","X","Export","0","W00","World","0","W00","World","H1","HS","true","0704","Cabbages, cauliflowers, kohlrabi, kale and similar edible brassicas; fresh or chilled","4","false","C00","TOTAL CPC","0","0","TOTAL MOT","8","kg","8","false","-1","N/A",,"false","8","false",,"false",,"31","31","0","false","false",
"C","A","19980101","1998","52","1998","604","PER","Peru","X","Export","0","W00","World","0","W00","World","H1","HS","true","0705","Lettuce (lactuca sativa) and chicory (cichorium spp.) fresh or chilled","4","false","C00","TOTAL CPC","0","0","TOTAL MOT","8","kg","329395","false","-1","N/A",,"false","329395","false",,"false",,"891696","891696","0","false","false",
"C","A","19980101","1998","52","1998","604","PER","Peru","X","Export","0","W00","World","0","W00","World","H1","HS","true","0706","Carrots, turnips, salad beetroot, salsify, celeriac, radishes and similar edible roots; fresh or chilled","4","false","C00","TOTAL CPC","0","0","TOTAL MOT","8","kg","30","false","-1","N/A",,"false","30","false",,"false",,"29","29","0","false","false",
"C","A","19980101","1998","52","1998","604","PER","Peru","X","Export","0","W00","World","0","W00","World","H1","HS","true","0707","Cucumbers and gherkins; fresh or chilled","4","false","C00","TOTAL CPC","0","0","TOTAL MOT","8","kg","6000","false","-1","N/A",,"false","6000","false",,"false",,"6149","6149","0","false","false",
"C","A","19980101","1998","52","1998","604","PER","Peru","X","Export","0","W00","World","0","W00","World","H1","HS","true","0708","Leguminous vegetables; shelled or unshelled, fresh or chilled","4","false","C00","TOTAL CPC","0","0","TOTAL MOT","8","kg","551057","false","-1","N/A",,"false","551057","false",,"false",,"906452","906452","0","false","false",
"C","A","19980101","1998","52","1998","604","PER","Peru","X","Export","0","W00","World","0","W00","World","H1","HS","true","0709","Vegetables, n.e.s. in chapter 07; fresh or chilled","4","false","C00","TOTAL CPC","0","0","TOTAL MOT","8","kg","17405686","false","-1","N/A",,"false","17405686","false",,"false",,"35905888","35905888","0","false","false",
"C","A","19980101","1998","52","1998","604","PER","Peru","X","Export","0","W00","World","0","W00","World","H1","HS","true","0712","Vegetables, dried; whole, cut, sliced, broken or in powder, but not further prepared","4","false","C00","TOTAL CPC","0","0","TOTAL MOT","8","kg","683029","false","-1","N/A",,"false","683029","false",,"false",,"7495557","7495557","0","false","false",
"C","A","19990101","1999","52","1999","76","BRA","Brazil","X","Export","0","W00","World","0","W00","World","H1","HS","true","0701","Potatoes; fresh or chilled","4","false","C00","TOTAL CPC","0","0","TOTAL MOT","8","kg","2078041","false","-1","N/A",,"false","2078041","false",,"false",,"170186","170186","0","false","false",
"C","A","19990101","1999","52","1999","76","BRA","Brazil","X","Export","0","W00","World","0","W00","World","H1","HS","true","0702","Tomatoes; fresh or chilled","4","false","C00","TOTAL CPC","0","0","TOTAL MOT","8","kg","54957245","false","-1","N/A",,"false","54957245","false",,"false",,"12431559","12431559","0","false","false",
"C","A","19990101","1999","52","1999","76","BRA","Brazil","X","Export","0","W00","World","0","W00","World","H1","HS","true","0703","Onions, shallots, garlic, leeks and other alliaceous vegetables; fresh or chilled","4","false","C00","TOTAL CPC","0","0","TOTAL MOT","8","kg","2503478","false","-1","N/A",,"false","2503478","false",,"false",,"1474337","1474337","0","false","false",
"C","A","19990101","1999","52","1999","76","BRA","Brazil","X","Export","0","W00","World","0","W00","World","H1","HS","true","0704","Cabbages, cauliflowers, kohlrabi, kale and similar edible brassicas; fresh or chilled","4","false","C00","TOTAL CPC","0","0","TOTAL MOT","8","kg","43304","false","-1","N/A",,"false","43304","false",,"false",,"14492","14492","0","false","false",
"C","A","19990101","1999","52","1999","76","BRA","Brazil","X","Export","0","W00","World","0","W00","World","H1","HS","true","0705","Lettuce (lactuca sativa) and chicory (cichorium spp.) fresh or chilled","4","false","C00","TOTAL CPC","0","0","TOTAL MOT","8","kg","41081","false","-1","N/A",,"false","41081","false",,"false",,"73203","73203","0","false","false",
"C","A","19990101","1999","52","1999","76","BRA","Brazil","X","Export","0","W00","World","0","W00","World","H1","HS","true","0706","Carrots, turnips, salad beetroot, salsify, celeriac, radishes and similar edible roots; fresh or chilled","4","false","C00","TOTAL CPC","0","0","TOTAL MOT","8","kg","271119","false","-1","N/A",,"false","271119","false",,"false",,"79144","79144","0","false","false",
"C","A","19990101","1999","52","1999","76","BRA","Brazil","X","Export","0","W00","World","0","W00","World","H1","HS","true","0707","Cucumbers and gherkins; fresh or chilled","4","false","C00","TOTAL CPC","0","0","TOTAL MOT","8","kg","630011","false","-1","N/A",,"false","630011","false",,"false",,"143187","143187","0","false","false",
"C","A","19990101","1999","52","1999","76","BRA","Brazil","X","Export","0","W00","World","0","W00","World","H1","HS","true","0708","Leguminous vegetables; shelled or unshelled, fresh or chilled","4","false","C00","TOTAL CPC","0","0","TOTAL MOT","8","kg","44071","false","-1","N/A",,"false","44071","false",,"false",,"15999","15999","0","false","false",
"C","A","19990101","1999","52","1999","76","BRA","Brazil","X","Export","0","W00","World","0","W00","World","H1","HS","true","0709","Vegetables, n.e.s. in chapter 07; fresh or chilled","4","false","C00","TOTAL CPC","0","0","TOTAL MOT","8","kg","31764877","false","-1","N/A",,"false","31764877","false",,"false",,"4835488","4835488","0","false","false",
"C","A","19990101","1999","52","1999","76","BRA","Brazil","X","Export","0","W00","World","0","W00","World","H1","HS","true","0712","Vegetables, dried; whole, cut, sliced, broken or in powder, but not further prepared","4","false","C00","TOTAL CPC","0","0","TOTAL MOT","8","kg","127291","false","-1","N/A",,"false","127291","false",,"false",,"3840330","3840330","0","false","false",
"C","A","19990101","1999","52","1999","152","CHL","Chile","X","Export","0","W00","World","0","W00","World","H1","HS","true","0701","Potatoes; fresh or chilled","4","false","C00","TOTAL CPC","0","0","TOTAL MOT","8","kg","3236238","false","-1","N/A",,"false","3236238","false",,"false",,"836564","836564","0","false","false",
"C","A","19990101","1999","52","1999","170","COL","Colombia","X","Export","0","W00","World","0","W00","World","H1","HS","true","0701","Potatoes; fresh or chilled","4","false","C00","TOTAL CPC","0","0","TOTAL MOT","8","kg","18236284","false","-1","N/A",,"false","18236284","false",,"false",,"5340030","5340030","0","false","false",
"C","A","19990101","1999","52","1999","152","CHL","Chile","X","Export","0","W00","World","0","W00","World","H1","HS","true","0702","Tomatoes; fresh or chilled","4","false","C00","TOTAL CPC","0","0","TOTAL MOT","8","kg","3628669","false","-1","N/A",,"false","3628669","false",,"false",,"2304754","2304754","0","false","false",
"C","A","19990101","1999","52","1999","170","COL","Colombia","X","Export","0","W00","World","0","W00","World","H1","HS","true","0702","Tomatoes; fresh or chilled","4","false","C00","TOTAL CPC","0","0","TOTAL MOT","8","kg","1123562","false","-1","N/A",,"false","1123562","false",,"false",,"336360","336360","0","false","false",
"C","A","19990101","1999","52","1999","152","CHL","Chile","X","Export","0","W00","World","0","W00","World","H1","HS","true","0703","Onions, shallots, garlic, leeks and other alliaceous vegetables; fresh or chilled","4","false","C00","TOTAL CPC","0","0","TOTAL MOT","8","kg","51764088","false","-1","N/A",,"false","51764088","false",,"false",,"23308764","23308764","0","false","false",
"C","A","19990101","1999","52","1999","170","COL","Colombia","X","Export","0","W00","World","0","W00","World","H1","HS","true","0703","Onions, shallots, garlic, leeks and other alliaceous vegetables; fresh or chilled","4","false","C00","TOTAL CPC","0","0","TOTAL MOT","8","kg","3657509","false","-1","N/A",,"false","3657509","false",,"false",,"1276173","1276173","0","false","false",
"C","A","19990101","1999","52","1999","152","CHL","Chile","X","Export","0","W00","World","0","W00","World","H1","HS","true","0704","Cabbages, cauliflowers, kohlrabi, kale and similar edible brassicas; fresh or chilled","4","false","C00","TOTAL CPC","0","0","TOTAL MOT","8","kg","203112","false","-1","N/A",,"false","203112","false",,"false",,"320103","320103","0","false","false",
"C","A","19990101","1999","52","1999","170","COL","Colombia","X","Export","0","W00","World","0","W00","World","H1","HS","true","0704","Cabbages, cauliflowers, kohlrabi, kale and similar edible brassicas; fresh or chilled","4","false","C00","TOTAL CPC","0","0","TOTAL MOT","8","kg","6827","false","-1","N/A",,"false","6827","false",,"false",,"8537","8537","0","false","false",
"C","A","19990101","1999","52","1999","152","CHL","Chile","X","Export","0","W00","World","0","W00","World","H1","HS","true","0705","Lettuce (lactuca sativa) and chicory (cichorium spp.) fresh or chilled","4","false","C00","TOTAL CPC","0","0","TOTAL MOT","8","kg","1309058","false","-1","N/A",,"false","1309058","false",,"false",,"2379945","2379945","0","false","false",
"C","A","19990101","1999","52","1999","170","COL","Colombia","X","Export","0","W00","World","0","W00","World","H1","HS","true","0705","Lettuce (lactuca sativa) and chicory (cichorium spp.) fresh or chilled","4","false","C00","TOTAL CPC","0","0","TOTAL MOT","8","kg","29018","false","-1","N/A",,"false","29018","false",,"false",,"31444","31444","0","false","false",
"C","A","19990101","1999","52","1999","152","CHL","Chile","X","Export","0","W00","World","0","W00","World","H1","HS","true","0706","Carrots, turnips, salad beetroot, salsify, celeriac, radishes and similar edible roots; fresh or chilled","4","false","C00","TOTAL CPC","0","0","TOTAL MOT","8","kg","97666","false","-1","N/A",,"false","97666","false",,"false",,"86071","86071","0","false","false",
"C","A","19990101","1999","52","1999","170","COL","Colombia","X","Export","0","W00","World","0","W00","World","H1","HS","true","0706","Carrots, turnips, salad beetroot, salsify, celeriac, radishes and similar edible roots; fresh or chilled","4","false","C00","TOTAL CPC","0","0","TOTAL MOT","8","kg","84489","false","-1","N/A",,"false","84489","false",,"false",,"16887","16887","0","false","false",
"C","A","19990101","1999","52","1999","152","CHL","Chile","X","Export","0","W00","World","0","W00","World","H1","HS","true","0707","Cucumbers and gherkins; fresh or chilled","4","false","C00","TOTAL CPC","0","0","TOTAL MOT","8","kg","2189","false","-1","N/A",,"false","2189","false",,"false",,"3779","3779","0","false","false",
"C","A","19990101","1999","52","1999","170","COL","Colombia","X","Export","0","W00","World","0","W00","World","H1","HS","true","0707","Cucumbers and gherkins; fresh or chilled","4","false","C00","TOTAL CPC","0","0","TOTAL MOT","8","kg","390","false","-1","N/A",,"false","390","false",,"false",,"892","892","0","false","false",
"C","A","19990101","1999","52","1999","152","CHL","Chile","X","Export","0","W00","World","0","W00","World","H1","HS","true","0708","Leguminous vegetables; shelled or unshelled, fresh or chilled","4","false","C00","TOTAL CPC","0","0","TOTAL MOT","8","kg","9528","false","-1","N/A",,"false","9528","false",,"false",,"4005","4005","0","false","false",
"C","A","19990101","1999","52","1999","170","COL","Colombia","X","Export","0","W00","World","0","W00","World","H1","HS","true","0708","Leguminous vegetables; shelled or unshelled, fresh or chilled","4","false","C00","TOTAL CPC","0","0","TOTAL MOT","8","kg","632","false","-1","N/A",,"false","632","false",,"false",,"1653","1653","0","false","false",
"C","A","19990101","1999","52","1999","152","CHL","Chile","X","Export","0","W00","World","0","W00","World","H1","HS","true","0709","Vegetables, n.e.s. in chapter 07; fresh or chilled","4","false","C00","TOTAL CPC","0","0","TOTAL MOT","8","kg","7682228","false","-1","N/A",,"false","7682228","false",,"false",,"10790547","10790547","0","false","false",
"C","A","19990101","1999","52","1999","170","COL","Colombia","X","Export","0","W00","World","0","W00","World","H1","HS","true","0709","Vegetables, n.e.s. in chapter 07; fresh or chilled","4","false","C00","TOTAL CPC","0","0","TOTAL MOT","8","kg","1824758","false","-1","N/A",,"false","1824758","false",,"false",,"4209402","4209402","0","false","false",
"C","A","19990101","1999","52","1999","152","CHL","Chile","X","Export","0","W00","World","0","W00","World","H1","HS","true","0712","Vegetables, dried; whole, cut, sliced, broken or in powder, but not further prepared","4","false","C00","TOTAL CPC","0","0","TOTAL MOT","8","kg","2055665","false","-1","N/A",,"false","2055665","false",,"false",,"11733274","11733274","0","false","false",
"C","A","19990101","1999","52","1999","170","COL","Colombia","X","Export","0","W00","World","0","W00","World","H1","HS","true","0712","Vegetables, dried; whole, cut, sliced, broken or in powder, but not further prepared","4","false","C00","TOTAL CPC","0","0","TOTAL MOT","8","kg","406","false","-1","N/A",,"false","406","false",,"false",,"5657","5657","0","false","false",
"C","A","19990101","1999","52","1999","604","PER","Peru","X","Export","0","W00","World","0","W00","World","H1","HS","true","0701","Potatoes; fresh or chilled","4","false","C00","TOTAL CPC","0","0","TOTAL MOT","8","kg","3504","false","-1","N/A",,"false","3504","false",,"false",,"6169","6169","0","false","false",
"C","A","19990101","1999","52","1999","604","PER","Peru","X","Export","0","W00","World","0","W00","World","H1","HS","true","0702","Tomatoes; fresh or chilled","4","false","C00","TOTAL CPC","0","0","TOTAL MOT","8","kg","1702","false","-1","N/A",,"false","1702","false",,"false",,"850","850","0","false","false",
"C","A","19990101","1999","52","1999","604","PER","Peru","X","Export","0","W00","World","0","W00","World","H1","HS","true","0703","Onions, shallots, garlic, leeks and other alliaceous vegetables; fresh or chilled","4","false","C00","TOTAL CPC","0","0","TOTAL MOT","8","kg","33047816","false","-1","N/A",,"false","33047816","false",,"false",,"11688640","11688640","0","false","false",
"C","A","19990101","1999","52","1999","604","PER","Peru","X","Export","0","W00","World","0","W00","World","H1","HS","true","0704","Cabbages, cauliflowers, kohlrabi, kale and similar edible brassicas; fresh or chilled","4","false","C00","TOTAL CPC","0","0","TOTAL MOT","8","kg","797","false","-1","N/A",,"false","797","false",,"false",,"134","134","0","false","false",
"C","A","19990101","1999","52","1999","604","PER","Peru","X","Export","0","W00","World","0","W00","World","H1","HS","true","0705","Lettuce (lactuca sativa) and chicory (cichorium spp.) fresh or chilled","4","false","C00","TOTAL CPC","0","0","TOTAL MOT","8","kg","381835","false","-1","N/A",,"false","381835","false",,"false",,"884048","884048","0","false","false",
"C","A","19990101","1999","52","1999","604","PER","Peru","X","Export","0","W00","World","0","W00","World","H1","HS","true","0706","Carrots, turnips, salad beetroot, salsify, celeriac, radishes and similar edible roots; fresh or chilled","4","false","C00","TOTAL CPC","0","0","TOTAL MOT","8","kg","12737","false","-1","N/A",,"false","12737","false",,"false",,"9035","9035","0","false","false",
"C","A","19990101","1999","52","1999","604","PER","Peru","X","Export","0","W00","World","0","W00","World","H1","HS","true","0707","Cucumbers and gherkins; fresh or chilled","4","false","C00","TOTAL CPC","0","0","TOTAL MOT","8","kg","20554","false","-1","N/A",,"false","20554","false",,"false",,"21040","21040","0","false","false",
"C","A","19990101","1999","52","1999","604","PER","Peru","X","Export","0","W00","World","0","W00","World","H1","HS","true","0708","Leguminous vegetables; shelled or unshelled, fresh or chilled","4","false","C00","TOTAL CPC","0","0","TOTAL MOT","8","kg","1065222","false","-1","N/A",,"false","1065222","false",,"false",,"1868147","1868147","0","false","false",
"C","A","19990101","1999","52","1999","604","PER","Peru","X","Export","0","W00","World","0","W00","World","H1","HS","true","0709","Vegetables, n.e.s. in chapter 07; fresh or chilled","4","false","C00","TOTAL CPC","0","0","TOTAL MOT","8","kg","27035786","false","-1","N/A",,"false","27035786","false",,"false",,"47287908","47287908","0","false","false",
"C","A","19990101","1999","52","1999","604","PER","Peru","X","Export","0","W00","World","0","W00","World","H1","HS","true","0712","Vegetables, dried; whole, cut, sliced, broken or in powder, but not further prepared","4","false","C00","TOTAL CPC","0","0","TOTAL MOT","8","kg","553260","false","-1","N/A",,"false","553260","false",,"false",,"8270326","8270326","0","false","false",
"C","A","20000101","2000","52","2000","76","BRA","Brazil","X","Export","0","W00","World","0","W00","World","H1","HS","true","0701","Potatoes; fresh or chilled","4","false","C00","TOTAL CPC","0","0","TOTAL MOT","8","kg","26056","false","8","kg","26056","false","130000","false","0","false",,"10937","10937","0","false","true",
"C","A","20000101","2000","52","2000","76","BRA","Brazil","X","Export","0","W00","World","0","W00","World","H1","HS","true","0702","Tomatoes; fresh or chilled","4","false","C00","TOTAL CPC","0","0","TOTAL MOT","8","kg","11559850","false","8","kg","9673604","false","21474664","false","0","false",,"5167412","5167412","0","false","true",
"C","A","20000101","2000","52","2000","76","BRA","Brazil","X","Export","0","W00","World","0","W00","World","H1","HS","true","0703","Onions, shallots, garlic, leeks and other alliaceous vegetables; fresh or chilled","4","false","C00","TOTAL CPC","0","0","TOTAL MOT","8","kg","3710802","false","8","kg","3710802","false","9886005","false","0","false",,"1448498","1448498","0","false","true",
"C","A","20000101","2000","52","2000","76","BRA","Brazil","X","Export","0","W00","World","0","W00","World","H1","HS","true","0704","Cabbages, cauliflowers, kohlrabi, kale and similar edible brassicas; fresh or chilled","4","false","C00","TOTAL CPC","0","0","TOTAL MOT","8","kg","62931","false","8","kg","62931","false","105570","false","0","false",,"15965","15965","0","false","true",
"C","A","20000101","2000","52","2000","76","BRA","Brazil","X","Export","0","W00","World","0","W00","World","H1","HS","true","0705","Lettuce (lactuca sativa) and chicory (cichorium spp.) fresh or chilled","4","false","C00","TOTAL CPC","0","0","TOTAL MOT","8","kg","125671","false","8","kg","115935","false","134368","false","0","false",,"41880","41880","0","false","true",
"C","A","20000101","2000","52","2000","76","BRA","Brazil","X","Export","0","W00","World","0","W00","World","H1","HS","true","0706","Carrots, turnips, salad beetroot, salsify, celeriac, radishes and similar edible roots; fresh or chilled","4","false","C00","TOTAL CPC","0","0","TOTAL MOT","8","kg","846389","false","8","kg","846389","false","1019709","false","0","false",,"216020","216020","0","false","true",
"C","A","20000101","2000","52","2000","76","BRA","Brazil","X","Export","0","W00","World","0","W00","World","H1","HS","true","0707","Cucumbers and gherkins; fresh or chilled","4","false","C00","TOTAL CPC","0","0","TOTAL MOT","8","kg","325240","false","8","kg","317248","false","337388","false","0","false",,"84794","84794","0","false","true",
"C","A","20000101","2000","52","2000","76","BRA","Brazil","X","Export","0","W00","World","0","W00","World","H1","HS","true","0708","Leguminous vegetables; shelled or unshelled, fresh or chilled","4","false","C00","TOTAL CPC","0","0","TOTAL MOT","8","kg","44343","false","8","kg","44343","false","44783","false","0","false",,"8774","8774","0","false","true",
"C","A","20000101","2000","52","2000","76","BRA","Brazil","X","Export","0","W00","World","0","W00","World","H1","HS","true","0709","Vegetables, n.e.s. in chapter 07; fresh or chilled","4","false","C00","TOTAL CPC","0","0","TOTAL MOT","8","kg","27677220","false","8","kg","25590211","false","35992604","false","0","false",,"5161593","5161593","0","false","true",
"C","A","20000101","2000","52","2000","76","BRA","Brazil","X","Export","0","W00","World","0","W00","World","H1","HS","true","0712","Vegetables, dried; whole, cut, sliced, broken or in powder, but not further prepared","4","false","C00","TOTAL CPC","0","0","TOTAL MOT","8","kg","192653","false","8","kg","191153","false","1239765","false","0","false",,"3975204","3975204","0","false","true",
"C","A","20000101","2000","52","2000","152","CHL","Chile","X","Export","0","W00","World","0","W00","World","H1","HS","true","0701","Potatoes; fresh or chilled","4","false","C00","TOTAL CPC","0","0","TOTAL MOT","8","kg","3525352","false","-1","N/A",,"false","3525352","false",,"false",,"710930","710930","0","false","false",
"C","A","20000101","2000","52","2000","170","COL","Colombia","X","Export","0","W00","World","0","W00","World","H1","HS","true","0701","Potatoes; fresh or chilled","4","false","C00","TOTAL CPC","0","0","TOTAL MOT","8","kg","42409623","false","-1","N/A",,"false","42409623","false",,"false",,"13734467","13734467","0","false","false",
"C","A","20000101","2000","52","2000","152","CHL","Chile","X","Export","0","W00","World","0","W00","World","H1","HS","true","0702","Tomatoes; fresh or chilled","4","false","C00","TOTAL CPC","0","0","TOTAL MOT","8","kg","6011437","false","-1","N/A",,"false","6011437","false",,"false",,"3832540","3832540","0","false","false",
"C","A","20000101","2000","52","2000","170","COL","Colombia","X","Export","0","W00","World","0","W00","World","H1","HS","true","0702","Tomatoes; fresh or chilled","4","false","C00","TOTAL CPC","0","0","TOTAL MOT","8","kg","4769539","false","-1","N/A",,"false","4769539","false",,"false",,"1058420","1058420","0","false","false",
"C","A","20000101","2000","52","2000","152","CHL","Chile","X","Export","0","W00","World","0","W00","World","H1","HS","true","0703","Onions, shallots, garlic, leeks and other alliaceous vegetables; fresh or chilled","4","false","C00","TOTAL CPC","0","0","TOTAL MOT","8","kg","39736231","false","-1","N/A",,"false","39736231","false",,"false",,"17090071","17090071","0","false","false",
"C","A","20000101","2000","52","2000","170","COL","Colombia","X","Export","0","W00","World","0","W00","World","H1","HS","true","0703","Onions, shallots, garlic, leeks and other alliaceous vegetables; fresh or chilled","4","false","C00","TOTAL CPC","0","0","TOTAL MOT","8","kg","20890757","false","-1","N/A",,"false","20890757","false",,"false",,"7358210","7358210","0","false","false",
"C","A","20000101","2000","52","2000","152","CHL","Chile","X","Export","0","W00","World","0","W00","World","H1","HS","true","0704","Cabbages, cauliflowers, kohlrabi, kale and similar edible brassicas; fresh or chilled","4","false","C00","TOTAL CPC","0","0","TOTAL MOT","8","kg","223403","false","-1","N/A",,"false","223403","false",,"false",,"358412","358412","0","false","false",
"C","A","20000101","2000","52","2000","170","COL","Colombia","X","Export","0","W00","World","0","W00","World","H1","HS","true","0704","Cabbages, cauliflowers, kohlrabi, kale and similar edible brassicas; fresh or chilled","4","false","C00","TOTAL CPC","0","0","TOTAL MOT","8","kg","4652","false","-1","N/A",,"false","4652","false",,"false",,"5268","5268","0","false","false",
"C","A","20000101","2000","52","2000","152","CHL","Chile","X","Export","0","W00","World","0","W00","World","H1","HS","true","0705","Lettuce (lactuca sativa) and chicory (cichorium spp.) fresh or chilled","4","false","C00","TOTAL CPC","0","0","TOTAL MOT","8","kg","2454437","false","-1","N/A",,"false","2454437","false",,"false",,"4308306","4308306","0","false","false",
"C","A","20000101","2000","52","2000","170","COL","Colombia","X","Export","0","W00","World","0","W00","World","H1","HS","true","0705","Lettuce (lactuca sativa) and chicory (cichorium spp.) fresh or chilled","4","false","C00","TOTAL CPC","0","0","TOTAL MOT","8","kg","437817","false","-1","N/A",,"false","437817","false",,"false",,"283276","283276","0","false","false",
"C","A","20000101","2000","52","2000","152","CHL","Chile","X","Export","0","W00","World","0","W00","World","H1","HS","true","0706","Carrots, turnips, salad beetroot, salsify, celeriac, radishes and similar edible roots; fresh or chilled","4","false","C00","TOTAL CPC","0","0","TOTAL MOT","8","kg","185047","false","-1","N/A",,"false","185047","false",,"false",,"101897","101897","0","false","false",
"C","A","20000101","2000","52","2000","170","COL","Colombia","X","Export","0","W00","World","0","W00","World","H1","HS","true","0706","Carrots, turnips, salad beetroot, salsify, celeriac, radishes and similar edible roots; fresh or chilled","4","false","C00","TOTAL CPC","0","0","TOTAL MOT","8","kg","601719","false","-1","N/A",,"false","601719","false",,"false",,"150619","150619","0","false","false",
"C","A","20000101","2000","52","2000","152","CHL","Chile","X","Export","0","W00","World","0","W00","World","H1","HS","true","0707","Cucumbers and gherkins; fresh or chilled","4","false","C00","TOTAL CPC","0","0","TOTAL MOT","8","kg","42752","false","-1","N/A",,"false","42752","false",,"false",,"87347","87347","0","false","false",
"C","A","20000101","2000","52","2000","170","COL","Colombia","X","Export","0","W00","World","0","W00","World","H1","HS","true","0707","Cucumbers and gherkins; fresh or chilled","4","false","C00","TOTAL CPC","0","0","TOTAL MOT","8","kg","3462","false","-1","N/A",,"false","3462","false",,"false",,"9713","9713","0","false","false",
"C","A","20000101","2000","52","2000","152","CHL","Chile","X","Export","0","W00","World","0","W00","World","H1","HS","true","0708","Leguminous vegetables; shelled or unshelled, fresh or chilled","4","false","C00","TOTAL CPC","0","0","TOTAL MOT","8","kg","10570","false","-1","N/A",,"false","10570","false",,"false",,"13435","13435","0","false","false",
"C","A","20000101","2000","52","2000","170","COL","Colombia","X","Export","0","W00","World","0","W00","World","H1","HS","true","0708","Leguminous vegetables; shelled or unshelled, fresh or chilled","4","false","C00","TOTAL CPC","0","0","TOTAL MOT","8","kg","10227","false","-1","N/A",,"false","10227","false",,"false",,"19824","19824","0","false","false",
"C","A","20000101","2000","52","2000","152","CHL","Chile","X","Export","0","W00","World","0","W00","World","H1","HS","true","0709","Vegetables, n.e.s. in chapter 07; fresh or chilled","4","false","C00","TOTAL CPC","0","0","TOTAL MOT","8","kg","6061452","false","-1","N/A",,"false","6061452","false",,"false",,"7809639","7809639","0","false","false",
"C","A","20000101","2000","52","2000","170","COL","Colombia","X","Export","0","W00","World","0","W00","World","H1","HS","true","0709","Vegetables, n.e.s. in chapter 07; fresh or chilled","4","false","C00","TOTAL CPC","0","0","TOTAL MOT","8","kg","1523191","false","-1","N/A",,"false","1523191","false",,"false",,"2707140","2707140","0","false","false",
"C","A","20000101","2000","52","2000","152","CHL","Chile","X","Export","0","W00","World","0","W00","World","H1","HS","true","0712","Vegetables, dried; whole, cut, sliced, broken or in powder, but not further prepared","4","false","C00","TOTAL CPC","0","0","TOTAL MOT","8","kg","2037812","true","-1","N/A",,"false","2037812","true",,"false",,"9653459","9653459","6","false","false",
"C","A","20000101","2000","52","2000","170","COL","Colombia","X","Export","0","W00","World","0","W00","World","H1","HS","true","0712","Vegetables, dried; whole, cut, sliced, broken or in powder, but not further prepared","4","false","C00","TOTAL CPC","0","0","TOTAL MOT","8","kg","4342","false","-1","N/A",,"false","4342","false",,"false",,"39405","39405","0","false","false",
